{"type": "FeatureCollection", "features": [{"id": "0", "type": "Feature", "properties": {"zone_id": 1, "lead_time": "< 30 mins (Flash Critical)", "color": "#ef4444"}, "geometry": {"type": "Polygon", "coordinates": [[[86.57772222222222, 25.085], [86.57772222222222, 25.084722222222222], [86.57744444444445, 25.084722222222222], [86.57744444444445, 25.084444444444447], [86.57716666666667, 25.084444444444447], [86.57716666666667, 25.08416666666667], [86.57688888888889, 25.08416666666667], [86.57688888888889, 25.08388888888889], [86.57661111111112, 25.08388888888889], [86.57661111111112, 25.08361111111111], [86.57633333333334, 25.08361111111111], [86.57633333333334, 25.083333333333336], [86.57605555555556, 25.083333333333336], [86.57605555555556, 25.083055555555557], [86.57577777777777, 25.083055555555557], [86.57577777777777, 25.08277777777778], [86.5755, 25.08277777777778], [86.5755, 25.0825], [86.57522222222222, 25.0825], [86.57522222222222, 25.082222222222224], [86.57494444444444, 25.082222222222224], [86.57494444444444, 25.081944444444446], [86.57466666666667, 25.081944444444446], [86.57466666666667, 25.081666666666667], [86.57438888888889, 25.081666666666667], [86.57438888888889, 25.08138888888889], [86.57411111111111, 25.08138888888889], [86.57411111111111, 25.081111111111113], [86.57383333333334, 25.081111111111113], [86.57383333333334, 25.080833333333334], [86.57355555555556, 25.080833333333334], [86.57355555555556, 25.080555555555556], [86.57327777777778, 25.080555555555556], [86.57327777777778, 25.080277777777777], [86.57300000000001, 25.080277777777777], [86.57300000000001, 25.080000000000002], [86.57272222222223, 25.080000000000002], [86.57272222222223, 25.079722222222223], [86.57244444444444, 25.079722222222223], [86.57244444444444, 25.079444444444444], [86.57216666666667, 25.079444444444444], [86.57216666666667, 25.07916666666667], [86.57188888888889, 25.07916666666667], [86.57188888888889, 25.07888888888889], [86.57161111111111, 25.07888888888889], [86.57161111111111, 25.078611111111112], [86.57133333333334, 25.078611111111112], [86.57133333333334, 25.078333333333333], [86.57105555555556, 25.078333333333333], [86.57105555555556, 25.078055555555558], [86.57077777777778, 25.078055555555558], [86.57077777777778, 25.07777777777778], [86.5705, 25.07777777777778], [86.5705, 25.0775], [86.57022222222223, 25.0775], [86.57022222222223, 25.077222222222222], [86.56994444444445, 25.077222222222222], [86.56994444444445, 25.076944444444447], [86.56966666666666, 25.076944444444447], [86.56966666666666, 25.076666666666668], [86.5693888888889, 25.076666666666668], [86.5693888888889, 25.07638888888889], [86.56911111111111, 25.07638888888889], [86.56911111111111, 25.07611111111111], [86.56883333333333, 25.07611111111111], [86.56883333333333, 25.075833333333335], [86.56855555555556, 25.075833333333335], [86.56855555555556, 25.075555555555557], [86.56827777777778, 25.075555555555557], [86.56827777777778, 25.075277777777778], [86.568, 25.075277777777778], [86.568, 25.075], [86.56772222222223, 25.075], [86.56772222222223, 25.074722222222224], [86.56744444444445, 25.074722222222224], [86.56744444444445, 25.074444444444445], [86.56716666666667, 25.074444444444445], [86.56716666666667, 25.074166666666667], [86.5668888888889, 25.074166666666667], [86.5668888888889, 25.073888888888888], [86.56661111111111, 25.073888888888888], [86.56661111111111, 25.073611111111113], [86.56633333333333, 25.073611111111113], [86.56633333333333, 25.073333333333334], [86.56605555555556, 25.073333333333334], [86.56605555555556, 25.073055555555555], [86.56577777777778, 25.073055555555555], [86.56577777777778, 25.07277777777778], [86.5655, 25.07277777777778], [86.5655, 25.0725], [86.56522222222222, 25.0725], [86.56522222222222, 25.072222222222223], [86.56494444444445, 25.072222222222223], [86.56494444444445, 25.071944444444444], [86.56466666666667, 25.071944444444444], [86.56466666666667, 25.07166666666667], [86.56438888888889, 25.07166666666667], [86.56438888888889, 25.07138888888889], [86.56411111111112, 25.07138888888889], [86.56411111111112, 25.07111111111111], [86.56383333333333, 25.07111111111111], [86.56383333333333, 25.070833333333333], [86.56355555555555, 25.070833333333333], [86.56355555555555, 25.070555555555558], [86.56327777777778, 25.070555555555558], [86.56327777777778, 25.07027777777778], [86.563, 25.07027777777778], [86.563, 25.07], [86.56272222222222, 25.07], [86.56272222222222, 25.06972222222222], [86.56244444444445, 25.06972222222222], [86.56244444444445, 25.069444444444446], [86.56216666666667, 25.069444444444446], [86.56216666666667, 25.069166666666668], [86.56188888888889, 25.069166666666668], [86.56188888888889, 25.06888888888889], [86.56161111111112, 25.06888888888889], [86.56161111111112, 25.06861111111111], [86.56133333333334, 25.06861111111111], [86.56133333333334, 25.068333333333335], [86.56105555555555, 25.068333333333335], [86.56105555555555, 25.068055555555556], [86.56077777777779, 25.068055555555556], [86.56077777777779, 25.067777777777778], [86.5605, 25.067777777777778], [86.5605, 25.067500000000003], [86.56022222222222, 25.067500000000003], [86.56022222222222, 25.067222222222224], [86.55994444444444, 25.067222222222224], [86.55994444444444, 25.066944444444445], [86.55966666666667, 25.066944444444445], [86.55966666666667, 25.066666666666666], [86.55938888888889, 25.066666666666666], [86.55938888888889, 25.06638888888889], [86.55911111111111, 25.06638888888889], [86.55911111111111, 25.066111111111113], [86.55883333333334, 25.066111111111113], [86.55883333333334, 25.065833333333334], [86.55855555555556, 25.065833333333334], [86.55855555555556, 25.065555555555555], [86.55827777777777, 25.065555555555555], [86.55827777777777, 25.06527777777778], [86.558, 25.06527777777778], [86.558, 25.065], [86.55772222222222, 25.065], [86.55772222222222, 25.064722222222223], [86.55744444444444, 25.064722222222223], [86.55744444444444, 25.064444444444444], [86.55716666666667, 25.064444444444444], [86.55716666666667, 25.06416666666667], [86.55688888888889, 25.06416666666667], [86.55688888888889, 25.06388888888889], [86.55661111111111, 25.06388888888889], [86.55661111111111, 25.06361111111111], [86.55633333333334, 25.06361111111111], [86.55633333333334, 25.063333333333333], [86.55605555555556, 25.063333333333333], [86.55605555555556, 25.063055555555557], [86.55577777777778, 25.063055555555557], [86.55577777777778, 25.06277777777778], [86.55550000000001, 25.06277777777778], [86.55550000000001, 25.0625], [86.55522222222223, 25.0625], [86.55522222222223, 25.062222222222225], [86.55494444444444, 25.062222222222225], [86.55494444444444, 25.061944444444446], [86.55466666666666, 25.061944444444446], [86.55466666666666, 25.061666666666667], [86.5543888888889, 25.061666666666667], [86.5543888888889, 25.06138888888889], [86.55411111111111, 25.06138888888889], [86.55411111111111, 25.061111111111114], [86.55383333333333, 25.061111111111114], [86.55383333333333, 25.060833333333335], [86.55355555555556, 25.060833333333335], [86.55355555555556, 25.060555555555556], [86.55327777777778, 25.060555555555556], [86.55327777777778, 25.060277777777777], [86.553, 25.060277777777777], [86.553, 25.060000000000002], [86.55272222222223, 25.060000000000002], [86.55272222222223, 25.059722222222224], [86.55244444444445, 25.059722222222224], [86.55244444444445, 25.059444444444445], [86.55216666666666, 25.059444444444445], [86.55216666666666, 25.059166666666666], [86.5518888888889, 25.059166666666666], [86.5518888888889, 25.05888888888889], [86.55161111111111, 25.05888888888889], [86.55161111111111, 25.058611111111112], [86.55133333333333, 25.058611111111112], [86.55133333333333, 25.058333333333334], [86.55105555555556, 25.058333333333334], [86.55105555555556, 25.058055555555555], [86.55077777777778, 25.058055555555555], [86.55077777777778, 25.05777777777778], [86.5505, 25.05777777777778], [86.5505, 25.0575], [86.55022222222223, 25.0575], [86.55022222222223, 25.057222222222222], [86.54994444444445, 25.057222222222222], [86.54994444444445, 25.056944444444444], [86.54966666666667, 25.056944444444444], [86.54966666666667, 25.05666666666667], [86.54938888888888, 25.05666666666667], [86.54938888888888, 25.05638888888889], [86.54911111111112, 25.05638888888889], [86.54911111111112, 25.05611111111111], [86.54883333333333, 25.05611111111111], [86.54883333333333, 25.055833333333336], [86.54855555555555, 25.055833333333336], [86.54855555555555, 25.055555555555557], [86.54827777777778, 25.055555555555557], [86.54827777777778, 25.05527777777778], [86.548, 25.05527777777778], [86.548, 25.055], [86.54772222222222, 25.055], [86.54772222222222, 25.054722222222225], [86.54744444444445, 25.054722222222225], [86.54744444444445, 25.054444444444446], [86.54716666666667, 25.054444444444446], [86.54716666666667, 25.054166666666667], [86.54688888888889, 25.054166666666667], [86.54688888888889, 25.05388888888889], [86.54661111111112, 25.05388888888889], [86.54661111111112, 25.053611111111113], [86.54633333333334, 25.053611111111113], [86.54633333333334, 25.053333333333335], [86.54605555555555, 25.053333333333335], [86.54605555555555, 25.053055555555556], [86.54577777777779, 25.053055555555556], [86.54577777777779, 25.052777777777777], [86.5455, 25.052777777777777], [86.5455, 25.052500000000002], [86.54522222222222, 25.052500000000002], [86.54522222222222, 25.052222222222223], [86.54494444444445, 25.052222222222223], [86.54494444444445, 25.051944444444445], [86.54466666666667, 25.051944444444445], [86.54466666666667, 25.051666666666666], [86.54438888888889, 25.051666666666666], [86.54438888888889, 25.05138888888889], [86.5441111111111, 25.05138888888889], [86.5441111111111, 25.051111111111112], [86.54383333333334, 25.051111111111112], [86.54383333333334, 25.050833333333333], [86.54355555555556, 25.050833333333333], [86.54355555555556, 25.050555555555558], [86.54327777777777, 25.050555555555558], [86.54327777777777, 25.05027777777778], [86.543, 25.05027777777778], [86.543, 25.05], [86.54272222222222, 25.05], [86.54272222222222, 25.049722222222222], [86.54244444444444, 25.049722222222222], [86.54244444444444, 25.049444444444447], [86.54216666666667, 25.049444444444447], [86.54216666666667, 25.049166666666668], [86.54188888888889, 25.049166666666668], [86.54188888888889, 25.04888888888889], [86.54161111111111, 25.04888888888889], [86.54161111111111, 25.04861111111111], [86.54133333333334, 25.04861111111111], [86.54133333333334, 25.048333333333336], [86.54105555555556, 25.048333333333336], [86.54105555555556, 25.048055555555557], [86.54077777777778, 25.048055555555557], [86.54077777777778, 25.047777777777778], [86.54050000000001, 25.047777777777778], [86.54050000000001, 25.0475], [86.54022222222223, 25.0475], [86.54022222222223, 25.047222222222224], [86.53994444444444, 25.047222222222224], [86.53994444444444, 25.046944444444446], [86.53966666666668, 25.046944444444446], [86.53966666666668, 25.046666666666667], [86.5393888888889, 25.046666666666667], [86.5393888888889, 25.046388888888888], [86.53911111111111, 25.046388888888888], [86.53911111111111, 25.046111111111113], [86.53883333333333, 25.046111111111113], [86.53883333333333, 25.045833333333334], [86.53855555555556, 25.045833333333334], [86.53855555555556, 25.045555555555556], [86.53827777777778, 25.045555555555556], [86.53827777777778, 25.045277777777777], [86.538, 25.045277777777777], [86.538, 25.045], [86.53772222222223, 25.045], [86.53772222222223, 25.044722222222223], [86.53744444444445, 25.044722222222223], [86.53744444444445, 25.044444444444444], [86.53716666666666, 25.044444444444444], [86.53716666666666, 25.04416666666667], [86.5368888888889, 25.04416666666667], [86.5368888888889, 25.04388888888889], [86.53661111111111, 25.04388888888889], [86.53661111111111, 25.04361111111111], [86.53633333333333, 25.04361111111111], [86.53633333333333, 25.043333333333333], [86.53605555555556, 25.043333333333333], [86.53605555555556, 25.043055555555558], [86.53577777777778, 25.043055555555558], [86.53577777777778, 25.04277777777778], [86.5355, 25.04277777777778], [86.5355, 25.0425], [86.53522222222223, 25.0425], [86.53522222222223, 25.04222222222222], [86.53494444444445, 25.04222222222222], [86.53494444444445, 25.041944444444447], [86.53466666666667, 25.041944444444447], [86.53466666666667, 25.041666666666668], [86.5343888888889, 25.041666666666668], [86.5343888888889, 25.04138888888889], [86.53411111111112, 25.04138888888889], [86.53411111111112, 25.04111111111111], [86.53383333333333, 25.04111111111111], [86.53383333333333, 25.040833333333335], [86.53355555555555, 25.040833333333335], [86.53355555555555, 25.040555555555557], [86.53327777777778, 25.040555555555557], [86.53327777777778, 25.040277777777778], [86.533, 25.040277777777778], [86.533, 25.04], [86.53272222222222, 25.04], [86.53272222222222, 25.039722222222224], [86.53244444444445, 25.039722222222224], [86.53244444444445, 25.039444444444445], [86.53216666666667, 25.039444444444445], [86.53216666666667, 25.039166666666667], [86.53188888888889, 25.039166666666667], [86.53188888888889, 25.03888888888889], [86.53161111111112, 25.03888888888889], [86.53161111111112, 25.038611111111113], [86.53133333333334, 25.038611111111113], [86.53133333333334, 25.038333333333334], [86.53105555555555, 25.038333333333334], [86.53105555555555, 25.038055555555555], [86.53077777777779, 25.038055555555555], [86.53077777777779, 25.03777777777778], [86.5305, 25.03777777777778], [86.5305, 25.0375], [86.53022222222222, 25.0375], [86.53022222222222, 25.037222222222223], [86.52994444444445, 25.037222222222223], [86.52994444444445, 25.036944444444444], [86.52966666666667, 25.036944444444444], [86.52966666666667, 25.03666666666667], [86.52938888888889, 25.03666666666667], [86.52938888888889, 25.03638888888889], [86.5291111111111, 25.03638888888889], [86.5291111111111, 25.03611111111111], [86.52883333333334, 25.03611111111111], [86.52883333333334, 25.035833333333333], [86.52855555555556, 25.035833333333333], [86.52855555555556, 25.035555555555558], [86.52827777777777, 25.035555555555558], [86.52827777777777, 25.03527777777778], [86.528, 25.03527777777778], [86.528, 25.035], [86.52772222222222, 25.035], [86.52772222222222, 25.03472222222222], [86.52744444444444, 25.03472222222222], [86.52744444444444, 25.034444444444446], [86.52716666666667, 25.034444444444446], [86.52716666666667, 25.034166666666668], [86.52688888888889, 25.034166666666668], [86.52688888888889, 25.03388888888889], [86.52661111111111, 25.03388888888889], [86.52661111111111, 25.033611111111114], [86.52633333333334, 25.033611111111114], [86.52633333333334, 25.033333333333335], [86.52605555555556, 25.033333333333335], [86.52605555555556, 25.033055555555556], [86.52577777777778, 25.033055555555556], [86.52577777777778, 25.032777777777778], [86.52550000000001, 25.032777777777778], [86.52550000000001, 25.032500000000002], [86.52522222222223, 25.032500000000002], [86.52522222222223, 25.032222222222224], [86.52494444444444, 25.032222222222224], [86.52494444444444, 25.031944444444445], [86.52466666666668, 25.031944444444445], [86.52466666666668, 25.031666666666666], [86.5243888888889, 25.031666666666666], [86.5243888888889, 25.03138888888889], [86.52411111111111, 25.03138888888889], [86.52411111111111, 25.031111111111112], [86.52383333333333, 25.031111111111112], [86.52383333333333, 25.030833333333334], [86.52355555555556, 25.030833333333334], [86.52355555555556, 25.030555555555555], [86.52327777777778, 25.030555555555555], [86.52327777777778, 25.03027777777778], [86.523, 25.03027777777778], [86.523, 25.03], [86.52272222222223, 25.03], [86.52272222222223, 25.029722222222222], [86.52244444444445, 25.029722222222222], [86.52244444444445, 25.029444444444444], [86.52216666666666, 25.029444444444444], [86.52216666666666, 25.02916666666667], [86.5218888888889, 25.02916666666667], [86.5218888888889, 25.02888888888889], [86.52161111111111, 25.02888888888889], [86.52161111111111, 25.02861111111111], [86.52133333333333, 25.02861111111111], [86.52133333333333, 25.028333333333332], [86.52105555555556, 25.028333333333332], [86.52105555555556, 25.028055555555557], [86.52077777777778, 25.028055555555557], [86.52077777777778, 25.02777777777778], [86.5205, 25.02777777777778], [86.5205, 25.0275], [86.52022222222223, 25.0275], [86.52022222222223, 25.027222222222225], [86.51994444444445, 25.027222222222225], [86.51994444444445, 25.026944444444446], [86.51966666666667, 25.026944444444446], [86.51966666666667, 25.026666666666667], [86.5193888888889, 25.026666666666667], [86.5193888888889, 25.02638888888889], [86.51911111111112, 25.02638888888889], [86.51911111111112, 25.026111111111113], [86.51883333333333, 25.026111111111113], [86.51883333333333, 25.025833333333335], [86.51855555555555, 25.025833333333335], [86.51855555555555, 25.025555555555556], [86.51827777777778, 25.025555555555556], [86.51827777777778, 25.025277777777777], [86.518, 25.025277777777777], [86.518, 25.025000000000002], [86.51772222222222, 25.025000000000002], [86.51772222222222, 25.024722222222223], [86.51744444444445, 25.024722222222223], [86.51744444444445, 25.024444444444445], [86.51716666666667, 25.024444444444445], [86.51716666666667, 25.024166666666666], [86.51688888888889, 25.024166666666666], [86.51688888888889, 25.02388888888889], [86.51661111111112, 25.02388888888889], [86.51661111111112, 25.023611111111112], [86.51633333333334, 25.023611111111112], [86.51633333333334, 25.023333333333333], [86.51605555555555, 25.023333333333333], [86.51605555555555, 25.023055555555555], [86.51577777777779, 25.023055555555555], [86.51577777777779, 25.02277777777778], [86.5155, 25.02277777777778], [86.5155, 25.0225], [86.51522222222222, 25.0225], [86.51522222222222, 25.022222222222222], [86.51494444444445, 25.022222222222222], [86.51494444444445, 25.021944444444447], [86.51466666666667, 25.021944444444447], [86.51466666666667, 25.02166666666667], [86.51438888888889, 25.02166666666667], [86.51438888888889, 25.02138888888889], [86.51411111111112, 25.02138888888889], [86.51411111111112, 25.02111111111111], [86.51383333333334, 25.02111111111111], [86.51383333333334, 25.020833333333336], [86.51355555555556, 25.020833333333336], [86.51355555555556, 25.020555555555557], [86.51327777777777, 25.020555555555557], [86.51327777777777, 25.02027777777778], [86.513, 25.02027777777778], [86.513, 25.02], [86.51272222222222, 25.02], [86.51272222222222, 25.019722222222224], [86.51244444444444, 25.019722222222224], [86.51244444444444, 25.019444444444446], [86.51216666666667, 25.019444444444446], [86.51216666666667, 25.019166666666667], [86.51188888888889, 25.019166666666667], [86.51188888888889, 25.01888888888889], [86.51161111111111, 25.01888888888889], [86.51161111111111, 25.018611111111113], [86.51133333333334, 25.018611111111113], [86.51133333333334, 25.018333333333334], [86.51105555555556, 25.018333333333334], [86.51105555555556, 25.018055555555556], [86.51077777777778, 25.018055555555556], [86.51077777777778, 25.017777777777777], [86.51050000000001, 25.017777777777777], [86.51050000000001, 25.017500000000002], [86.51022222222223, 25.017500000000002], [86.51022222222223, 25.017222222222223], [86.50994444444444, 25.017222222222223], [86.50994444444444, 25.016944444444444], [86.50966666666667, 25.016944444444444], [86.50966666666667, 25.01666666666667], [86.50938888888889, 25.01666666666667], [86.50938888888889, 25.01638888888889], [86.50911111111111, 25.01638888888889], [86.50911111111111, 25.016111111111112], [86.50883333333334, 25.016111111111112], [86.50883333333334, 25.015833333333333], [86.50855555555556, 25.015833333333333], [86.50855555555556, 25.015555555555558], [86.50827777777778, 25.015555555555558], [86.50827777777778, 25.01527777777778], [86.508, 25.01527777777778], [86.508, 25.015], [86.50772222222223, 25.015], [86.50772222222223, 25.014722222222222], [86.50744444444445, 25.014722222222222], [86.50744444444445, 25.014444444444447], [86.50716666666666, 25.014444444444447], [86.50716666666666, 25.014166666666668], [86.5068888888889, 25.014166666666668], [86.5068888888889, 25.01388888888889], [86.50661111111111, 25.01388888888889], [86.50661111111111, 25.01361111111111], [86.50633333333333, 25.01361111111111], [86.50633333333333, 25.013333333333335], [86.50605555555556, 25.013333333333335], [86.50605555555556, 25.013055555555557], [86.50577777777778, 25.013055555555557], [86.50577777777778, 25.012777777777778], [86.5055, 25.012777777777778], [86.5055, 25.0125], [86.50522222222223, 25.0125], [86.50522222222223, 25.012222222222224], [86.50494444444445, 25.012222222222224], [86.50494444444445, 25.011944444444445], [86.50466666666667, 25.011944444444445], [86.50466666666667, 25.011666666666667], [86.5043888888889, 25.011666666666667], [86.5043888888889, 25.011388888888888], [86.50411111111111, 25.011388888888888], [86.50411111111111, 25.011111111111113], [86.50383333333333, 25.011111111111113], [86.50383333333333, 25.010833333333334], [86.50355555555556, 25.010833333333334], [86.50355555555556, 25.010555555555555], [86.50327777777778, 25.010555555555555], [86.50327777777778, 25.01027777777778], [86.503, 25.01027777777778], [86.503, 25.01], [86.50272222222222, 25.01], [86.50272222222222, 25.009722222222223], [86.50244444444445, 25.009722222222223], [86.50244444444445, 25.009444444444444], [86.50216666666667, 25.009444444444444], [86.50216666666667, 25.00916666666667], [86.50188888888889, 25.00916666666667], [86.50188888888889, 25.00888888888889], [86.50161111111112, 25.00888888888889], [86.50161111111112, 25.00861111111111], [86.50133333333333, 25.00861111111111], [86.50133333333333, 25.008333333333333], [86.50105555555555, 25.008333333333333], [86.50105555555555, 25.008055555555558], [86.50077777777778, 25.008055555555558], [86.50077777777778, 25.00777777777778], [86.5005, 25.00777777777778], [86.5005, 25.0075], [86.50022222222222, 25.0075], [86.50022222222222, 25.00722222222222], [86.49994444444445, 25.00722222222222], [86.49994444444445, 25.006944444444446], [86.49966666666667, 25.006944444444446], [86.49966666666667, 25.006666666666668], [86.49938888888889, 25.006666666666668], [86.49938888888889, 25.00638888888889], [86.49911111111112, 25.00638888888889], [86.49911111111112, 25.00611111111111], [86.49883333333334, 25.00611111111111], [86.49883333333334, 25.005833333333335], [86.49855555555555, 25.005833333333335], [86.49855555555555, 25.005555555555556], [86.49827777777779, 25.005555555555556], [86.49827777777779, 25.005277777777778], [86.498, 25.005277777777778], [86.498, 25.005000000000003], [86.49772222222222, 25.005000000000003], [86.49772222222222, 25.004722222222224], [86.49744444444444, 25.004722222222224], [86.49744444444444, 25.004444444444445], [86.49716666666667, 25.004444444444445], [86.49716666666667, 25.004166666666666], [86.49688888888889, 25.004166666666666], [86.49688888888889, 25.00388888888889], [86.49661111111111, 25.00388888888889], [86.49661111111111, 25.003611111111113], [86.49633333333334, 25.003611111111113], [86.49633333333334, 25.003333333333334], [86.49605555555556, 25.003333333333334], [86.49605555555556, 25.003055555555555], [86.49577777777777, 25.003055555555555], [86.49577777777777, 25.00277777777778], [86.4955, 25.00277777777778], [86.4955, 25.0025], [86.49522222222222, 25.0025], [86.49522222222222, 25.002222222222223], [86.49494444444444, 25.002222222222223], [86.49494444444444, 25.001944444444444], [86.49466666666667, 25.001944444444444], [86.49466666666667, 25.00166666666667], [86.49438888888889, 25.00166666666667], [86.49438888888889, 25.00138888888889], [86.49411111111111, 25.00138888888889], [86.49411111111111, 25.00111111111111], [86.49383333333334, 25.00111111111111], [86.49383333333334, 25.000833333333333], [86.49355555555556, 25.000833333333333], [86.49355555555556, 25.000555555555557], [86.49327777777778, 25.000555555555557], [86.49327777777778, 25.00027777777778], [86.49300000000001, 25.00027777777778], [86.49300000000001, 25.0], [86.49272222222223, 25.0], [86.49272222222223, 24.999722222222225], [86.49244444444444, 24.999722222222225], [86.49244444444444, 24.999444444444446], [86.49216666666666, 24.999444444444446], [86.49216666666666, 24.999166666666667], [86.4918888888889, 24.999166666666667], [86.4918888888889, 24.99888888888889], [86.49161111111111, 24.99888888888889], [86.49161111111111, 24.998611111111114], [86.49133333333333, 24.998611111111114], [86.49133333333333, 24.998333333333335], [86.49105555555556, 24.998333333333335], [86.49105555555556, 24.998055555555556], [86.49077777777778, 24.998055555555556], [86.49077777777778, 24.997777777777777], [86.4905, 24.997777777777777], [86.4905, 24.997500000000002], [86.49022222222223, 24.997500000000002], [86.49022222222223, 24.997222222222224], [86.48994444444445, 24.997222222222224], [86.48994444444445, 24.996944444444445], [86.48966666666666, 24.996944444444445], [86.48966666666666, 24.996666666666666], [86.4893888888889, 24.996666666666666], [86.4893888888889, 24.99638888888889], [86.48911111111111, 24.99638888888889], [86.48911111111111, 24.996111111111112], [86.48883333333333, 24.996111111111112], [86.48883333333333, 24.995833333333334], [86.48855555555556, 24.995833333333334], [86.48855555555556, 24.995555555555555], [86.48827777777778, 24.995555555555555], [86.48827777777778, 24.99527777777778], [86.488, 24.99527777777778], [86.488, 24.995], [86.48772222222223, 24.995], [86.48772222222223, 24.994722222222222], [86.48744444444445, 24.994722222222222], [86.48744444444445, 24.994444444444444], [86.48716666666667, 24.994444444444444], [86.48716666666667, 24.99416666666667], [86.48688888888888, 24.99416666666667], [86.48688888888888, 24.99388888888889], [86.48661111111112, 24.99388888888889], [86.48661111111112, 24.99361111111111], [86.48633333333333, 24.99361111111111], [86.48633333333333, 24.993333333333336], [86.48605555555555, 24.993333333333336], [86.48605555555555, 24.993055555555557], [86.48577777777778, 24.993055555555557], [86.48577777777778, 24.99277777777778], [86.4855, 24.99277777777778], [86.4855, 24.9925], [86.48522222222222, 24.9925], [86.48522222222222, 24.992222222222225], [86.48494444444445, 24.992222222222225], [86.48494444444445, 24.991944444444446], [86.48466666666667, 24.991944444444446], [86.48466666666667, 24.991666666666667], [86.48438888888889, 24.991666666666667], [86.48438888888889, 24.99138888888889], [86.48411111111112, 24.99138888888889], [86.48411111111112, 24.991111111111113], [86.48383333333334, 24.991111111111113], [86.48383333333334, 24.990833333333335], [86.48355555555555, 24.990833333333335], [86.48355555555555, 24.990555555555556], [86.48327777777779, 24.990555555555556], [86.48327777777779, 24.990277777777777], [86.483, 24.990277777777777], [86.483, 24.990000000000002], [86.48272222222222, 24.990000000000002], [86.48272222222222, 24.989722222222223], [86.48244444444445, 24.989722222222223], [86.48244444444445, 24.989444444444445], [86.48216666666667, 24.989444444444445], [86.48216666666667, 24.989166666666666], [86.48188888888889, 24.989166666666666], [86.48188888888889, 24.98888888888889], [86.4816111111111, 24.98888888888889], [86.4816111111111, 24.988611111111112], [86.48133333333334, 24.988611111111112], [86.48133333333334, 24.988333333333333], [86.48105555555556, 24.988333333333333], [86.48105555555556, 24.988055555555558], [86.48077777777777, 24.988055555555558], [86.48077777777777, 24.98777777777778], [86.48105555555556, 24.98777777777778], [86.48105555555556, 24.9875], [86.48133333333334, 24.9875], [86.48133333333334, 24.987222222222222], [86.4816111111111, 24.987222222222222], [86.4816111111111, 24.986944444444447], [86.48188888888889, 24.986944444444447], [86.48188888888889, 24.986666666666668], [86.48216666666667, 24.986666666666668], [86.48216666666667, 24.98638888888889], [86.48244444444445, 24.98638888888889], [86.48244444444445, 24.98611111111111], [86.48272222222222, 24.98611111111111], [86.48272222222222, 24.985833333333336], [86.483, 24.985833333333336], [86.483, 24.985555555555557], [86.48327777777779, 24.985555555555557], [86.48327777777779, 24.985277777777778], [86.48355555555555, 24.985277777777778], [86.48355555555555, 24.985], [86.48383333333334, 24.985], [86.48383333333334, 24.984722222222224], [86.48411111111112, 24.984722222222224], [86.48411111111112, 24.984444444444446], [86.48438888888889, 24.984444444444446], [86.48438888888889, 24.984166666666667], [86.48466666666667, 24.984166666666667], [86.48466666666667, 24.983888888888888], [86.48494444444445, 24.983888888888888], [86.48494444444445, 24.983611111111113], [86.48522222222222, 24.983611111111113], [86.48522222222222, 24.983333333333334], [86.4855, 24.983333333333334], [86.4855, 24.983055555555556], [86.48577777777778, 24.983055555555556], [86.48577777777778, 24.982777777777777], [86.48605555555555, 24.982777777777777], [86.48605555555555, 24.9825], [86.48633333333333, 24.9825], [86.48633333333333, 24.982222222222223], [86.48661111111112, 24.982222222222223], [86.48661111111112, 24.981944444444444], [86.48688888888888, 24.981944444444444], [86.48688888888888, 24.98166666666667], [86.48716666666667, 24.98166666666667], [86.48716666666667, 24.98138888888889], [86.48744444444445, 24.98138888888889], [86.48744444444445, 24.98111111111111], [86.48772222222223, 24.98111111111111], [86.48772222222223, 24.980833333333333], [86.488, 24.980833333333333], [86.488, 24.980555555555558], [86.48827777777778, 24.980555555555558], [86.48827777777778, 24.98027777777778], [86.48855555555556, 24.98027777777778], [86.48855555555556, 24.98], [86.48883333333333, 24.98], [86.48883333333333, 24.97972222222222], [86.48911111111111, 24.97972222222222], [86.48911111111111, 24.979444444444447], [86.4893888888889, 24.979444444444447], [86.4893888888889, 24.979166666666668], [86.48966666666666, 24.979166666666668], [86.48966666666666, 24.97888888888889], [86.48994444444445, 24.97888888888889], [86.48994444444445, 24.97861111111111], [86.49022222222223, 24.97861111111111], [86.49022222222223, 24.978333333333335], [86.4905, 24.978333333333335], [86.4905, 24.978055555555557], [86.49077777777778, 24.978055555555557], [86.49077777777778, 24.977777777777778], [86.49105555555556, 24.977777777777778], [86.49105555555556, 24.9775], [86.49133333333333, 24.9775], [86.49133333333333, 24.977222222222224], [86.49161111111111, 24.977222222222224], [86.49161111111111, 24.976944444444445], [86.4918888888889, 24.976944444444445], [86.4918888888889, 24.976666666666667], [86.49216666666666, 24.976666666666667], [86.49216666666666, 24.97638888888889], [86.49244444444444, 24.97638888888889], [86.49244444444444, 24.976111111111113], [86.49272222222223, 24.976111111111113], [86.49272222222223, 24.975833333333334], [86.49300000000001, 24.975833333333334], [86.49300000000001, 24.975555555555555], [86.49327777777778, 24.975555555555555], [86.49327777777778, 24.97527777777778], [86.49355555555556, 24.97527777777778], [86.49355555555556, 24.975], [86.49383333333334, 24.975], [86.49383333333334, 24.974722222222223], [86.49411111111111, 24.974722222222223], [86.49411111111111, 24.974444444444444], [86.49438888888889, 24.974444444444444], [86.49438888888889, 24.97416666666667], [86.49466666666667, 24.97416666666667], [86.49466666666667, 24.97388888888889], [86.49494444444444, 24.97388888888889], [86.49494444444444, 24.97361111111111], [86.49522222222222, 24.97361111111111], [86.49522222222222, 24.973333333333333], [86.4955, 24.973333333333333], [86.4955, 24.973055555555558], [86.49577777777777, 24.973055555555558], [86.49577777777777, 24.97277777777778], [86.49605555555556, 24.97277777777778], [86.49605555555556, 24.9725], [86.49633333333334, 24.9725], [86.49633333333334, 24.97222222222222], [86.49661111111111, 24.97222222222222], [86.49661111111111, 24.971944444444446], [86.49688888888889, 24.971944444444446], [86.49688888888889, 24.971666666666668], [86.49716666666667, 24.971666666666668], [86.49716666666667, 24.97138888888889], [86.49744444444444, 24.97138888888889], [86.49744444444444, 24.971111111111114], [86.49772222222222, 24.971111111111114], [86.49772222222222, 24.970833333333335], [86.498, 24.970833333333335], [86.498, 24.970555555555556], [86.49827777777779, 24.970555555555556], [86.49827777777779, 24.970277777777778], [86.49855555555555, 24.970277777777778], [86.49855555555555, 24.970000000000002], [86.49883333333334, 24.970000000000002], [86.49883333333334, 24.969722222222224], [86.49911111111112, 24.969722222222224], [86.49911111111112, 24.969444444444445], [86.49938888888889, 24.969444444444445], [86.49938888888889, 24.969166666666666], [86.49966666666667, 24.969166666666666], [86.49966666666667, 24.96888888888889], [86.49994444444445, 24.96888888888889], [86.49994444444445, 24.968611111111112], [86.50022222222222, 24.968611111111112], [86.50022222222222, 24.968333333333334], [86.5005, 24.968333333333334], [86.5005, 24.968055555555555], [86.50077777777778, 24.968055555555555], [86.50077777777778, 24.96777777777778], [86.50105555555555, 24.96777777777778], [86.50105555555555, 24.9675], [86.50133333333333, 24.9675], [86.50133333333333, 24.967222222222222], [86.50161111111112, 24.967222222222222], [86.50161111111112, 24.966944444444444], [86.50188888888889, 24.966944444444444], [86.50188888888889, 24.96666666666667], [86.50216666666667, 24.96666666666667], [86.50216666666667, 24.96638888888889], [86.50272222222222, 24.96638888888889], [86.50272222222222, 24.966944444444444], [86.503, 24.966944444444444], [86.503, 24.96777777777778], [86.50383333333333, 24.96777777777778], [86.50383333333333, 24.967222222222222], [86.50355555555556, 24.967222222222222], [86.50355555555556, 24.966944444444444], [86.50327777777778, 24.966944444444444], [86.50327777777778, 24.96638888888889], [86.50355555555556, 24.96638888888889], [86.50355555555556, 24.96611111111111], [86.50383333333333, 24.96611111111111], [86.50383333333333, 24.965833333333332], [86.5043888888889, 24.965833333333332], [86.5043888888889, 24.964444444444446], [86.50466666666667, 24.964444444444446], [86.50466666666667, 24.964722222222225], [86.50494444444445, 24.964722222222225], [86.50494444444445, 24.965], [86.50522222222223, 24.965], [86.50522222222223, 24.96527777777778], [86.5055, 24.96527777777778], [86.5055, 24.965833333333332], [86.50605555555556, 24.965833333333332], [86.50605555555556, 24.965555555555557], [86.50633333333333, 24.965555555555557], [86.50633333333333, 24.965833333333332], [86.5068888888889, 24.965833333333332], [86.5068888888889, 24.96666666666667], [86.50716666666666, 24.96666666666667], [86.50716666666666, 24.966944444444444], [86.50744444444445, 24.966944444444444], [86.50744444444445, 24.96638888888889], [86.50772222222223, 24.96638888888889], [86.50772222222223, 24.965555555555557], [86.50744444444445, 24.965555555555557], [86.50744444444445, 24.96527777777778], [86.5068888888889, 24.96527777777778], [86.5068888888889, 24.965], [86.50661111111111, 24.965], [86.50661111111111, 24.964722222222225], [86.50744444444445, 24.964722222222225], [86.50744444444445, 24.964444444444446], [86.508, 24.964444444444446], [86.508, 24.964722222222225], [86.50827777777778, 24.964722222222225], [86.50827777777778, 24.964444444444446], [86.50855555555556, 24.964444444444446], [86.50855555555556, 24.96388888888889], [86.50883333333334, 24.96388888888889], [86.50883333333334, 24.964166666666667], [86.50938888888889, 24.964166666666667], [86.50938888888889, 24.96527777777778], [86.50966666666667, 24.96527777777778], [86.50966666666667, 24.965555555555557], [86.50994444444444, 24.965555555555557], [86.50994444444444, 24.96527777777778], [86.51022222222223, 24.96527777777778], [86.51022222222223, 24.965555555555557], [86.51077777777778, 24.965555555555557], [86.51077777777778, 24.965833333333332], [86.51105555555556, 24.965833333333332], [86.51105555555556, 24.96611111111111], [86.51161111111111, 24.96611111111111], [86.51161111111111, 24.965555555555557], [86.51188888888889, 24.965555555555557], [86.51188888888889, 24.96527777777778], [86.51161111111111, 24.96527777777778], [86.51161111111111, 24.965], [86.51105555555556, 24.965], [86.51105555555556, 24.964722222222225], [86.51050000000001, 24.964722222222225], [86.51050000000001, 24.964444444444446], [86.51022222222223, 24.964444444444446], [86.51022222222223, 24.964166666666667], [86.51077777777778, 24.964166666666667], [86.51077777777778, 24.96388888888889], [86.51105555555556, 24.96388888888889], [86.51105555555556, 24.964166666666667], [86.51133333333334, 24.964166666666667], [86.51133333333334, 24.96388888888889], [86.51188888888889, 24.96388888888889], [86.51188888888889, 24.963611111111113], [86.51216666666667, 24.963611111111113], [86.51216666666667, 24.963333333333335], [86.51161111111111, 24.963333333333335], [86.51161111111111, 24.963055555555556], [86.51133333333334, 24.963055555555556], [86.51133333333334, 24.962777777777777], [86.50994444444444, 24.962777777777777], [86.50994444444444, 24.962500000000002], [86.51022222222223, 24.962500000000002], [86.51022222222223, 24.962222222222223], [86.51050000000001, 24.962222222222223], [86.51050000000001, 24.961944444444445], [86.51077777777778, 24.961944444444445], [86.51077777777778, 24.96138888888889], [86.51216666666667, 24.96138888888889], [86.51216666666667, 24.961666666666666], [86.51272222222222, 24.961666666666666], [86.51272222222222, 24.961111111111112], [86.51244444444444, 24.961111111111112], [86.51244444444444, 24.960555555555555], [86.51216666666667, 24.960555555555555], [86.51216666666667, 24.96027777777778], [86.51272222222222, 24.96027777777778], [86.51272222222222, 24.960555555555555], [86.513, 24.960555555555555], [86.513, 24.960833333333333], [86.51383333333334, 24.960833333333333], [86.51383333333334, 24.961666666666666], [86.51438888888889, 24.961666666666666], [86.51438888888889, 24.962500000000002], [86.51466666666667, 24.962500000000002], [86.51466666666667, 24.961944444444445], [86.51494444444445, 24.961944444444445], [86.51494444444445, 24.961111111111112], [86.51522222222222, 24.961111111111112], [86.51522222222222, 24.960555555555555], [86.5155, 24.960555555555555], [86.5155, 24.961111111111112], [86.51605555555555, 24.961111111111112], [86.51605555555555, 24.961944444444445], [86.51633333333334, 24.961944444444445], [86.51633333333334, 24.962222222222223], [86.51661111111112, 24.962222222222223], [86.51661111111112, 24.962777777777777], [86.51633333333334, 24.962777777777777], [86.51633333333334, 24.963611111111113], [86.51716666666667, 24.963611111111113], [86.51716666666667, 24.96388888888889], [86.51744444444445, 24.96388888888889], [86.51744444444445, 24.964166666666667], [86.51772222222222, 24.964166666666667], [86.51772222222222, 24.964722222222225], [86.51827777777778, 24.964722222222225], [86.51827777777778, 24.965], [86.51911111111112, 24.965], [86.51911111111112, 24.964722222222225], [86.5193888888889, 24.964722222222225], [86.5193888888889, 24.964166666666667], [86.52022222222223, 24.964166666666667], [86.52022222222223, 24.96388888888889], [86.5205, 24.96388888888889], [86.5205, 24.963611111111113], [86.52077777777778, 24.963611111111113], [86.52077777777778, 24.963333333333335], [86.52105555555556, 24.963333333333335], [86.52105555555556, 24.962777777777777], [86.52133333333333, 24.962777777777777], [86.52133333333333, 24.962222222222223], [86.52105555555556, 24.962222222222223], [86.52105555555556, 24.961944444444445], [86.5218888888889, 24.961944444444445], [86.5218888888889, 24.962222222222223], [86.52216666666666, 24.962222222222223], [86.52216666666666, 24.962500000000002], [86.5218888888889, 24.962500000000002], [86.5218888888889, 24.962777777777777], [86.52161111111111, 24.962777777777777], [86.52161111111111, 24.963055555555556], [86.5218888888889, 24.963055555555556], [86.5218888888889, 24.963333333333335], [86.52161111111111, 24.963333333333335], [86.52161111111111, 24.964166666666667], [86.5218888888889, 24.964166666666667], [86.5218888888889, 24.964444444444446], [86.52161111111111, 24.964444444444446], [86.52161111111111, 24.964722222222225], [86.52105555555556, 24.964722222222225], [86.52105555555556, 24.965555555555557], [86.5218888888889, 24.965555555555557], [86.5218888888889, 24.965833333333332], [86.523, 24.965833333333332], [86.523, 24.965555555555557], [86.52355555555556, 24.965555555555557], [86.52355555555556, 24.96527777777778], [86.52383333333333, 24.96527777777778], [86.52383333333333, 24.964722222222225], [86.52466666666668, 24.964722222222225], [86.52466666666668, 24.964444444444446], [86.52494444444444, 24.964444444444446], [86.52494444444444, 24.963333333333335], [86.52522222222223, 24.963333333333335], [86.52522222222223, 24.963611111111113], [86.52550000000001, 24.963611111111113], [86.52550000000001, 24.96388888888889], [86.52577777777778, 24.96388888888889], [86.52577777777778, 24.964444444444446], [86.52633333333334, 24.964444444444446], [86.52633333333334, 24.964166666666667], [86.52661111111111, 24.964166666666667], [86.52661111111111, 24.963611111111113], [86.52688888888889, 24.963611111111113], [86.52688888888889, 24.962500000000002], [86.52772222222222, 24.962500000000002], [86.52772222222222, 24.962222222222223], [86.528, 24.962222222222223], [86.528, 24.96138888888889], [86.52772222222222, 24.96138888888889], [86.52772222222222, 24.960833333333333], [86.52716666666667, 24.960833333333333], [86.52716666666667, 24.96], [86.52688888888889, 24.96], [86.52688888888889, 24.95916666666667], [86.52716666666667, 24.95916666666667], [86.52716666666667, 24.959722222222222], [86.52744444444444, 24.959722222222222], [86.52744444444444, 24.96], [86.528, 24.96], [86.528, 24.96027777777778], [86.52938888888889, 24.96027777777778], [86.52938888888889, 24.960555555555555], [86.52966666666667, 24.960555555555555], [86.52966666666667, 24.96027777777778], [86.52994444444445, 24.96027777777778], [86.52994444444445, 24.96], [86.53022222222222, 24.96], [86.53022222222222, 24.959722222222222], [86.53077777777779, 24.959722222222222], [86.53077777777779, 24.960555555555555], [86.5305, 24.960555555555555], [86.5305, 24.960833333333333], [86.53077777777779, 24.960833333333333], [86.53077777777779, 24.961111111111112], [86.53105555555555, 24.961111111111112], [86.53105555555555, 24.961944444444445], [86.53077777777779, 24.961944444444445], [86.53077777777779, 24.962222222222223], [86.5305, 24.962222222222223], [86.5305, 24.963333333333335], [86.53216666666667, 24.963333333333335], [86.53216666666667, 24.96388888888889], [86.53133333333334, 24.96388888888889], [86.53133333333334, 24.964166666666667], [86.53105555555555, 24.964166666666667], [86.53105555555555, 24.96388888888889], [86.53077777777779, 24.96388888888889], [86.53077777777779, 24.964166666666667], [86.5305, 24.964166666666667], [86.5305, 24.964444444444446], [86.53022222222222, 24.964444444444446], [86.53022222222222, 24.965], [86.52994444444445, 24.965], [86.52994444444445, 24.96527777777778], [86.53022222222222, 24.96527777777778], [86.53022222222222, 24.965555555555557], [86.52994444444445, 24.965555555555557], [86.52994444444445, 24.965833333333332], [86.52966666666667, 24.965833333333332], [86.52966666666667, 24.96666666666667], [86.52938888888889, 24.96666666666667], [86.52938888888889, 24.966944444444444], [86.52966666666667, 24.966944444444444], [86.52966666666667, 24.967222222222222], [86.5305, 24.967222222222222], [86.5305, 24.9675], [86.53244444444445, 24.9675], [86.53244444444445, 24.967222222222222], [86.53272222222222, 24.967222222222222], [86.53272222222222, 24.9675], [86.533, 24.9675], [86.533, 24.96777777777778], [86.53327777777778, 24.96777777777778], [86.53327777777778, 24.968333333333334], [86.533, 24.968333333333334], [86.533, 24.968611111111112], [86.53272222222222, 24.968611111111112], [86.53272222222222, 24.96888888888889], [86.533, 24.96888888888889], [86.533, 24.969444444444445], [86.53327777777778, 24.969444444444445], [86.53327777777778, 24.969722222222224], [86.53355555555555, 24.969722222222224], [86.53355555555555, 24.970277777777778], [86.533, 24.970277777777778], [86.533, 24.970833333333335], [86.53327777777778, 24.970833333333335], [86.53327777777778, 24.97138888888889], [86.53244444444445, 24.97138888888889], [86.53244444444445, 24.971111111111114], [86.53161111111112, 24.971111111111114], [86.53161111111112, 24.970833333333335], [86.53133333333334, 24.970833333333335], [86.53133333333334, 24.971111111111114], [86.53105555555555, 24.971111111111114], [86.53105555555555, 24.971944444444446], [86.53133333333334, 24.971944444444446], [86.53133333333334, 24.97222222222222], [86.53161111111112, 24.97222222222222], [86.53161111111112, 24.9725], [86.53188888888889, 24.9725], [86.53188888888889, 24.973055555555558], [86.53216666666667, 24.973055555555558], [86.53216666666667, 24.97416666666667], [86.53244444444445, 24.97416666666667], [86.53244444444445, 24.974444444444444], [86.533, 24.974444444444444], [86.533, 24.975], [86.53383333333333, 24.975], [86.53383333333333, 24.97388888888889], [86.53466666666667, 24.97388888888889], [86.53466666666667, 24.974722222222223], [86.53494444444445, 24.974722222222223], [86.53494444444445, 24.975], [86.53522222222223, 24.975], [86.53522222222223, 24.97527777777778], [86.53577777777778, 24.97527777777778], [86.53577777777778, 24.975], [86.5355, 24.975], [86.5355, 24.97388888888889], [86.53577777777778, 24.97388888888889], [86.53577777777778, 24.97361111111111], [86.5355, 24.97361111111111], [86.5355, 24.973055555555558], [86.53577777777778, 24.973055555555558], [86.53577777777778, 24.97277777777778], [86.53605555555556, 24.97277777777778], [86.53605555555556, 24.973333333333333], [86.53633333333333, 24.973333333333333], [86.53633333333333, 24.97361111111111], [86.53661111111111, 24.97361111111111], [86.53661111111111, 24.97388888888889], [86.5368888888889, 24.97388888888889], [86.5368888888889, 24.974444444444444], [86.53716666666666, 24.974444444444444], [86.53716666666666, 24.974722222222223], [86.538, 24.974722222222223], [86.538, 24.974444444444444], [86.53772222222223, 24.974444444444444], [86.53772222222223, 24.97388888888889], [86.538, 24.97388888888889], [86.538, 24.97416666666667], [86.53827777777778, 24.97416666666667], [86.53827777777778, 24.97388888888889], [86.53855555555556, 24.97388888888889], [86.53855555555556, 24.973333333333333], [86.5393888888889, 24.973333333333333], [86.5393888888889, 24.97416666666667], [86.53911111111111, 24.97416666666667], [86.53911111111111, 24.974722222222223], [86.53883333333333, 24.974722222222223], [86.53883333333333, 24.975], [86.53911111111111, 24.975], [86.53911111111111, 24.97527777777778], [86.5393888888889, 24.97527777777778], [86.5393888888889, 24.975833333333334], [86.53827777777778, 24.975833333333334], [86.53827777777778, 24.976111111111113], [86.538, 24.976111111111113], [86.538, 24.97638888888889], [86.53827777777778, 24.97638888888889], [86.53827777777778, 24.9775], [86.53855555555556, 24.9775], [86.53855555555556, 24.977777777777778], [86.53772222222223, 24.977777777777778], [86.53772222222223, 24.978055555555557], [86.538, 24.978055555555557], [86.538, 24.978333333333335], [86.53855555555556, 24.978333333333335], [86.53855555555556, 24.97861111111111], [86.53966666666668, 24.97861111111111], [86.53966666666668, 24.97888888888889], [86.53994444444444, 24.97888888888889], [86.53994444444444, 24.979166666666668], [86.54022222222223, 24.979166666666668], [86.54022222222223, 24.979444444444447], [86.53994444444444, 24.979444444444447], [86.53994444444444, 24.97972222222222], [86.53966666666668, 24.97972222222222], [86.53966666666668, 24.980555555555558], [86.54050000000001, 24.980555555555558], [86.54050000000001, 24.980833333333333], [86.54022222222223, 24.980833333333333], [86.54022222222223, 24.98138888888889], [86.54050000000001, 24.98138888888889], [86.54050000000001, 24.98166666666667], [86.54077777777778, 24.98166666666667], [86.54077777777778, 24.9825], [86.54050000000001, 24.9825], [86.54050000000001, 24.982777777777777], [86.53911111111111, 24.982777777777777], [86.53911111111111, 24.983055555555556], [86.53883333333333, 24.983055555555556], [86.53883333333333, 24.983611111111113], [86.53911111111111, 24.983611111111113], [86.53911111111111, 24.983888888888888], [86.54022222222223, 24.983888888888888], [86.54022222222223, 24.983611111111113], [86.54077777777778, 24.983611111111113], [86.54077777777778, 24.983333333333334], [86.54133333333334, 24.983333333333334], [86.54133333333334, 24.982777777777777], [86.54105555555556, 24.982777777777777], [86.54105555555556, 24.981944444444444], [86.54133333333334, 24.981944444444444], [86.54133333333334, 24.98166666666667], [86.54161111111111, 24.98166666666667], [86.54161111111111, 24.98138888888889], [86.54188888888889, 24.98138888888889], [86.54188888888889, 24.98111111111111], [86.54161111111111, 24.98111111111111], [86.54161111111111, 24.98], [86.54133333333334, 24.98], [86.54133333333334, 24.97972222222222], [86.54105555555556, 24.97972222222222], [86.54105555555556, 24.979166666666668], [86.54077777777778, 24.979166666666668], [86.54077777777778, 24.978333333333335], [86.53994444444444, 24.978333333333335], [86.53994444444444, 24.977777777777778], [86.54050000000001, 24.977777777777778], [86.54050000000001, 24.976666666666667], [86.54022222222223, 24.976666666666667], [86.54022222222223, 24.97638888888889], [86.54077777777778, 24.97638888888889], [86.54077777777778, 24.976666666666667], [86.54105555555556, 24.976666666666667], [86.54105555555556, 24.976111111111113], [86.54133333333334, 24.976111111111113], [86.54133333333334, 24.97638888888889], [86.54161111111111, 24.97638888888889], [86.54161111111111, 24.976111111111113], [86.54188888888889, 24.976111111111113], [86.54188888888889, 24.975555555555555], [86.54133333333334, 24.975555555555555], [86.54133333333334, 24.974444444444444], [86.54161111111111, 24.974444444444444], [86.54161111111111, 24.97416666666667], [86.54133333333334, 24.97416666666667], [86.54133333333334, 24.97388888888889], [86.54077777777778, 24.97388888888889], [86.54077777777778, 24.97361111111111], [86.54050000000001, 24.97361111111111], [86.54050000000001, 24.97222222222222], [86.54077777777778, 24.97222222222222], [86.54077777777778, 24.9725], [86.54105555555556, 24.9725], [86.54105555555556, 24.97277777777778], [86.54188888888889, 24.97277777777778], [86.54188888888889, 24.9725], [86.54244444444444, 24.9725], [86.54244444444444, 24.97222222222222], [86.543, 24.97222222222222], [86.543, 24.973055555555558], [86.54327777777777, 24.973055555555558], [86.54327777777777, 24.973333333333333], [86.5441111111111, 24.973333333333333], [86.5441111111111, 24.97361111111111], [86.54466666666667, 24.97361111111111], [86.54466666666667, 24.97388888888889], [86.54522222222222, 24.97388888888889], [86.54522222222222, 24.973333333333333], [86.5455, 24.973333333333333], [86.5455, 24.973055555555558], [86.54577777777779, 24.973055555555558], [86.54577777777779, 24.971666666666668], [86.54716666666667, 24.971666666666668], [86.54716666666667, 24.971111111111114], [86.54688888888889, 24.971111111111114], [86.54688888888889, 24.970833333333335], [86.54661111111112, 24.970833333333335], [86.54661111111112, 24.970555555555556], [86.54605555555555, 24.970555555555556], [86.54605555555555, 24.970833333333335], [86.5455, 24.970833333333335], [86.5455, 24.969722222222224], [86.54522222222222, 24.969722222222224], [86.54522222222222, 24.970000000000002], [86.54438888888889, 24.970000000000002], [86.54438888888889, 24.970277777777778], [86.54383333333334, 24.970277777777778], [86.54383333333334, 24.970000000000002], [86.543, 24.970000000000002], [86.543, 24.969444444444445], [86.54216666666667, 24.969444444444445], [86.54216666666667, 24.969722222222224], [86.54188888888889, 24.969722222222224], [86.54188888888889, 24.970000000000002], [86.54161111111111, 24.970000000000002], [86.54161111111111, 24.969722222222224], [86.54133333333334, 24.969722222222224], [86.54133333333334, 24.969444444444445], [86.54077777777778, 24.969444444444445], [86.54077777777778, 24.969166666666666], [86.54050000000001, 24.969166666666666], [86.54050000000001, 24.969444444444445], [86.54022222222223, 24.969444444444445], [86.54022222222223, 24.96888888888889], [86.53966666666668, 24.96888888888889], [86.53966666666668, 24.968333333333334], [86.5393888888889, 24.968333333333334], [86.5393888888889, 24.969722222222224], [86.53883333333333, 24.969722222222224], [86.53883333333333, 24.970000000000002], [86.53855555555556, 24.970000000000002], [86.53855555555556, 24.969722222222224], [86.53827777777778, 24.969722222222224], [86.53827777777778, 24.969444444444445], [86.53772222222223, 24.969444444444445], [86.53772222222223, 24.968333333333334], [86.53744444444445, 24.968333333333334], [86.53744444444445, 24.968611111111112], [86.53661111111111, 24.968611111111112], [86.53661111111111, 24.968055555555555], [86.53577777777778, 24.968055555555555], [86.53577777777778, 24.96777777777778], [86.53661111111111, 24.96777777777778], [86.53661111111111, 24.967222222222222], [86.5368888888889, 24.967222222222222], [86.5368888888889, 24.966944444444444], [86.53716666666666, 24.966944444444444], [86.53716666666666, 24.96666666666667], [86.5368888888889, 24.96666666666667], [86.5368888888889, 24.96611111111111], [86.53633333333333, 24.96611111111111], [86.53633333333333, 24.965833333333332], [86.53605555555556, 24.965833333333332], [86.53605555555556, 24.96527777777778], [86.53522222222223, 24.96527777777778], [86.53522222222223, 24.965], [86.53605555555556, 24.965], [86.53605555555556, 24.964166666666667], [86.53577777777778, 24.964166666666667], [86.53577777777778, 24.963333333333335], [86.5355, 24.963333333333335], [86.5355, 24.963055555555556], [86.53494444444445, 24.963055555555556], [86.53494444444445, 24.963333333333335], [86.53355555555555, 24.963333333333335], [86.53355555555555, 24.963055555555556], [86.53383333333333, 24.963055555555556], [86.53383333333333, 24.961944444444445], [86.53411111111112, 24.961944444444445], [86.53411111111112, 24.961111111111112], [86.5355, 24.961111111111112], [86.5355, 24.960833333333333], [86.53577777777778, 24.960833333333333], [86.53577777777778, 24.960555555555555], [86.53605555555556, 24.960555555555555], [86.53605555555556, 24.96], [86.5355, 24.96], [86.5355, 24.959722222222222], [86.53577777777778, 24.959722222222222], [86.53577777777778, 24.95888888888889], [86.5355, 24.95888888888889], [86.5355, 24.95861111111111], [86.53466666666667, 24.95861111111111], [86.53466666666667, 24.958055555555557], [86.53522222222223, 24.958055555555557], [86.53522222222223, 24.95777777777778], [86.53577777777778, 24.95777777777778], [86.53577777777778, 24.9575], [86.5368888888889, 24.9575], [86.5368888888889, 24.956944444444446], [86.53661111111111, 24.956944444444446], [86.53661111111111, 24.95638888888889], [86.53605555555556, 24.95638888888889], [86.53605555555556, 24.955555555555556], [86.53577777777778, 24.955555555555556], [86.53577777777778, 24.955000000000002], [86.53522222222223, 24.955000000000002], [86.53522222222223, 24.955555555555556], [86.53466666666667, 24.955555555555556], [86.53466666666667, 24.955833333333334], [86.53355555555555, 24.955833333333334], [86.53355555555555, 24.955555555555556], [86.53411111111112, 24.955555555555556], [86.53411111111112, 24.955277777777777], [86.5343888888889, 24.955277777777777], [86.5343888888889, 24.954444444444444], [86.53494444444445, 24.954444444444444], [86.53494444444445, 24.95416666666667], [86.53466666666667, 24.95416666666667], [86.53466666666667, 24.95388888888889], [86.53577777777778, 24.95388888888889], [86.53577777777778, 24.953611111111112], [86.53605555555556, 24.953611111111112], [86.53605555555556, 24.953055555555558], [86.53661111111111, 24.953055555555558], [86.53661111111111, 24.953333333333333], [86.5368888888889, 24.953333333333333], [86.5368888888889, 24.953611111111112], [86.53744444444445, 24.953611111111112], [86.53744444444445, 24.95388888888889], [86.53827777777778, 24.95388888888889], [86.53827777777778, 24.953611111111112], [86.53855555555556, 24.953611111111112], [86.53855555555556, 24.953333333333333], [86.53827777777778, 24.953333333333333], [86.53827777777778, 24.953055555555558], [86.538, 24.953055555555558], [86.538, 24.95277777777778], [86.53772222222223, 24.95277777777778], [86.53772222222223, 24.952222222222222], [86.53744444444445, 24.952222222222222], [86.53744444444445, 24.951944444444447], [86.538, 24.951944444444447], [86.538, 24.951666666666668], [86.53855555555556, 24.951666666666668], [86.53855555555556, 24.95138888888889], [86.53883333333333, 24.95138888888889], [86.53883333333333, 24.95111111111111], [86.53855555555556, 24.95111111111111], [86.53855555555556, 24.950833333333335], [86.53827777777778, 24.950833333333335], [86.53827777777778, 24.950555555555557], [86.53716666666666, 24.950555555555557], [86.53716666666666, 24.950833333333335], [86.5368888888889, 24.950833333333335], [86.5368888888889, 24.95111111111111], [86.53633333333333, 24.95111111111111], [86.53633333333333, 24.950555555555557], [86.53661111111111, 24.950555555555557], [86.53661111111111, 24.95], [86.53633333333333, 24.95], [86.53633333333333, 24.949722222222224], [86.53605555555556, 24.949722222222224], [86.53605555555556, 24.949444444444445], [86.53577777777778, 24.949444444444445], [86.53577777777778, 24.949166666666667], [86.53522222222223, 24.949166666666667], [86.53522222222223, 24.949444444444445], [86.53327777777778, 24.949444444444445], [86.53327777777778, 24.949722222222224], [86.53383333333333, 24.949722222222224], [86.53383333333333, 24.95], [86.5343888888889, 24.95], [86.5343888888889, 24.950277777777778], [86.53494444444445, 24.950277777777778], [86.53494444444445, 24.950555555555557], [86.53522222222223, 24.950555555555557], [86.53522222222223, 24.950833333333335], [86.5343888888889, 24.950833333333335], [86.5343888888889, 24.95138888888889], [86.53411111111112, 24.95138888888889], [86.53411111111112, 24.951666666666668], [86.53355555555555, 24.951666666666668], [86.53355555555555, 24.95138888888889], [86.53327777777778, 24.95138888888889], [86.53327777777778, 24.952222222222222], [86.53355555555555, 24.952222222222222], [86.53355555555555, 24.9525], [86.53383333333333, 24.9525], [86.53383333333333, 24.953333333333333], [86.53355555555555, 24.953333333333333], [86.53355555555555, 24.953611111111112], [86.533, 24.953611111111112], [86.533, 24.953333333333333], [86.53244444444445, 24.953333333333333], [86.53244444444445, 24.953611111111112], [86.53216666666667, 24.953611111111112], [86.53216666666667, 24.95388888888889], [86.53161111111112, 24.95388888888889], [86.53161111111112, 24.953611111111112], [86.53133333333334, 24.953611111111112], [86.53133333333334, 24.953055555555558], [86.53077777777779, 24.953055555555558], [86.53077777777779, 24.95416666666667], [86.53105555555555, 24.95416666666667], [86.53105555555555, 24.954444444444444], [86.5305, 24.954444444444444], [86.5305, 24.95416666666667], [86.52994444444445, 24.95416666666667], [86.52994444444445, 24.954444444444444], [86.52938888888889, 24.954444444444444], [86.52938888888889, 24.955000000000002], [86.5291111111111, 24.955000000000002], [86.5291111111111, 24.955277777777777], [86.52883333333334, 24.955277777777777], [86.52883333333334, 24.954722222222223], [86.52855555555556, 24.954722222222223], [86.52855555555556, 24.954444444444444], [86.52827777777777, 24.954444444444444], [86.52827777777777, 24.95416666666667], [86.528, 24.95416666666667], [86.528, 24.95388888888889], [86.5291111111111, 24.95388888888889], [86.5291111111111, 24.953611111111112], [86.52883333333334, 24.953611111111112], [86.52883333333334, 24.953055555555558], [86.52855555555556, 24.953055555555558], [86.52855555555556, 24.9525], [86.52772222222222, 24.9525], [86.52772222222222, 24.952222222222222], [86.52827777777777, 24.952222222222222], [86.52827777777777, 24.951944444444447], [86.52883333333334, 24.951944444444447], [86.52883333333334, 24.952222222222222], [86.52938888888889, 24.952222222222222], [86.52938888888889, 24.951666666666668], [86.52966666666667, 24.951666666666668], [86.52966666666667, 24.95138888888889], [86.52994444444445, 24.95138888888889], [86.52994444444445, 24.95111111111111], [86.52966666666667, 24.95111111111111], [86.52966666666667, 24.950833333333335], [86.5291111111111, 24.950833333333335], [86.5291111111111, 24.950555555555557], [86.52827777777777, 24.950555555555557], [86.52827777777777, 24.950277777777778], [86.52772222222222, 24.950277777777778], [86.52772222222222, 24.95], [86.528, 24.95], [86.528, 24.949444444444445], [86.52661111111111, 24.949444444444445], [86.52661111111111, 24.949166666666667], [86.52688888888889, 24.949166666666667], [86.52688888888889, 24.948888888888888], [86.52716666666667, 24.948888888888888], [86.52716666666667, 24.948333333333334], [86.52688888888889, 24.948333333333334], [86.52688888888889, 24.948611111111113], [86.52605555555556, 24.948611111111113], [86.52605555555556, 24.948055555555555], [86.52466666666668, 24.948055555555555], [86.52466666666668, 24.948888888888888], [86.52494444444444, 24.948888888888888], [86.52494444444444, 24.949166666666667], [86.5243888888889, 24.949166666666667], [86.5243888888889, 24.948888888888888], [86.52327777777778, 24.948888888888888], [86.52327777777778, 24.949722222222224], [86.52355555555556, 24.949722222222224], [86.52355555555556, 24.95], [86.52327777777778, 24.95], [86.52327777777778, 24.950277777777778], [86.52355555555556, 24.950277777777778], [86.52355555555556, 24.950555555555557], [86.52383333333333, 24.950555555555557], [86.52383333333333, 24.951666666666668], [86.52411111111111, 24.951666666666668], [86.52411111111111, 24.952222222222222], [86.52383333333333, 24.952222222222222], [86.52383333333333, 24.9525], [86.52355555555556, 24.9525], [86.52355555555556, 24.951944444444447], [86.52327777777778, 24.951944444444447], [86.52327777777778, 24.95111111111111], [86.52244444444445, 24.95111111111111], [86.52244444444445, 24.95138888888889], [86.52216666666666, 24.95138888888889], [86.52216666666666, 24.951666666666668], [86.52161111111111, 24.951666666666668], [86.52161111111111, 24.950555555555557], [86.5218888888889, 24.950555555555557], [86.5218888888889, 24.95], [86.52161111111111, 24.95], [86.52161111111111, 24.949722222222224], [86.52105555555556, 24.949722222222224], [86.52105555555556, 24.949444444444445], [86.52077777777778, 24.949444444444445], [86.52077777777778, 24.949722222222224], [86.5205, 24.949722222222224], [86.5205, 24.95], [86.52022222222223, 24.95], [86.52022222222223, 24.950277777777778], [86.51966666666667, 24.950277777777778], [86.51966666666667, 24.95], [86.51911111111112, 24.95], [86.51911111111112, 24.950277777777778], [86.51855555555555, 24.950277777777778], [86.51855555555555, 24.949722222222224], [86.51883333333333, 24.949722222222224], [86.51883333333333, 24.949444444444445], [86.51911111111112, 24.949444444444445], [86.51911111111112, 24.949166666666667], [86.51966666666667, 24.949166666666667], [86.51966666666667, 24.948333333333334], [86.5193888888889, 24.948333333333334], [86.5193888888889, 24.948055555555555], [86.5205, 24.948055555555555], [86.5205, 24.948333333333334], [86.52077777777778, 24.948333333333334], [86.52077777777778, 24.94777777777778], [86.5205, 24.94777777777778], [86.5205, 24.9475], [86.52022222222223, 24.9475], [86.52022222222223, 24.947222222222223], [86.51994444444445, 24.947222222222223], [86.51994444444445, 24.946944444444444], [86.52077777777778, 24.946944444444444], [86.52077777777778, 24.94666666666667], [86.52133333333333, 24.94666666666667], [86.52133333333333, 24.94638888888889], [86.52244444444445, 24.94638888888889], [86.52244444444445, 24.94611111111111], [86.52216666666666, 24.94611111111111], [86.52216666666666, 24.945833333333333], [86.5218888888889, 24.945833333333333], [86.5218888888889, 24.945555555555558], [86.52216666666666, 24.945555555555558], [86.52216666666666, 24.94527777777778], [86.52161111111111, 24.94527777777778], [86.52161111111111, 24.945555555555558], [86.52133333333333, 24.945555555555558], [86.52133333333333, 24.945833333333333], [86.52077777777778, 24.945833333333333], [86.52077777777778, 24.94611111111111], [86.5205, 24.94611111111111], [86.5205, 24.945833333333333], [86.52022222222223, 24.945833333333333], [86.52022222222223, 24.944444444444446], [86.5193888888889, 24.944444444444446], [86.5193888888889, 24.94388888888889], [86.51911111111112, 24.94388888888889], [86.51911111111112, 24.944444444444446], [86.51883333333333, 24.944444444444446], [86.51883333333333, 24.94472222222222], [86.51966666666667, 24.94472222222222], [86.51966666666667, 24.945555555555558], [86.51883333333333, 24.945555555555558], [86.51883333333333, 24.945833333333333], [86.51772222222222, 24.945833333333333], [86.51772222222222, 24.94611111111111], [86.51744444444445, 24.94611111111111], [86.51744444444445, 24.94666666666667], [86.51633333333334, 24.94666666666667], [86.51633333333334, 24.946944444444444], [86.51661111111112, 24.946944444444444], [86.51661111111112, 24.9475], [86.51633333333334, 24.9475], [86.51633333333334, 24.94777777777778], [86.51605555555555, 24.94777777777778], [86.51605555555555, 24.9475], [86.51577777777779, 24.9475], [86.51577777777779, 24.947222222222223], [86.51494444444445, 24.947222222222223], [86.51494444444445, 24.9475], [86.51383333333334, 24.9475], [86.51383333333334, 24.947222222222223], [86.51411111111112, 24.947222222222223], [86.51411111111112, 24.94638888888889], [86.51438888888889, 24.94638888888889], [86.51438888888889, 24.94611111111111], [86.51466666666667, 24.94611111111111], [86.51466666666667, 24.945555555555558], [86.51272222222222, 24.945555555555558], [86.51272222222222, 24.945833333333333], [86.51244444444444, 24.945833333333333], [86.51244444444444, 24.94611111111111], [86.51188888888889, 24.94611111111111], [86.51188888888889, 24.94638888888889], [86.51161111111111, 24.94638888888889], [86.51161111111111, 24.94666666666667], [86.51133333333334, 24.94666666666667], [86.51133333333334, 24.94611111111111], [86.51161111111111, 24.94611111111111], [86.51161111111111, 24.945833333333333], [86.51188888888889, 24.945833333333333], [86.51188888888889, 24.945555555555558], [86.51216666666667, 24.945555555555558], [86.51216666666667, 24.945], [86.51188888888889, 24.945], [86.51188888888889, 24.94472222222222], [86.51161111111111, 24.94472222222222], [86.51161111111111, 24.944444444444446], [86.51244444444444, 24.944444444444446], [86.51244444444444, 24.94388888888889], [86.51383333333334, 24.94388888888889], [86.51383333333334, 24.94361111111111], [86.51355555555556, 24.94361111111111], [86.51355555555556, 24.943333333333335], [86.513, 24.943333333333335], [86.513, 24.943055555555556], [86.51272222222222, 24.943055555555556], [86.51272222222222, 24.943333333333335], [86.51216666666667, 24.943333333333335], [86.51216666666667, 24.942777777777778], [86.51161111111111, 24.942777777777778], [86.51161111111111, 24.942222222222224], [86.51133333333334, 24.942222222222224], [86.51133333333334, 24.942500000000003], [86.51077777777778, 24.942500000000003], [86.51077777777778, 24.942777777777778], [86.51022222222223, 24.942777777777778], [86.51022222222223, 24.942222222222224], [86.50883333333334, 24.942222222222224], [86.50883333333334, 24.941944444444445], [86.50911111111111, 24.941944444444445], [86.50911111111111, 24.941666666666666], [86.50966666666667, 24.941666666666666], [86.50966666666667, 24.94138888888889], [86.50938888888889, 24.94138888888889], [86.50938888888889, 24.940833333333334], [86.50994444444444, 24.940833333333334], [86.50994444444444, 24.940555555555555], [86.50966666666667, 24.940555555555555], [86.50966666666667, 24.94027777777778], [86.50911111111111, 24.94027777777778], [86.50911111111111, 24.940555555555555], [86.50883333333334, 24.940555555555555], [86.50883333333334, 24.940833333333334], [86.50855555555556, 24.940833333333334], [86.50855555555556, 24.940555555555555], [86.508, 24.940555555555555], [86.508, 24.940833333333334], [86.50744444444445, 24.940833333333334], [86.50744444444445, 24.941111111111113], [86.50716666666666, 24.941111111111113], [86.50716666666666, 24.94027777777778], [86.5068888888889, 24.94027777777778], [86.5068888888889, 24.94], [86.508, 24.94], [86.508, 24.939444444444444], [86.50772222222223, 24.939444444444444], [86.50772222222223, 24.93916666666667], [86.50744444444445, 24.93916666666667], [86.50744444444445, 24.93888888888889], [86.50772222222223, 24.93888888888889], [86.50772222222223, 24.93861111111111], [86.50744444444445, 24.93861111111111], [86.50744444444445, 24.938333333333333], [86.50605555555556, 24.938333333333333], [86.50605555555556, 24.938055555555557], [86.50577777777778, 24.938055555555557], [86.50577777777778, 24.93777777777778], [86.50494444444445, 24.93777777777778], [86.50494444444445, 24.9375], [86.50466666666667, 24.9375], [86.50466666666667, 24.937222222222225], [86.50494444444445, 24.937222222222225], [86.50494444444445, 24.936944444444446], [86.50522222222223, 24.936944444444446], [86.50522222222223, 24.937222222222225], [86.5055, 24.937222222222225], [86.5055, 24.9375], [86.50633333333333, 24.9375], [86.50633333333333, 24.93777777777778], [86.50661111111111, 24.93777777777778], [86.50661111111111, 24.9375], [86.5068888888889, 24.9375], [86.5068888888889, 24.93777777777778], [86.50744444444445, 24.93777777777778], [86.50744444444445, 24.938055555555557], [86.508, 24.938055555555557], [86.508, 24.938333333333333], [86.50883333333334, 24.938333333333333], [86.50883333333334, 24.93861111111111], [86.50911111111111, 24.93861111111111], [86.50911111111111, 24.93888888888889], [86.50966666666667, 24.93888888888889], [86.50966666666667, 24.93916666666667], [86.51022222222223, 24.93916666666667], [86.51022222222223, 24.93888888888889], [86.51050000000001, 24.93888888888889], [86.51050000000001, 24.93861111111111], [86.51077777777778, 24.93861111111111], [86.51077777777778, 24.938333333333333], [86.51050000000001, 24.938333333333333], [86.51050000000001, 24.938055555555557], [86.51022222222223, 24.938055555555557], [86.51022222222223, 24.9375], [86.50994444444444, 24.9375], [86.50994444444444, 24.936944444444446], [86.50966666666667, 24.936944444444446], [86.50966666666667, 24.93638888888889], [86.50994444444444, 24.93638888888889], [86.50994444444444, 24.936666666666667], [86.51022222222223, 24.936666666666667], [86.51022222222223, 24.937222222222225], [86.51050000000001, 24.937222222222225], [86.51050000000001, 24.9375], [86.51105555555556, 24.9375], [86.51105555555556, 24.938055555555557], [86.51216666666667, 24.938055555555557], [86.51216666666667, 24.93888888888889], [86.51327777777777, 24.93888888888889], [86.51327777777777, 24.938333333333333], [86.51355555555556, 24.938333333333333], [86.51355555555556, 24.93861111111111], [86.51383333333334, 24.93861111111111], [86.51383333333334, 24.938333333333333], [86.51411111111112, 24.938333333333333], [86.51411111111112, 24.938055555555557], [86.51438888888889, 24.938055555555557], [86.51438888888889, 24.93861111111111], [86.51466666666667, 24.93861111111111], [86.51466666666667, 24.939444444444444], [86.51522222222222, 24.939444444444444], [86.51522222222222, 24.939722222222223], [86.51494444444445, 24.939722222222223], [86.51494444444445, 24.94027777777778], [86.51577777777779, 24.94027777777778], [86.51577777777779, 24.94], [86.51605555555555, 24.94], [86.51605555555555, 24.939444444444444], [86.51633333333334, 24.939444444444444], [86.51633333333334, 24.93861111111111], [86.51661111111112, 24.93861111111111], [86.51661111111112, 24.93888888888889], [86.51688888888889, 24.93888888888889], [86.51688888888889, 24.93916666666667], [86.518, 24.93916666666667], [86.518, 24.93888888888889], [86.51772222222222, 24.93888888888889], [86.51772222222222, 24.938055555555557], [86.518, 24.938055555555557], [86.518, 24.938333333333333], [86.51827777777778, 24.938333333333333], [86.51827777777778, 24.93861111111111], [86.51855555555555, 24.93861111111111], [86.51855555555555, 24.93888888888889], [86.5193888888889, 24.93888888888889], [86.5193888888889, 24.93861111111111], [86.52022222222223, 24.93861111111111], [86.52022222222223, 24.93916666666667], [86.52077777777778, 24.93916666666667], [86.52077777777778, 24.939444444444444], [86.52133333333333, 24.939444444444444], [86.52133333333333, 24.93916666666667], [86.5218888888889, 24.93916666666667], [86.5218888888889, 24.93888888888889], [86.52161111111111, 24.93888888888889], [86.52161111111111, 24.938333333333333], [86.52105555555556, 24.938333333333333], [86.52105555555556, 24.938055555555557], [86.52022222222223, 24.938055555555557], [86.52022222222223, 24.93777777777778], [86.51994444444445, 24.93777777777778], [86.51994444444445, 24.9375], [86.51966666666667, 24.9375], [86.51966666666667, 24.937222222222225], [86.52022222222223, 24.937222222222225], [86.52022222222223, 24.936944444444446], [86.52077777777778, 24.936944444444446], [86.52077777777778, 24.93638888888889], [86.52105555555556, 24.93638888888889], [86.52105555555556, 24.935555555555556], [86.52077777777778, 24.935555555555556], [86.52077777777778, 24.935000000000002], [86.52105555555556, 24.935000000000002], [86.52105555555556, 24.934166666666666], [86.52161111111111, 24.934166666666666], [86.52161111111111, 24.93388888888889], [86.52133333333333, 24.93388888888889], [86.52133333333333, 24.933333333333334], [86.52077777777778, 24.933333333333334], [86.52077777777778, 24.93277777777778], [86.52022222222223, 24.93277777777778], [86.52022222222223, 24.9325], [86.51966666666667, 24.9325], [86.51966666666667, 24.932222222222222], [86.5193888888889, 24.932222222222222], [86.5193888888889, 24.931944444444444], [86.51744444444445, 24.931944444444444], [86.51744444444445, 24.93138888888889], [86.51772222222222, 24.93138888888889], [86.51772222222222, 24.930833333333336], [86.51716666666667, 24.930833333333336], [86.51716666666667, 24.930555555555557], [86.51661111111112, 24.930555555555557], [86.51661111111112, 24.93027777777778], [86.51633333333334, 24.93027777777778], [86.51633333333334, 24.93], [86.5155, 24.93], [86.5155, 24.929722222222225], [86.51522222222222, 24.929722222222225], [86.51522222222222, 24.929444444444446], [86.51494444444445, 24.929444444444446], [86.51494444444445, 24.929166666666667], [86.51383333333334, 24.929166666666667], [86.51383333333334, 24.928611111111113], [86.51327777777777, 24.928611111111113], [86.51327777777777, 24.928055555555556], [86.51411111111112, 24.928055555555556], [86.51411111111112, 24.927777777777777], [86.51438888888889, 24.927777777777777], [86.51438888888889, 24.928055555555556], [86.51466666666667, 24.928055555555556], [86.51466666666667, 24.928333333333335], [86.51494444444445, 24.928333333333335], [86.51494444444445, 24.928055555555556], [86.51522222222222, 24.928055555555556], [86.51522222222222, 24.928333333333335], [86.51577777777779, 24.928333333333335], [86.51577777777779, 24.928611111111113], [86.51605555555555, 24.928611111111113], [86.51605555555555, 24.92888888888889], [86.51744444444445, 24.92888888888889], [86.51744444444445, 24.929444444444446], [86.51827777777778, 24.929444444444446], [86.51827777777778, 24.929166666666667], [86.51855555555555, 24.929166666666667], [86.51855555555555, 24.929722222222225], [86.5193888888889, 24.929722222222225], [86.5193888888889, 24.929444444444446], [86.51966666666667, 24.929444444444446], [86.51966666666667, 24.93], [86.52077777777778, 24.93], [86.52077777777778, 24.93027777777778], [86.5205, 24.93027777777778], [86.5205, 24.930833333333336], [86.52077777777778, 24.930833333333336], [86.52077777777778, 24.930555555555557], [86.52216666666666, 24.930555555555557], [86.52216666666666, 24.930833333333336], [86.52244444444445, 24.930833333333336], [86.52244444444445, 24.93138888888889], [86.52355555555556, 24.93138888888889], [86.52355555555556, 24.93111111111111], [86.52383333333333, 24.93111111111111], [86.52383333333333, 24.930833333333336], [86.52411111111111, 24.930833333333336], [86.52411111111111, 24.930555555555557], [86.52383333333333, 24.930555555555557], [86.52383333333333, 24.929444444444446], [86.52355555555556, 24.929444444444446], [86.52355555555556, 24.929166666666667], [86.52327777777778, 24.929166666666667], [86.52327777777778, 24.92888888888889], [86.523, 24.92888888888889], [86.523, 24.928611111111113], [86.52327777777778, 24.928611111111113], [86.52327777777778, 24.928055555555556], [86.52272222222223, 24.928055555555556], [86.52272222222223, 24.927500000000002], [86.52244444444445, 24.927500000000002], [86.52244444444445, 24.927222222222223], [86.52161111111111, 24.927222222222223], [86.52161111111111, 24.926666666666666], [86.52133333333333, 24.926666666666666], [86.52133333333333, 24.926944444444445], [86.52077777777778, 24.926944444444445], [86.52077777777778, 24.92638888888889], [86.52022222222223, 24.92638888888889], [86.52022222222223, 24.926111111111112], [86.51994444444445, 24.926111111111112], [86.51994444444445, 24.925555555555558], [86.51966666666667, 24.925555555555558], [86.51966666666667, 24.92527777777778], [86.51994444444445, 24.92527777777778], [86.51994444444445, 24.925], [86.52105555555556, 24.925], [86.52105555555556, 24.925555555555558], [86.52133333333333, 24.925555555555558], [86.52133333333333, 24.925833333333333], [86.5218888888889, 24.925833333333333], [86.5218888888889, 24.925555555555558], [86.52216666666666, 24.925555555555558], [86.52216666666666, 24.92527777777778], [86.52272222222223, 24.92527777777778], [86.52272222222223, 24.925555555555558], [86.523, 24.925555555555558], [86.523, 24.926111111111112], [86.52355555555556, 24.926111111111112], [86.52355555555556, 24.925833333333333], [86.52383333333333, 24.925833333333333], [86.52383333333333, 24.92527777777778], [86.5243888888889, 24.92527777777778], [86.5243888888889, 24.925], [86.52466666666668, 24.925], [86.52466666666668, 24.924722222222222], [86.52494444444444, 24.924722222222222], [86.52494444444444, 24.925], [86.52522222222223, 24.925], [86.52522222222223, 24.92527777777778], [86.52466666666668, 24.92527777777778], [86.52466666666668, 24.925555555555558], [86.5243888888889, 24.925555555555558], [86.5243888888889, 24.927222222222223], [86.52494444444444, 24.927222222222223], [86.52494444444444, 24.928055555555556], [86.52522222222223, 24.928055555555556], [86.52522222222223, 24.928333333333335], [86.52605555555556, 24.928333333333335], [86.52605555555556, 24.928055555555556], [86.52661111111111, 24.928055555555556], [86.52661111111111, 24.927777777777777], [86.52716666666667, 24.927777777777777], [86.52716666666667, 24.927500000000002], [86.52744444444444, 24.927500000000002], [86.52744444444444, 24.926944444444445], [86.52772222222222, 24.926944444444445], [86.52772222222222, 24.926666666666666], [86.528, 24.926666666666666], [86.528, 24.928055555555556], [86.52772222222222, 24.928055555555556], [86.52772222222222, 24.928333333333335], [86.5291111111111, 24.928333333333335], [86.5291111111111, 24.928611111111113], [86.52855555555556, 24.928611111111113], [86.52855555555556, 24.92888888888889], [86.52827777777777, 24.92888888888889], [86.52827777777777, 24.929166666666667], [86.52772222222222, 24.929166666666667], [86.52772222222222, 24.92888888888889], [86.52633333333334, 24.92888888888889], [86.52633333333334, 24.929166666666667], [86.52605555555556, 24.929166666666667], [86.52605555555556, 24.929444444444446], [86.52633333333334, 24.929444444444446], [86.52633333333334, 24.929722222222225], [86.52605555555556, 24.929722222222225], [86.52605555555556, 24.93], [86.52688888888889, 24.93], [86.52688888888889, 24.929722222222225], [86.52772222222222, 24.929722222222225], [86.52772222222222, 24.93027777777778], [86.528, 24.93027777777778], [86.528, 24.930555555555557], [86.52827777777777, 24.930555555555557], [86.52827777777777, 24.930833333333336], [86.52855555555556, 24.930833333333336], [86.52855555555556, 24.93111111111111], [86.5291111111111, 24.93111111111111], [86.5291111111111, 24.93138888888889], [86.52938888888889, 24.93138888888889], [86.52938888888889, 24.93166666666667], [86.52966666666667, 24.93166666666667], [86.52966666666667, 24.932222222222222], [86.52883333333334, 24.932222222222222], [86.52883333333334, 24.931944444444444], [86.52855555555556, 24.931944444444444], [86.52855555555556, 24.93166666666667], [86.52827777777777, 24.93166666666667], [86.52827777777777, 24.93138888888889], [86.528, 24.93138888888889], [86.528, 24.93111111111111], [86.52605555555556, 24.93111111111111], [86.52605555555556, 24.93138888888889], [86.52577777777778, 24.93138888888889], [86.52577777777778, 24.932222222222222], [86.52605555555556, 24.932222222222222], [86.52605555555556, 24.93277777777778], [86.52716666666667, 24.93277777777778], [86.52716666666667, 24.933333333333334], [86.52688888888889, 24.933333333333334], [86.52688888888889, 24.93388888888889], [86.52661111111111, 24.93388888888889], [86.52661111111111, 24.934166666666666], [86.52605555555556, 24.934166666666666], [86.52605555555556, 24.934722222222224], [86.52550000000001, 24.934722222222224], [86.52550000000001, 24.935277777777777], [86.52577777777778, 24.935277777777777], [86.52577777777778, 24.935833333333335], [86.52688888888889, 24.935833333333335], [86.52688888888889, 24.936111111111114], [86.52661111111111, 24.936111111111114], [86.52661111111111, 24.936666666666667], [86.52744444444444, 24.936666666666667], [86.52744444444444, 24.937222222222225], [86.52688888888889, 24.937222222222225], [86.52688888888889, 24.9375], [86.52716666666667, 24.9375], [86.52716666666667, 24.93777777777778], [86.52744444444444, 24.93777777777778], [86.52744444444444, 24.938055555555557], [86.528, 24.938055555555557], [86.528, 24.938333333333333], [86.52827777777777, 24.938333333333333], [86.52827777777777, 24.93861111111111], [86.52938888888889, 24.93861111111111], [86.52938888888889, 24.938333333333333], [86.5291111111111, 24.938333333333333], [86.5291111111111, 24.938055555555557], [86.52883333333334, 24.938055555555557], [86.52883333333334, 24.93777777777778], [86.52855555555556, 24.93777777777778], [86.52855555555556, 24.9375], [86.52966666666667, 24.9375], [86.52966666666667, 24.936666666666667], [86.5305, 24.936666666666667], [86.5305, 24.935833333333335], [86.53022222222222, 24.935833333333335], [86.53022222222222, 24.935000000000002], [86.53133333333334, 24.935000000000002], [86.53133333333334, 24.935555555555556], [86.53161111111112, 24.935555555555556], [86.53161111111112, 24.936111111111114], [86.53188888888889, 24.936111111111114], [86.53188888888889, 24.935833333333335], [86.53216666666667, 24.935833333333335], [86.53216666666667, 24.935555555555556], [86.53355555555555, 24.935555555555556], [86.53355555555555, 24.935833333333335], [86.53327777777778, 24.935833333333335], [86.53327777777778, 24.936111111111114], [86.53272222222222, 24.936111111111114], [86.53272222222222, 24.936666666666667], [86.533, 24.936666666666667], [86.533, 24.936944444444446], [86.53244444444445, 24.936944444444446], [86.53244444444445, 24.937222222222225], [86.53216666666667, 24.937222222222225], [86.53216666666667, 24.93777777777778], [86.53244444444445, 24.93777777777778], [86.53244444444445, 24.938055555555557], [86.53105555555555, 24.938055555555557], [86.53105555555555, 24.93861111111111], [86.53133333333334, 24.93861111111111], [86.53133333333334, 24.93888888888889], [86.53161111111112, 24.93888888888889], [86.53161111111112, 24.93916666666667], [86.5305, 24.93916666666667], [86.5305, 24.93888888888889], [86.52966666666667, 24.93888888888889], [86.52966666666667, 24.939722222222223], [86.52994444444445, 24.939722222222223], [86.52994444444445, 24.94], [86.53022222222222, 24.94], [86.53022222222222, 24.94027777777778], [86.53077777777779, 24.94027777777778], [86.53077777777779, 24.940555555555555], [86.53161111111112, 24.940555555555555], [86.53161111111112, 24.940833333333334], [86.53244444444445, 24.940833333333334], [86.53244444444445, 24.94], [86.53188888888889, 24.94], [86.53188888888889, 24.939444444444444], [86.533, 24.939444444444444], [86.533, 24.93861111111111], [86.53355555555555, 24.93861111111111], [86.53355555555555, 24.93888888888889], [86.53383333333333, 24.93888888888889], [86.53383333333333, 24.93916666666667], [86.53411111111112, 24.93916666666667], [86.53411111111112, 24.939444444444444], [86.53466666666667, 24.939444444444444], [86.53466666666667, 24.938333333333333], [86.53522222222223, 24.938333333333333], [86.53522222222223, 24.93777777777778], [86.5355, 24.93777777777778], [86.5355, 24.938055555555557], [86.53577777777778, 24.938055555555557], [86.53577777777778, 24.938333333333333], [86.53605555555556, 24.938333333333333], [86.53605555555556, 24.938055555555557], [86.53661111111111, 24.938055555555557], [86.53661111111111, 24.93777777777778], [86.5368888888889, 24.93777777777778], [86.5368888888889, 24.937222222222225], [86.53716666666666, 24.937222222222225], [86.53716666666666, 24.9375], [86.538, 24.9375], [86.538, 24.938055555555557], [86.53772222222223, 24.938055555555557], [86.53772222222223, 24.938333333333333], [86.53883333333333, 24.938333333333333], [86.53883333333333, 24.939444444444444], [86.53827777777778, 24.939444444444444], [86.53827777777778, 24.93916666666667], [86.538, 24.93916666666667], [86.538, 24.939444444444444], [86.53744444444445, 24.939444444444444], [86.53744444444445, 24.939722222222223], [86.53716666666666, 24.939722222222223], [86.53716666666666, 24.94], [86.53744444444445, 24.94], [86.53744444444445, 24.94027777777778], [86.53772222222223, 24.94027777777778], [86.53772222222223, 24.940555555555555], [86.53744444444445, 24.940555555555555], [86.53744444444445, 24.940833333333334], [86.53661111111111, 24.940833333333334], [86.53661111111111, 24.941111111111113], [86.53355555555555, 24.941111111111113], [86.53355555555555, 24.941666666666666], [86.5355, 24.941666666666666], [86.5355, 24.941944444444445], [86.53605555555556, 24.941944444444445], [86.53605555555556, 24.942222222222224], [86.53661111111111, 24.942222222222224], [86.53661111111111, 24.942500000000003], [86.53716666666666, 24.942500000000003], [86.53716666666666, 24.942222222222224], [86.54050000000001, 24.942222222222224], [86.54050000000001, 24.941944444444445], [86.54077777777778, 24.941944444444445], [86.54077777777778, 24.941666666666666], [86.54133333333334, 24.941666666666666], [86.54133333333334, 24.941944444444445], [86.54188888888889, 24.941944444444445], [86.54188888888889, 24.942222222222224], [86.54355555555556, 24.942222222222224], [86.54355555555556, 24.941944444444445], [86.54383333333334, 24.941944444444445], [86.54383333333334, 24.941666666666666], [86.5441111111111, 24.941666666666666], [86.5441111111111, 24.94138888888889], [86.54438888888889, 24.94138888888889], [86.54438888888889, 24.941111111111113], [86.54522222222222, 24.941111111111113], [86.54522222222222, 24.940833333333334], [86.54577777777779, 24.940833333333334], [86.54577777777779, 24.940555555555555], [86.54633333333334, 24.940555555555555], [86.54633333333334, 24.94], [86.5455, 24.94], [86.5455, 24.939722222222223], [86.54383333333334, 24.939722222222223], [86.54383333333334, 24.939444444444444], [86.54355555555556, 24.939444444444444], [86.54355555555556, 24.93916666666667], [86.54466666666667, 24.93916666666667], [86.54466666666667, 24.93888888888889], [86.54605555555555, 24.93888888888889], [86.54605555555555, 24.93861111111111], [86.54633333333334, 24.93861111111111], [86.54633333333334, 24.938333333333333], [86.5455, 24.938333333333333], [86.5455, 24.9375], [86.54522222222222, 24.9375], [86.54522222222222, 24.93777777777778], [86.54466666666667, 24.93777777777778], [86.54466666666667, 24.938055555555557], [86.54355555555556, 24.938055555555557], [86.54355555555556, 24.93777777777778], [86.5441111111111, 24.93777777777778], [86.5441111111111, 24.9375], [86.54438888888889, 24.9375], [86.54438888888889, 24.937222222222225], [86.5441111111111, 24.937222222222225], [86.5441111111111, 24.936944444444446], [86.54438888888889, 24.936944444444446], [86.54438888888889, 24.936666666666667], [86.54466666666667, 24.936666666666667], [86.54466666666667, 24.936111111111114], [86.54438888888889, 24.936111111111114], [86.54438888888889, 24.935833333333335], [86.54383333333334, 24.935833333333335], [86.54383333333334, 24.936111111111114], [86.54355555555556, 24.936111111111114], [86.54355555555556, 24.935833333333335], [86.543, 24.935833333333335], [86.543, 24.935555555555556], [86.54327777777777, 24.935555555555556], [86.54327777777777, 24.935277777777777], [86.54466666666667, 24.935277777777777], [86.54466666666667, 24.934722222222224], [86.5455, 24.934722222222224], [86.5455, 24.934444444444445], [86.54577777777779, 24.934444444444445], [86.54577777777779, 24.934166666666666], [86.54522222222222, 24.934166666666666], [86.54522222222222, 24.93388888888889], [86.54466666666667, 24.93388888888889], [86.54466666666667, 24.933611111111112], [86.54355555555556, 24.933611111111112], [86.54355555555556, 24.933333333333334], [86.54327777777777, 24.933333333333334], [86.54327777777777, 24.933611111111112], [86.54161111111111, 24.933611111111112], [86.54161111111111, 24.934166666666666], [86.54105555555556, 24.934166666666666], [86.54105555555556, 24.93388888888889], [86.54022222222223, 24.93388888888889], [86.54022222222223, 24.934166666666666], [86.53994444444444, 24.934166666666666], [86.53994444444444, 24.93388888888889], [86.53966666666668, 24.93388888888889], [86.53966666666668, 24.934166666666666], [86.53855555555556, 24.934166666666666], [86.53855555555556, 24.93388888888889], [86.53883333333333, 24.93388888888889], [86.53883333333333, 24.933611111111112], [86.5393888888889, 24.933611111111112], [86.5393888888889, 24.933055555555555], [86.53966666666668, 24.933055555555555], [86.53966666666668, 24.933333333333334], [86.54050000000001, 24.933333333333334], [86.54050000000001, 24.933055555555555], [86.54077777777778, 24.933055555555555], [86.54077777777778, 24.93277777777778], [86.54161111111111, 24.93277777777778], [86.54161111111111, 24.9325], [86.54188888888889, 24.9325], [86.54188888888889, 24.93166666666667], [86.54244444444444, 24.93166666666667], [86.54244444444444, 24.931944444444444], [86.54272222222222, 24.931944444444444], [86.54272222222222, 24.932222222222222], [86.54355555555556, 24.932222222222222], [86.54355555555556, 24.93166666666667], [86.54383333333334, 24.93166666666667], [86.54383333333334, 24.93138888888889], [86.54355555555556, 24.93138888888889], [86.54355555555556, 24.93111111111111], [86.54383333333334, 24.93111111111111], [86.54383333333334, 24.930833333333336], [86.5441111111111, 24.930833333333336], [86.5441111111111, 24.93027777777778], [86.54438888888889, 24.93027777777778], [86.54438888888889, 24.929166666666667], [86.5441111111111, 24.929166666666667], [86.5441111111111, 24.92888888888889], [86.54494444444445, 24.92888888888889], [86.54494444444445, 24.93], [86.54522222222222, 24.93], [86.54522222222222, 24.930833333333336], [86.5455, 24.930833333333336], [86.5455, 24.93111111111111], [86.54577777777779, 24.93111111111111], [86.54577777777779, 24.93138888888889], [86.54605555555555, 24.93138888888889], [86.54605555555555, 24.93166666666667], [86.54661111111112, 24.93166666666667], [86.54661111111112, 24.930833333333336], [86.54716666666667, 24.930833333333336], [86.54716666666667, 24.930555555555557], [86.54772222222222, 24.930555555555557], [86.54772222222222, 24.930833333333336], [86.548, 24.930833333333336], [86.548, 24.93138888888889], [86.54772222222222, 24.93138888888889], [86.54772222222222, 24.931944444444444], [86.548, 24.931944444444444], [86.548, 24.932222222222222], [86.54855555555555, 24.932222222222222], [86.54855555555555, 24.93277777777778], [86.54911111111112, 24.93277777777778], [86.54911111111112, 24.9325], [86.55022222222223, 24.9325], [86.55022222222223, 24.932222222222222], [86.55105555555556, 24.932222222222222], [86.55105555555556, 24.931944444444444], [86.55244444444445, 24.931944444444444], [86.55244444444445, 24.93138888888889], [86.55327777777778, 24.93138888888889], [86.55327777777778, 24.930833333333336], [86.55355555555556, 24.930833333333336], [86.55355555555556, 24.930555555555557], [86.55383333333333, 24.930555555555557], [86.55383333333333, 24.929722222222225], [86.55355555555556, 24.929722222222225], [86.55355555555556, 24.929444444444446], [86.55327777777778, 24.929444444444446], [86.55327777777778, 24.929722222222225], [86.553, 24.929722222222225], [86.553, 24.93], [86.55272222222223, 24.93], [86.55272222222223, 24.930555555555557], [86.55216666666666, 24.930555555555557], [86.55216666666666, 24.93027777777778], [86.55161111111111, 24.93027777777778], [86.55161111111111, 24.930555555555557], [86.55077777777778, 24.930555555555557], [86.55077777777778, 24.93], [86.55105555555556, 24.93], [86.55105555555556, 24.929444444444446], [86.55133333333333, 24.929444444444446], [86.55133333333333, 24.929166666666667], [86.55022222222223, 24.929166666666667], [86.55022222222223, 24.929722222222225], [86.54994444444445, 24.929722222222225], [86.54994444444445, 24.93], [86.54966666666667, 24.93], [86.54966666666667, 24.93027777777778], [86.54938888888888, 24.93027777777778], [86.54938888888888, 24.929166666666667], [86.54966666666667, 24.929166666666667], [86.54966666666667, 24.92888888888889], [86.54938888888888, 24.92888888888889], [86.54938888888888, 24.928333333333335], [86.54911111111112, 24.928333333333335], [86.54911111111112, 24.928611111111113], [86.54855555555555, 24.928611111111113], [86.54855555555555, 24.92888888888889], [86.54827777777778, 24.92888888888889], [86.54827777777778, 24.929166666666667], [86.54772222222222, 24.929166666666667], [86.54772222222222, 24.92888888888889], [86.54633333333334, 24.92888888888889], [86.54633333333334, 24.928611111111113], [86.54661111111112, 24.928611111111113], [86.54661111111112, 24.928333333333335], [86.54688888888889, 24.928333333333335], [86.54688888888889, 24.928055555555556], [86.54716666666667, 24.928055555555556], [86.54716666666667, 24.927500000000002], [86.54688888888889, 24.927500000000002], [86.54688888888889, 24.927222222222223], [86.54744444444445, 24.927222222222223], [86.54744444444445, 24.927500000000002], [86.548, 24.927500000000002], [86.548, 24.926666666666666], [86.54744444444445, 24.926666666666666], [86.54744444444445, 24.92527777777778], [86.54688888888889, 24.92527777777778], [86.54688888888889, 24.925], [86.54494444444445, 24.925], [86.54494444444445, 24.92527777777778], [86.54438888888889, 24.92527777777778], [86.54438888888889, 24.925555555555558], [86.5441111111111, 24.925555555555558], [86.5441111111111, 24.926666666666666], [86.54383333333334, 24.926666666666666], [86.54383333333334, 24.926111111111112], [86.54327777777777, 24.926111111111112], [86.54327777777777, 24.925833333333333], [86.543, 24.925833333333333], [86.543, 24.926111111111112], [86.54188888888889, 24.926111111111112], [86.54188888888889, 24.92638888888889], [86.54161111111111, 24.92638888888889], [86.54161111111111, 24.926666666666666], [86.54105555555556, 24.926666666666666], [86.54105555555556, 24.92638888888889], [86.53911111111111, 24.92638888888889], [86.53911111111111, 24.926111111111112], [86.53855555555556, 24.926111111111112], [86.53855555555556, 24.925833333333333], [86.53966666666668, 24.925833333333333], [86.53966666666668, 24.925555555555558], [86.53994444444444, 24.925555555555558], [86.53994444444444, 24.92527777777778], [86.54022222222223, 24.92527777777778], [86.54022222222223, 24.925], [86.53966666666668, 24.925], [86.53966666666668, 24.924722222222222], [86.53911111111111, 24.924722222222222], [86.53911111111111, 24.925], [86.538, 24.925], [86.538, 24.924166666666668], [86.53716666666666, 24.924166666666668], [86.53716666666666, 24.923055555555557], [86.53661111111111, 24.923055555555557], [86.53661111111111, 24.921944444444446], [86.5368888888889, 24.921944444444446], [86.5368888888889, 24.9225], [86.53744444444445, 24.9225], [86.53744444444445, 24.922777777777778], [86.53772222222223, 24.922777777777778], [86.53772222222223, 24.923055555555557], [86.53827777777778, 24.923055555555557], [86.53827777777778, 24.923333333333336], [86.53855555555556, 24.923333333333336], [86.53855555555556, 24.92361111111111], [86.54077777777778, 24.92361111111111], [86.54077777777778, 24.923055555555557], [86.54050000000001, 24.923055555555557], [86.54050000000001, 24.922777777777778], [86.54022222222223, 24.922777777777778], [86.54022222222223, 24.9225], [86.53994444444444, 24.9225], [86.53994444444444, 24.921944444444446], [86.54105555555556, 24.921944444444446], [86.54105555555556, 24.922222222222224], [86.54188888888889, 24.922222222222224], [86.54188888888889, 24.921944444444446], [86.54161111111111, 24.921944444444446], [86.54161111111111, 24.921388888888888], [86.54188888888889, 24.921388888888888], [86.54188888888889, 24.921111111111113], [86.54161111111111, 24.921111111111113], [86.54161111111111, 24.920833333333334], [86.54188888888889, 24.920833333333334], [86.54188888888889, 24.92], [86.54161111111111, 24.92], [86.54161111111111, 24.919444444444444], [86.54133333333334, 24.919444444444444], [86.54133333333334, 24.91916666666667], [86.54216666666667, 24.91916666666667], [86.54216666666667, 24.919722222222223], [86.54244444444444, 24.919722222222223], [86.54244444444444, 24.920277777777777], [86.54272222222222, 24.920277777777777], [86.54272222222222, 24.920555555555556], [86.543, 24.920555555555556], [86.543, 24.920833333333334], [86.54327777777777, 24.920833333333334], [86.54327777777777, 24.921111111111113], [86.54383333333334, 24.921111111111113], [86.54383333333334, 24.921388888888888], [86.5441111111111, 24.921388888888888], [86.5441111111111, 24.921666666666667], [86.54438888888889, 24.921666666666667], [86.54438888888889, 24.921388888888888], [86.54466666666667, 24.921388888888888], [86.54466666666667, 24.921111111111113], [86.54494444444445, 24.921111111111113], [86.54494444444445, 24.920833333333334], [86.54522222222222, 24.920833333333334], [86.54522222222222, 24.920277777777777], [86.54494444444445, 24.920277777777777], [86.54494444444445, 24.92], [86.5455, 24.92], [86.5455, 24.919722222222223], [86.54522222222222, 24.919722222222223], [86.54522222222222, 24.91916666666667], [86.54466666666667, 24.91916666666667], [86.54466666666667, 24.91888888888889], [86.54494444444445, 24.91888888888889], [86.54494444444445, 24.91861111111111], [86.54605555555555, 24.91861111111111], [86.54605555555555, 24.91888888888889], [86.54633333333334, 24.91888888888889], [86.54633333333334, 24.91861111111111], [86.54661111111112, 24.91861111111111], [86.54661111111112, 24.918333333333333], [86.54688888888889, 24.918333333333333], [86.54688888888889, 24.918055555555558], [86.54716666666667, 24.918055555555558], [86.54716666666667, 24.9175], [86.54772222222222, 24.9175], [86.54772222222222, 24.91777777777778], [86.54744444444445, 24.91777777777778], [86.54744444444445, 24.918055555555558], [86.54772222222222, 24.918055555555558], [86.54772222222222, 24.918333333333333], [86.54855555555555, 24.918333333333333], [86.54855555555555, 24.91861111111111], [86.54911111111112, 24.91861111111111], [86.54911111111112, 24.918333333333333], [86.54938888888888, 24.918333333333333], [86.54938888888888, 24.91777777777778], [86.54966666666667, 24.91777777777778], [86.54966666666667, 24.9175], [86.54994444444445, 24.9175], [86.54994444444445, 24.91777777777778], [86.5505, 24.91777777777778], [86.5505, 24.918055555555558], [86.55077777777778, 24.918055555555558], [86.55077777777778, 24.91777777777778], [86.55105555555556, 24.91777777777778], [86.55105555555556, 24.918333333333333], [86.55133333333333, 24.918333333333333], [86.55133333333333, 24.918055555555558], [86.55216666666666, 24.918055555555558], [86.55216666666666, 24.91777777777778], [86.55411111111111, 24.91777777777778], [86.55411111111111, 24.9175], [86.55466666666666, 24.9175], [86.55466666666666, 24.91777777777778], [86.55577777777778, 24.91777777777778], [86.55577777777778, 24.9175], [86.55605555555556, 24.9175], [86.55605555555556, 24.918055555555558], [86.55633333333334, 24.918055555555558], [86.55633333333334, 24.918333333333333], [86.55605555555556, 24.918333333333333], [86.55605555555556, 24.91888888888889], [86.55577777777778, 24.91888888888889], [86.55577777777778, 24.91916666666667], [86.55661111111111, 24.91916666666667], [86.55661111111111, 24.919444444444444], [86.55744444444444, 24.919444444444444], [86.55744444444444, 24.918055555555558], [86.55855555555556, 24.918055555555558], [86.55855555555556, 24.91777777777778], [86.55938888888889, 24.91777777777778], [86.55938888888889, 24.9175], [86.55855555555556, 24.9175], [86.55855555555556, 24.916944444444447], [86.558, 24.916944444444447], [86.558, 24.91722222222222], [86.55744444444444, 24.91722222222222], [86.55744444444444, 24.916944444444447], [86.55661111111111, 24.916944444444447], [86.55661111111111, 24.916666666666668], [86.55605555555556, 24.916666666666668], [86.55605555555556, 24.91638888888889], [86.55522222222223, 24.91638888888889], [86.55522222222223, 24.916666666666668], [86.55494444444444, 24.916666666666668], [86.55494444444444, 24.916944444444447], [86.55466666666666, 24.916944444444447], [86.55466666666666, 24.91722222222222], [86.55383333333333, 24.91722222222222], [86.55383333333333, 24.916944444444447], [86.55355555555556, 24.916944444444447], [86.55355555555556, 24.91722222222222], [86.55327777777778, 24.91722222222222], [86.55327777777778, 24.916666666666668], [86.55272222222223, 24.916666666666668], [86.55272222222223, 24.91638888888889], [86.55244444444445, 24.91638888888889], [86.55244444444445, 24.91611111111111], [86.55216666666666, 24.91611111111111], [86.55216666666666, 24.915833333333335], [86.5518888888889, 24.915833333333335], [86.5518888888889, 24.91611111111111], [86.55133333333333, 24.91611111111111], [86.55133333333333, 24.91638888888889], [86.55077777777778, 24.91638888888889], [86.55077777777778, 24.91611111111111], [86.5505, 24.91611111111111], [86.5505, 24.915555555555557], [86.55022222222223, 24.915555555555557], [86.55022222222223, 24.915833333333335], [86.54938888888888, 24.915833333333335], [86.54938888888888, 24.91638888888889], [86.54883333333333, 24.91638888888889], [86.54883333333333, 24.91611111111111], [86.54855555555555, 24.91611111111111], [86.54855555555555, 24.915833333333335], [86.54827777777778, 24.915833333333335], [86.54827777777778, 24.915277777777778], [86.54855555555555, 24.915277777777778], [86.54855555555555, 24.915], [86.54772222222222, 24.915], [86.54772222222222, 24.915277777777778], [86.54716666666667, 24.915277777777778], [86.54716666666667, 24.915833333333335], [86.54661111111112, 24.915833333333335], [86.54661111111112, 24.915555555555557], [86.54688888888889, 24.915555555555557], [86.54688888888889, 24.915277777777778], [86.54661111111112, 24.915277777777778], [86.54661111111112, 24.915], [86.54688888888889, 24.915], [86.54688888888889, 24.914166666666667], [86.54716666666667, 24.914166666666667], [86.54716666666667, 24.91388888888889], [86.54661111111112, 24.91388888888889], [86.54661111111112, 24.913611111111113], [86.54577777777779, 24.913611111111113], [86.54577777777779, 24.914166666666667], [86.54438888888889, 24.914166666666667], [86.54438888888889, 24.914722222222224], [86.54383333333334, 24.914722222222224], [86.54383333333334, 24.915], [86.54355555555556, 24.915], [86.54355555555556, 24.915277777777778], [86.543, 24.915277777777778], [86.543, 24.915], [86.54272222222222, 24.915], [86.54272222222222, 24.914444444444445], [86.543, 24.914444444444445], [86.543, 24.91388888888889], [86.54272222222222, 24.91388888888889], [86.54272222222222, 24.913611111111113], [86.54327777777777, 24.913611111111113], [86.54327777777777, 24.913333333333334], [86.54383333333334, 24.913333333333334], [86.54383333333334, 24.91277777777778], [86.54355555555556, 24.91277777777778], [86.54355555555556, 24.9125], [86.543, 24.9125], [86.543, 24.912222222222223], [86.54216666666667, 24.912222222222223], [86.54216666666667, 24.9125], [86.54188888888889, 24.9125], [86.54188888888889, 24.912222222222223], [86.54133333333334, 24.912222222222223], [86.54133333333334, 24.911944444444444], [86.54105555555556, 24.911944444444444], [86.54105555555556, 24.91138888888889], [86.54133333333334, 24.91138888888889], [86.54133333333334, 24.91111111111111], [86.54161111111111, 24.91111111111111], [86.54161111111111, 24.910833333333333], [86.54188888888889, 24.910833333333333], [86.54188888888889, 24.910555555555558], [86.54216666666667, 24.910555555555558], [86.54216666666667, 24.91027777777778], [86.54272222222222, 24.91027777777778], [86.54272222222222, 24.91], [86.543, 24.91], [86.543, 24.909444444444446], [86.54327777777777, 24.909444444444446], [86.54327777777777, 24.909166666666668], [86.54383333333334, 24.909166666666668], [86.54383333333334, 24.909444444444446], [86.5441111111111, 24.909444444444446], [86.5441111111111, 24.90972222222222], [86.54438888888889, 24.90972222222222], [86.54438888888889, 24.91], [86.5441111111111, 24.91], [86.5441111111111, 24.910555555555558], [86.54466666666667, 24.910555555555558], [86.54466666666667, 24.910833333333333], [86.54494444444445, 24.910833333333333], [86.54494444444445, 24.91111111111111], [86.5455, 24.91111111111111], [86.5455, 24.910833333333333], [86.54577777777779, 24.910833333333333], [86.54577777777779, 24.910555555555558], [86.54661111111112, 24.910555555555558], [86.54661111111112, 24.910833333333333], [86.54855555555555, 24.910833333333333], [86.54855555555555, 24.910555555555558], [86.54911111111112, 24.910555555555558], [86.54911111111112, 24.910833333333333], [86.55022222222223, 24.910833333333333], [86.55022222222223, 24.91111111111111], [86.5505, 24.91111111111111], [86.5505, 24.91138888888889], [86.5518888888889, 24.91138888888889], [86.5518888888889, 24.91111111111111], [86.55216666666666, 24.91111111111111], [86.55216666666666, 24.91], [86.5518888888889, 24.91], [86.5518888888889, 24.90972222222222], [86.55161111111111, 24.90972222222222], [86.55161111111111, 24.909444444444446], [86.55133333333333, 24.909444444444446], [86.55133333333333, 24.909166666666668], [86.55105555555556, 24.909166666666668], [86.55105555555556, 24.90888888888889], [86.55077777777778, 24.90888888888889], [86.55077777777778, 24.907777777777778], [86.55133333333333, 24.907777777777778], [86.55133333333333, 24.908333333333335], [86.55161111111111, 24.908333333333335], [86.55161111111111, 24.908611111111114], [86.55244444444445, 24.908611111111114], [86.55244444444445, 24.90888888888889], [86.55272222222223, 24.90888888888889], [86.55272222222223, 24.909444444444446], [86.553, 24.909444444444446], [86.553, 24.91], [86.55327777777778, 24.91], [86.55327777777778, 24.91027777777778], [86.55355555555556, 24.91027777777778], [86.55355555555556, 24.910833333333333], [86.55383333333333, 24.910833333333333], [86.55383333333333, 24.91111111111111], [86.55494444444444, 24.91111111111111], [86.55494444444444, 24.91138888888889], [86.55522222222223, 24.91138888888889], [86.55522222222223, 24.91166666666667], [86.55550000000001, 24.91166666666667], [86.55550000000001, 24.91138888888889], [86.55688888888889, 24.91138888888889], [86.55688888888889, 24.910833333333333], [86.55716666666667, 24.910833333333333], [86.55716666666667, 24.91], [86.55688888888889, 24.91], [86.55688888888889, 24.90972222222222], [86.55661111111111, 24.90972222222222], [86.55661111111111, 24.909444444444446], [86.55605555555556, 24.909444444444446], [86.55605555555556, 24.90888888888889], [86.55522222222223, 24.90888888888889], [86.55522222222223, 24.908333333333335], [86.55494444444444, 24.908333333333335], [86.55494444444444, 24.907777777777778], [86.55522222222223, 24.907777777777778], [86.55522222222223, 24.908055555555556], [86.55550000000001, 24.908055555555556], [86.55550000000001, 24.907777777777778], [86.55577777777778, 24.907777777777778], [86.55577777777778, 24.908055555555556], [86.55605555555556, 24.908055555555556], [86.55605555555556, 24.907777777777778], [86.55661111111111, 24.907777777777778], [86.55661111111111, 24.907500000000002], [86.55688888888889, 24.907500000000002], [86.55688888888889, 24.906944444444445], [86.55661111111111, 24.906944444444445], [86.55661111111111, 24.906666666666666], [86.55688888888889, 24.906666666666666], [86.55688888888889, 24.905], [86.55716666666667, 24.905], [86.55716666666667, 24.904444444444444], [86.55688888888889, 24.904444444444444], [86.55688888888889, 24.90416666666667], [86.55744444444444, 24.90416666666667], [86.55744444444444, 24.904722222222222], [86.55772222222222, 24.904722222222222], [86.55772222222222, 24.905], [86.55744444444444, 24.905], [86.55744444444444, 24.905833333333334], [86.55772222222222, 24.905833333333334], [86.55772222222222, 24.906111111111112], [86.558, 24.906111111111112], [86.558, 24.906944444444445], [86.55827777777777, 24.906944444444445], [86.55827777777777, 24.907222222222224], [86.55883333333334, 24.907222222222224], [86.55883333333334, 24.907500000000002], [86.55938888888889, 24.907500000000002], [86.55938888888889, 24.908611111111114], [86.55911111111111, 24.908611111111114], [86.55911111111111, 24.909166666666668], [86.55938888888889, 24.909166666666668], [86.55938888888889, 24.909444444444446], [86.55911111111111, 24.909444444444446], [86.55911111111111, 24.90972222222222], [86.55966666666667, 24.90972222222222], [86.55966666666667, 24.90888888888889], [86.55994444444444, 24.90888888888889], [86.55994444444444, 24.908611111111114], [86.5605, 24.908611111111114], [86.5605, 24.90888888888889], [86.56022222222222, 24.90888888888889], [86.56022222222222, 24.909444444444446], [86.5605, 24.909444444444446], [86.5605, 24.91027777777778], [86.56022222222222, 24.91027777777778], [86.56022222222222, 24.910555555555558], [86.56077777777779, 24.910555555555558], [86.56077777777779, 24.910833333333333], [86.56161111111112, 24.910833333333333], [86.56161111111112, 24.910555555555558], [86.56188888888889, 24.910555555555558], [86.56188888888889, 24.909444444444446], [86.56216666666667, 24.909444444444446], [86.56216666666667, 24.909166666666668], [86.56272222222222, 24.909166666666668], [86.56272222222222, 24.908611111111114], [86.563, 24.908611111111114], [86.563, 24.908333333333335], [86.56327777777778, 24.908333333333335], [86.56327777777778, 24.908055555555556], [86.56355555555555, 24.908055555555556], [86.56355555555555, 24.909166666666668], [86.56327777777778, 24.909166666666668], [86.56327777777778, 24.91], [86.563, 24.91], [86.563, 24.910833333333333], [86.56327777777778, 24.910833333333333], [86.56327777777778, 24.91111111111111], [86.56411111111112, 24.91111111111111], [86.56411111111112, 24.91138888888889], [86.56438888888889, 24.91138888888889], [86.56438888888889, 24.91111111111111], [86.56522222222222, 24.91111111111111], [86.56522222222222, 24.910555555555558], [86.56577777777778, 24.910555555555558], [86.56577777777778, 24.910833333333333], [86.56744444444445, 24.910833333333333], [86.56744444444445, 24.91111111111111], [86.56772222222223, 24.91111111111111], [86.56772222222223, 24.91138888888889], [86.568, 24.91138888888889], [86.568, 24.910833333333333], [86.56772222222223, 24.910833333333333], [86.56772222222223, 24.91], [86.56744444444445, 24.91], [86.56744444444445, 24.90972222222222], [86.56827777777778, 24.90972222222222], [86.56827777777778, 24.91], [86.56911111111111, 24.91], [86.56911111111111, 24.91027777777778], [86.56994444444445, 24.91027777777778], [86.56994444444445, 24.91], [86.56966666666666, 24.91], [86.56966666666666, 24.909166666666668], [86.56994444444445, 24.909166666666668], [86.56994444444445, 24.90888888888889], [86.5705, 24.90888888888889], [86.5705, 24.909166666666668], [86.57188888888889, 24.909166666666668], [86.57188888888889, 24.909444444444446], [86.57244444444444, 24.909444444444446], [86.57244444444444, 24.909166666666668], [86.57272222222223, 24.909166666666668], [86.57272222222223, 24.90888888888889], [86.57244444444444, 24.90888888888889], [86.57244444444444, 24.908611111111114], [86.57272222222223, 24.908611111111114], [86.57272222222223, 24.908333333333335], [86.57244444444444, 24.908333333333335], [86.57244444444444, 24.908055555555556], [86.57188888888889, 24.908055555555556], [86.57188888888889, 24.907777777777778], [86.57161111111111, 24.907777777777778], [86.57161111111111, 24.907500000000002], [86.57216666666667, 24.907500000000002], [86.57216666666667, 24.906944444444445], [86.57188888888889, 24.906944444444445], [86.57188888888889, 24.906666666666666], [86.57133333333334, 24.906666666666666], [86.57133333333334, 24.906111111111112], [86.57300000000001, 24.906111111111112], [86.57300000000001, 24.905833333333334], [86.57327777777778, 24.905833333333334], [86.57327777777778, 24.90527777777778], [86.57355555555556, 24.90527777777778], [86.57355555555556, 24.904444444444444], [86.57383333333334, 24.904444444444444], [86.57383333333334, 24.90361111111111], [86.57300000000001, 24.90361111111111], [86.57300000000001, 24.903333333333332], [86.57133333333334, 24.903333333333332], [86.57133333333334, 24.90277777777778], [86.57188888888889, 24.90277777777778], [86.57188888888889, 24.9025], [86.57272222222223, 24.9025], [86.57272222222223, 24.902222222222225], [86.57244444444444, 24.902222222222225], [86.57244444444444, 24.901666666666667], [86.57272222222223, 24.901666666666667], [86.57272222222223, 24.901944444444446], [86.57300000000001, 24.901944444444446], [86.57300000000001, 24.901666666666667], [86.57327777777778, 24.901666666666667], [86.57327777777778, 24.901944444444446], [86.57355555555556, 24.901944444444446], [86.57355555555556, 24.9025], [86.57327777777778, 24.9025], [86.57327777777778, 24.90277777777778], [86.57494444444444, 24.90277777777778], [86.57494444444444, 24.903055555555557], [86.57522222222222, 24.903055555555557], [86.57522222222222, 24.90277777777778], [86.5755, 24.90277777777778], [86.5755, 24.9025], [86.57522222222222, 24.9025], [86.57522222222222, 24.901944444444446], [86.5755, 24.901944444444446], [86.5755, 24.901666666666667], [86.57577777777777, 24.901666666666667], [86.57577777777777, 24.90138888888889], [86.57605555555556, 24.90138888888889], [86.57605555555556, 24.901944444444446], [86.57633333333334, 24.901944444444446], [86.57633333333334, 24.902222222222225], [86.57661111111112, 24.902222222222225], [86.57661111111112, 24.9025], [86.57688888888889, 24.9025], [86.57688888888889, 24.903055555555557], [86.57661111111112, 24.903055555555557], [86.57661111111112, 24.903333333333332], [86.57633333333334, 24.903333333333332], [86.57633333333334, 24.90361111111111], [86.57494444444444, 24.90361111111111], [86.57494444444444, 24.90388888888889], [86.57466666666667, 24.90388888888889], [86.57466666666667, 24.904444444444444], [86.57494444444444, 24.904444444444444], [86.57494444444444, 24.904722222222222], [86.57577777777777, 24.904722222222222], [86.57577777777777, 24.905], [86.5755, 24.905], [86.5755, 24.90638888888889], [86.57577777777777, 24.90638888888889], [86.57577777777777, 24.906944444444445], [86.5755, 24.906944444444445], [86.5755, 24.907500000000002], [86.57577777777777, 24.907500000000002], [86.57577777777777, 24.907777777777778], [86.57688888888889, 24.907777777777778], [86.57688888888889, 24.907500000000002], [86.57716666666667, 24.907500000000002], [86.57716666666667, 24.906666666666666], [86.57744444444445, 24.906666666666666], [86.57744444444445, 24.906944444444445], [86.57827777777779, 24.906944444444445], [86.57827777777779, 24.906666666666666], [86.57883333333334, 24.906666666666666], [86.57883333333334, 24.906944444444445], [86.57855555555555, 24.906944444444445], [86.57855555555555, 24.907222222222224], [86.57827777777779, 24.907222222222224], [86.57827777777779, 24.907777777777778], [86.578, 24.907777777777778], [86.578, 24.908055555555556], [86.57855555555555, 24.908055555555556], [86.57855555555555, 24.908333333333335], [86.57883333333334, 24.908333333333335], [86.57883333333334, 24.908055555555556], [86.5805, 24.908055555555556], [86.5805, 24.907777777777778], [86.58244444444445, 24.907777777777778], [86.58244444444445, 24.908333333333335], [86.58105555555555, 24.908333333333335], [86.58105555555555, 24.908611111111114], [86.58077777777778, 24.908611111111114], [86.58077777777778, 24.90888888888889], [86.58022222222222, 24.90888888888889], [86.58022222222222, 24.909444444444446], [86.5805, 24.909444444444446], [86.5805, 24.90972222222222], [86.58077777777778, 24.90972222222222], [86.58077777777778, 24.91], [86.58105555555555, 24.91], [86.58105555555555, 24.910555555555558], [86.5805, 24.910555555555558], [86.5805, 24.91027777777778], [86.58022222222222, 24.91027777777778], [86.58022222222222, 24.91], [86.57994444444445, 24.91], [86.57994444444445, 24.90972222222222], [86.57966666666667, 24.90972222222222], [86.57966666666667, 24.909166666666668], [86.57883333333334, 24.909166666666668], [86.57883333333334, 24.909444444444446], [86.57855555555555, 24.909444444444446], [86.57855555555555, 24.909166666666668], [86.57827777777779, 24.909166666666668], [86.57827777777779, 24.909444444444446], [86.57744444444445, 24.909444444444446], [86.57744444444445, 24.90972222222222], [86.57716666666667, 24.90972222222222], [86.57716666666667, 24.91027777777778], [86.57772222222222, 24.91027777777778], [86.57772222222222, 24.910833333333333], [86.57827777777779, 24.910833333333333], [86.57827777777779, 24.91111111111111], [86.57855555555555, 24.91111111111111], [86.57855555555555, 24.91138888888889], [86.57938888888889, 24.91138888888889], [86.57938888888889, 24.911944444444444], [86.57883333333334, 24.911944444444444], [86.57883333333334, 24.912222222222223], [86.578, 24.912222222222223], [86.578, 24.913333333333334], [86.57855555555555, 24.913333333333334], [86.57855555555555, 24.914166666666667], [86.578, 24.914166666666667], [86.578, 24.91388888888889], [86.57716666666667, 24.91388888888889], [86.57716666666667, 24.913611111111113], [86.57688888888889, 24.913611111111113], [86.57688888888889, 24.913333333333334], [86.57716666666667, 24.913333333333334], [86.57716666666667, 24.91277777777778], [86.57661111111112, 24.91277777777778], [86.57661111111112, 24.9125], [86.57577777777777, 24.9125], [86.57577777777777, 24.91277777777778], [86.57522222222222, 24.91277777777778], [86.57522222222222, 24.913055555555555], [86.57494444444444, 24.913055555555555], [86.57494444444444, 24.913611111111113], [86.57466666666667, 24.913611111111113], [86.57466666666667, 24.91388888888889], [86.5755, 24.91388888888889], [86.5755, 24.913611111111113], [86.57605555555556, 24.913611111111113], [86.57605555555556, 24.91388888888889], [86.57633333333334, 24.91388888888889], [86.57633333333334, 24.914166666666667], [86.57605555555556, 24.914166666666667], [86.57605555555556, 24.915], [86.5755, 24.915], [86.5755, 24.91611111111111], [86.57577777777777, 24.91611111111111], [86.57577777777777, 24.91638888888889], [86.57772222222222, 24.91638888888889], [86.57772222222222, 24.916944444444447], [86.57716666666667, 24.916944444444447], [86.57716666666667, 24.91722222222222], [86.57605555555556, 24.91722222222222], [86.57605555555556, 24.9175], [86.57577777777777, 24.9175], [86.57577777777777, 24.918055555555558], [86.57605555555556, 24.918055555555558], [86.57605555555556, 24.918333333333333], [86.57633333333334, 24.918333333333333], [86.57633333333334, 24.91861111111111], [86.57661111111112, 24.91861111111111], [86.57661111111112, 24.91888888888889], [86.57772222222222, 24.91888888888889], [86.57772222222222, 24.91916666666667], [86.578, 24.91916666666667], [86.578, 24.919444444444444], [86.57855555555555, 24.919444444444444], [86.57855555555555, 24.91916666666667], [86.57883333333334, 24.91916666666667], [86.57883333333334, 24.91861111111111], [86.57911111111112, 24.91861111111111], [86.57911111111112, 24.91888888888889], [86.58022222222222, 24.91888888888889], [86.58022222222222, 24.918333333333333], [86.5805, 24.918333333333333], [86.5805, 24.91777777777778], [86.58077777777778, 24.91777777777778], [86.58077777777778, 24.918055555555558], [86.58105555555555, 24.918055555555558], [86.58105555555555, 24.918333333333333], [86.58216666666667, 24.918333333333333], [86.58216666666667, 24.918055555555558], [86.58244444444445, 24.918055555555558], [86.58244444444445, 24.91861111111111], [86.58216666666667, 24.91861111111111], [86.58216666666667, 24.91888888888889], [86.5818888888889, 24.91888888888889], [86.5818888888889, 24.91916666666667], [86.58133333333333, 24.91916666666667], [86.58133333333333, 24.919444444444444], [86.58105555555555, 24.919444444444444], [86.58105555555555, 24.919722222222223], [86.58077777777778, 24.919722222222223], [86.58077777777778, 24.920277777777777], [86.58105555555555, 24.920277777777777], [86.58105555555555, 24.920555555555556], [86.58133333333333, 24.920555555555556], [86.58133333333333, 24.920277777777777], [86.5818888888889, 24.920277777777777], [86.5818888888889, 24.92], [86.58244444444445, 24.92], [86.58244444444445, 24.920277777777777], [86.58327777777778, 24.920277777777777], [86.58327777777778, 24.92], [86.58383333333333, 24.92], [86.58383333333333, 24.920277777777777], [86.58411111111111, 24.920277777777777], [86.58411111111111, 24.920555555555556], [86.5843888888889, 24.920555555555556], [86.5843888888889, 24.920277777777777], [86.58494444444445, 24.920277777777777], [86.58494444444445, 24.920555555555556], [86.58605555555556, 24.920555555555556], [86.58605555555556, 24.920833333333334], [86.58577777777778, 24.920833333333334], [86.58577777777778, 24.921111111111113], [86.58466666666666, 24.921111111111113], [86.58466666666666, 24.921388888888888], [86.58355555555556, 24.921388888888888], [86.58355555555556, 24.921666666666667], [86.58272222222223, 24.921666666666667], [86.58272222222223, 24.921944444444446], [86.58244444444445, 24.921944444444446], [86.58244444444445, 24.9225], [86.58216666666667, 24.9225], [86.58216666666667, 24.922777777777778], [86.58244444444445, 24.922777777777778], [86.58244444444445, 24.923055555555557], [86.583, 24.923055555555557], [86.583, 24.923333333333336], [86.58327777777778, 24.923333333333336], [86.58327777777778, 24.923055555555557], [86.58411111111111, 24.923055555555557], [86.58411111111111, 24.923333333333336], [86.5843888888889, 24.923333333333336], [86.5843888888889, 24.92388888888889], [86.58383333333333, 24.92388888888889], [86.58383333333333, 24.924166666666668], [86.58411111111111, 24.924166666666668], [86.58411111111111, 24.924444444444447], [86.5843888888889, 24.924444444444447], [86.5843888888889, 24.925], [86.58383333333333, 24.925], [86.58383333333333, 24.92527777777778], [86.58327777777778, 24.92527777777778], [86.58327777777778, 24.925555555555558], [86.583, 24.925555555555558], [86.583, 24.925833333333333], [86.5843888888889, 24.925833333333333], [86.5843888888889, 24.925555555555558], [86.58522222222223, 24.925555555555558], [86.58522222222223, 24.925833333333333], [86.58577777777778, 24.925833333333333], [86.58577777777778, 24.925555555555558], [86.58605555555556, 24.925555555555558], [86.58605555555556, 24.925], [86.58633333333333, 24.925], [86.58633333333333, 24.924722222222222], [86.58661111111111, 24.924722222222222], [86.58661111111111, 24.924444444444447], [86.5868888888889, 24.924444444444447], [86.5868888888889, 24.924166666666668], [86.58772222222223, 24.924166666666668], [86.58772222222223, 24.92388888888889], [86.58855555555556, 24.92388888888889], [86.58855555555556, 24.924722222222222], [86.58827777777778, 24.924722222222222], [86.58827777777778, 24.925], [86.58911111111111, 24.925], [86.58911111111111, 24.92527777777778], [86.58938888888889, 24.92527777777778], [86.58938888888889, 24.925555555555558], [86.58911111111111, 24.925555555555558], [86.58911111111111, 24.926111111111112], [86.58883333333334, 24.926111111111112], [86.58883333333334, 24.92638888888889], [86.58938888888889, 24.92638888888889], [86.58938888888889, 24.926666666666666], [86.58994444444444, 24.926666666666666], [86.58994444444444, 24.927222222222223], [86.5905, 24.927222222222223], [86.5905, 24.927500000000002], [86.58966666666667, 24.927500000000002], [86.58966666666667, 24.927777777777777], [86.58883333333334, 24.927777777777777], [86.58883333333334, 24.928333333333335], [86.58911111111111, 24.928333333333335], [86.58911111111111, 24.928611111111113], [86.58938888888889, 24.928611111111113], [86.58938888888889, 24.92888888888889], [86.58966666666667, 24.92888888888889], [86.58966666666667, 24.929166666666667], [86.58994444444444, 24.929166666666667], [86.58994444444444, 24.929444444444446], [86.59022222222222, 24.929444444444446], [86.59022222222222, 24.929722222222225], [86.58911111111111, 24.929722222222225], [86.58911111111111, 24.929444444444446], [86.58855555555556, 24.929444444444446], [86.58855555555556, 24.92888888888889], [86.58827777777778, 24.92888888888889], [86.58827777777778, 24.929166666666667], [86.58744444444444, 24.929166666666667], [86.58744444444444, 24.92888888888889], [86.5868888888889, 24.92888888888889], [86.5868888888889, 24.929166666666667], [86.58661111111111, 24.929166666666667], [86.58661111111111, 24.929722222222225], [86.5868888888889, 24.929722222222225], [86.5868888888889, 24.93027777777778], [86.58716666666668, 24.93027777777778], [86.58716666666668, 24.930555555555557], [86.5868888888889, 24.930555555555557], [86.5868888888889, 24.930833333333336], [86.58661111111111, 24.930833333333336], [86.58661111111111, 24.93111111111111], [86.58605555555556, 24.93111111111111], [86.58605555555556, 24.930833333333336], [86.58577777777778, 24.930833333333336], [86.58577777777778, 24.930555555555557], [86.5855, 24.930555555555557], [86.5855, 24.93027777777778], [86.5843888888889, 24.93027777777778], [86.5843888888889, 24.930555555555557], [86.58411111111111, 24.930555555555557], [86.58411111111111, 24.93111111111111], [86.5843888888889, 24.93111111111111], [86.5843888888889, 24.931944444444444], [86.58383333333333, 24.931944444444444], [86.58383333333333, 24.93166666666667], [86.583, 24.93166666666667], [86.583, 24.93111111111111], [86.5818888888889, 24.93111111111111], [86.5818888888889, 24.93027777777778], [86.58077777777778, 24.93027777777778], [86.58077777777778, 24.930555555555557], [86.57994444444445, 24.930555555555557], [86.57994444444445, 24.930833333333336], [86.57883333333334, 24.930833333333336], [86.57883333333334, 24.930555555555557], [86.57855555555555, 24.930555555555557], [86.57855555555555, 24.93027777777778], [86.57827777777779, 24.93027777777778], [86.57827777777779, 24.93], [86.578, 24.93], [86.578, 24.93027777777778], [86.57688888888889, 24.93027777777778], [86.57688888888889, 24.930555555555557], [86.57633333333334, 24.930555555555557], [86.57633333333334, 24.930833333333336], [86.57661111111112, 24.930833333333336], [86.57661111111112, 24.93111111111111], [86.57744444444445, 24.93111111111111], [86.57744444444445, 24.93138888888889], [86.57938888888889, 24.93138888888889], [86.57938888888889, 24.93166666666667], [86.57994444444445, 24.93166666666667], [86.57994444444445, 24.93138888888889], [86.58077777777778, 24.93138888888889], [86.58077777777778, 24.93166666666667], [86.58105555555555, 24.93166666666667], [86.58105555555555, 24.931944444444444], [86.58077777777778, 24.931944444444444], [86.58077777777778, 24.93277777777778], [86.58105555555555, 24.93277777777778], [86.58105555555555, 24.933055555555555], [86.58161111111112, 24.933055555555555], [86.58161111111112, 24.933333333333334], [86.58244444444445, 24.933333333333334], [86.58244444444445, 24.933611111111112], [86.58216666666667, 24.933611111111112], [86.58216666666667, 24.93388888888889], [86.5805, 24.93388888888889], [86.5805, 24.934166666666666], [86.58022222222222, 24.934166666666666], [86.58022222222222, 24.933611111111112], [86.57911111111112, 24.933611111111112], [86.57911111111112, 24.93388888888889], [86.57827777777779, 24.93388888888889], [86.57827777777779, 24.933611111111112], [86.578, 24.933611111111112], [86.578, 24.93388888888889], [86.57744444444445, 24.93388888888889], [86.57744444444445, 24.934166666666666], [86.57716666666667, 24.934166666666666], [86.57716666666667, 24.93388888888889], [86.57605555555556, 24.93388888888889], [86.57605555555556, 24.933611111111112], [86.5755, 24.933611111111112], [86.5755, 24.934722222222224], [86.57577777777777, 24.934722222222224], [86.57577777777777, 24.935000000000002], [86.57661111111112, 24.935000000000002], [86.57661111111112, 24.935277777777777], [86.57716666666667, 24.935277777777777], [86.57716666666667, 24.935555555555556], [86.57827777777779, 24.935555555555556], [86.57827777777779, 24.935833333333335], [86.578, 24.935833333333335], [86.578, 24.936111111111114], [86.57911111111112, 24.936111111111114], [86.57911111111112, 24.93638888888889], [86.57994444444445, 24.93638888888889], [86.57994444444445, 24.936666666666667], [86.57966666666667, 24.936666666666667], [86.57966666666667, 24.936944444444446], [86.58022222222222, 24.936944444444446], [86.58022222222222, 24.937222222222225], [86.57966666666667, 24.937222222222225], [86.57966666666667, 24.9375], [86.57911111111112, 24.9375], [86.57911111111112, 24.93777777777778], [86.57855555555555, 24.93777777777778], [86.57855555555555, 24.9375], [86.57827777777779, 24.9375], [86.57827777777779, 24.937222222222225], [86.578, 24.937222222222225], [86.578, 24.93777777777778], [86.57716666666667, 24.93777777777778], [86.57716666666667, 24.938333333333333], [86.57744444444445, 24.938333333333333], [86.57744444444445, 24.93888888888889], [86.57772222222222, 24.93888888888889], [86.57772222222222, 24.939444444444444], [86.57744444444445, 24.939444444444444], [86.57744444444445, 24.939722222222223], [86.57716666666667, 24.939722222222223], [86.57716666666667, 24.939444444444444], [86.57688888888889, 24.939444444444444], [86.57688888888889, 24.939722222222223], [86.57661111111112, 24.939722222222223], [86.57661111111112, 24.939444444444444], [86.57633333333334, 24.939444444444444], [86.57633333333334, 24.93916666666667], [86.5755, 24.93916666666667], [86.5755, 24.93888888888889], [86.57466666666667, 24.93888888888889], [86.57466666666667, 24.93861111111111], [86.57411111111111, 24.93861111111111], [86.57411111111111, 24.938333333333333], [86.57355555555556, 24.938333333333333], [86.57355555555556, 24.93861111111111], [86.57327777777778, 24.93861111111111], [86.57327777777778, 24.93916666666667], [86.57244444444444, 24.93916666666667], [86.57244444444444, 24.93888888888889], [86.57188888888889, 24.93888888888889], [86.57188888888889, 24.93861111111111], [86.57133333333334, 24.93861111111111], [86.57133333333334, 24.93888888888889], [86.57105555555556, 24.93888888888889], [86.57105555555556, 24.939722222222223], [86.57133333333334, 24.939722222222223], [86.57133333333334, 24.94], [86.57188888888889, 24.94], [86.57188888888889, 24.94027777777778], [86.57272222222223, 24.94027777777778], [86.57272222222223, 24.940555555555555], [86.57300000000001, 24.940555555555555], [86.57300000000001, 24.94027777777778], [86.57383333333334, 24.94027777777778], [86.57383333333334, 24.940555555555555], [86.57355555555556, 24.940555555555555], [86.57355555555556, 24.941666666666666], [86.57272222222223, 24.941666666666666], [86.57272222222223, 24.942222222222224], [86.57244444444444, 24.942222222222224], [86.57244444444444, 24.941666666666666], [86.57077777777778, 24.941666666666666], [86.57077777777778, 24.941944444444445], [86.57022222222223, 24.941944444444445], [86.57022222222223, 24.942222222222224], [86.56994444444445, 24.942222222222224], [86.56994444444445, 24.941944444444445], [86.56966666666666, 24.941944444444445], [86.56966666666666, 24.941666666666666], [86.5693888888889, 24.941666666666666], [86.5693888888889, 24.94138888888889], [86.56911111111111, 24.94138888888889], [86.56911111111111, 24.941666666666666], [86.56855555555556, 24.941666666666666], [86.56855555555556, 24.941944444444445], [86.56883333333333, 24.941944444444445], [86.56883333333333, 24.942222222222224], [86.56855555555556, 24.942222222222224], [86.56855555555556, 24.943055555555556], [86.56633333333333, 24.943055555555556], [86.56633333333333, 24.942777777777778], [86.56577777777778, 24.942777777777778], [86.56577777777778, 24.942500000000003], [86.5655, 24.942500000000003], [86.5655, 24.942222222222224], [86.56522222222222, 24.942222222222224], [86.56522222222222, 24.941944444444445], [86.56494444444445, 24.941944444444445], [86.56494444444445, 24.941666666666666], [86.56466666666667, 24.941666666666666], [86.56466666666667, 24.94138888888889], [86.56438888888889, 24.94138888888889], [86.56438888888889, 24.941111111111113], [86.56411111111112, 24.941111111111113], [86.56411111111112, 24.940833333333334], [86.56383333333333, 24.940833333333334], [86.56383333333333, 24.94], [86.56327777777778, 24.94], [86.56327777777778, 24.939722222222223], [86.56216666666667, 24.939722222222223], [86.56216666666667, 24.939444444444444], [86.56188888888889, 24.939444444444444], [86.56188888888889, 24.939722222222223], [86.56161111111112, 24.939722222222223], [86.56161111111112, 24.940555555555555], [86.56133333333334, 24.940555555555555], [86.56133333333334, 24.94138888888889], [86.56161111111112, 24.94138888888889], [86.56161111111112, 24.941944444444445], [86.56188888888889, 24.941944444444445], [86.56188888888889, 24.942222222222224], [86.56216666666667, 24.942222222222224], [86.56216666666667, 24.942777777777778], [86.56244444444445, 24.942777777777778], [86.56244444444445, 24.943055555555556], [86.56272222222222, 24.943055555555556], [86.56272222222222, 24.943333333333335], [86.563, 24.943333333333335], [86.563, 24.94361111111111], [86.56327777777778, 24.94361111111111], [86.56327777777778, 24.944166666666668], [86.56355555555555, 24.944166666666668], [86.56355555555555, 24.944444444444446], [86.56438888888889, 24.944444444444446], [86.56438888888889, 24.94472222222222], [86.5655, 24.94472222222222], [86.5655, 24.945], [86.5668888888889, 24.945], [86.5668888888889, 24.94527777777778], [86.568, 24.94527777777778], [86.568, 24.945555555555558], [86.56855555555556, 24.945555555555558], [86.56855555555556, 24.945833333333333], [86.56911111111111, 24.945833333333333], [86.56911111111111, 24.94611111111111], [86.56966666666666, 24.94611111111111], [86.56966666666666, 24.94638888888889], [86.5705, 24.94638888888889], [86.5705, 24.94666666666667], [86.57383333333334, 24.94666666666667], [86.57383333333334, 24.94638888888889], [86.57577777777777, 24.94638888888889], [86.57577777777777, 24.946944444444444], [86.57716666666667, 24.946944444444444], [86.57716666666667, 24.947222222222223], [86.57827777777779, 24.947222222222223], [86.57827777777779, 24.946944444444444], [86.57855555555555, 24.946944444444444], [86.57855555555555, 24.94666666666667], [86.57883333333334, 24.94666666666667], [86.57883333333334, 24.94611111111111], [86.57911111111112, 24.94611111111111], [86.57911111111112, 24.94638888888889], [86.57966666666667, 24.94638888888889], [86.57966666666667, 24.947222222222223], [86.57994444444445, 24.947222222222223], [86.57994444444445, 24.9475], [86.58022222222222, 24.9475], [86.58022222222222, 24.948055555555555], [86.58077777777778, 24.948055555555555], [86.58077777777778, 24.948333333333334], [86.58161111111112, 24.948333333333334], [86.58161111111112, 24.948611111111113], [86.58272222222223, 24.948611111111113], [86.58272222222223, 24.948333333333334], [86.58327777777778, 24.948333333333334], [86.58327777777778, 24.948611111111113], [86.58383333333333, 24.948611111111113], [86.58383333333333, 24.948333333333334], [86.5843888888889, 24.948333333333334], [86.5843888888889, 24.949722222222224], [86.58494444444445, 24.949722222222224], [86.58494444444445, 24.95], [86.5855, 24.95], [86.5855, 24.950277777777778], [86.58744444444444, 24.950277777777778], [86.58744444444444, 24.95], [86.58800000000001, 24.95], [86.58800000000001, 24.950277777777778], [86.58855555555556, 24.950277777777778], [86.58855555555556, 24.950555555555557], [86.58883333333334, 24.950555555555557], [86.58883333333334, 24.950833333333335], [86.59077777777777, 24.950833333333335], [86.59077777777777, 24.95111111111111], [86.59105555555556, 24.95111111111111], [86.59105555555556, 24.95138888888889], [86.59383333333334, 24.95138888888889], [86.59383333333334, 24.95111111111111], [86.59466666666667, 24.95111111111111], [86.59466666666667, 24.950833333333335], [86.59577777777778, 24.950833333333335], [86.59577777777778, 24.95111111111111], [86.598, 24.95111111111111], [86.598, 24.95138888888889], [86.59911111111111, 24.95138888888889], [86.59911111111111, 24.951666666666668], [86.5993888888889, 24.951666666666668], [86.5993888888889, 24.951944444444447], [86.59966666666666, 24.951944444444447], [86.59966666666666, 24.952222222222222], [86.60244444444444, 24.952222222222222], [86.60244444444444, 24.951666666666668], [86.60272222222223, 24.951666666666668], [86.60272222222223, 24.95111111111111], [86.60216666666668, 24.95111111111111], [86.60216666666668, 24.95138888888889], [86.6018888888889, 24.95138888888889], [86.6018888888889, 24.951666666666668], [86.60105555555556, 24.951666666666668], [86.60105555555556, 24.95138888888889], [86.6005, 24.95138888888889], [86.6005, 24.95111111111111], [86.60022222222223, 24.95111111111111], [86.60022222222223, 24.950833333333335], [86.59994444444445, 24.950833333333335], [86.59994444444445, 24.950555555555557], [86.5993888888889, 24.950555555555557], [86.5993888888889, 24.950277777777778], [86.59883333333333, 24.950277777777778], [86.59883333333333, 24.95], [86.5955, 24.95], [86.5955, 24.949722222222224], [86.59438888888889, 24.949722222222224], [86.59438888888889, 24.949444444444445], [86.59216666666667, 24.949444444444445], [86.59216666666667, 24.949166666666667], [86.59133333333334, 24.949166666666667], [86.59133333333334, 24.948888888888888], [86.5916111111111, 24.948888888888888], [86.5916111111111, 24.948333333333334], [86.59133333333334, 24.948333333333334], [86.59133333333334, 24.948055555555555], [86.59077777777777, 24.948055555555555], [86.59077777777777, 24.94777777777778], [86.5905, 24.94777777777778], [86.5905, 24.947222222222223], [86.59022222222222, 24.947222222222223], [86.59022222222222, 24.946944444444444], [86.58966666666667, 24.946944444444444], [86.58966666666667, 24.94666666666667], [86.58883333333334, 24.94666666666667], [86.58883333333334, 24.94638888888889], [86.58855555555556, 24.94638888888889], [86.58855555555556, 24.94611111111111], [86.58827777777778, 24.94611111111111], [86.58827777777778, 24.945555555555558], [86.58800000000001, 24.945555555555558], [86.58800000000001, 24.945], [86.58772222222223, 24.945], [86.58772222222223, 24.94472222222222], [86.58827777777778, 24.94472222222222], [86.58827777777778, 24.945], [86.58883333333334, 24.945], [86.58883333333334, 24.94527777777778], [86.5905, 24.94527777777778], [86.5905, 24.945555555555558], [86.59216666666667, 24.945555555555558], [86.59216666666667, 24.94527777777778], [86.59133333333334, 24.94527777777778], [86.59133333333334, 24.945], [86.59077777777777, 24.945], [86.59077777777777, 24.94472222222222], [86.5905, 24.94472222222222], [86.5905, 24.944444444444446], [86.59077777777777, 24.944444444444446], [86.59077777777777, 24.944166666666668], [86.59105555555556, 24.944166666666668], [86.59105555555556, 24.944444444444446], [86.59133333333334, 24.944444444444446], [86.59133333333334, 24.943333333333335], [86.59105555555556, 24.943333333333335], [86.59105555555556, 24.943055555555556], [86.59077777777777, 24.943055555555556], [86.59077777777777, 24.942777777777778], [86.5905, 24.942777777777778], [86.5905, 24.942500000000003], [86.58911111111111, 24.942500000000003], [86.58911111111111, 24.941944444444445], [86.58883333333334, 24.941944444444445], [86.58883333333334, 24.941666666666666], [86.58855555555556, 24.941666666666666], [86.58855555555556, 24.94138888888889], [86.58883333333334, 24.94138888888889], [86.58883333333334, 24.941111111111113], [86.58911111111111, 24.941111111111113], [86.58911111111111, 24.940833333333334], [86.58855555555556, 24.940833333333334], [86.58855555555556, 24.941111111111113], [86.58827777777778, 24.941111111111113], [86.58827777777778, 24.940833333333334], [86.58744444444444, 24.940833333333334], [86.58744444444444, 24.941111111111113], [86.5868888888889, 24.941111111111113], [86.5868888888889, 24.94138888888889], [86.58661111111111, 24.94138888888889], [86.58661111111111, 24.941666666666666], [86.58633333333333, 24.941666666666666], [86.58633333333333, 24.941944444444445], [86.58605555555556, 24.941944444444445], [86.58605555555556, 24.942500000000003], [86.5855, 24.942500000000003], [86.5855, 24.942222222222224], [86.58577777777778, 24.942222222222224], [86.58577777777778, 24.941111111111113], [86.5855, 24.941111111111113], [86.5855, 24.940555555555555], [86.58605555555556, 24.940555555555555], [86.58605555555556, 24.939722222222223], [86.58577777777778, 24.939722222222223], [86.58577777777778, 24.939444444444444], [86.58494444444445, 24.939444444444444], [86.58494444444445, 24.93916666666667], [86.5843888888889, 24.93916666666667], [86.5843888888889, 24.93888888888889], [86.58411111111111, 24.93888888888889], [86.58411111111111, 24.93861111111111], [86.5843888888889, 24.93861111111111], [86.5843888888889, 24.938333333333333], [86.58383333333333, 24.938333333333333], [86.58383333333333, 24.938055555555557], [86.58327777777778, 24.938055555555557], [86.58327777777778, 24.93777777777778], [86.58272222222223, 24.93777777777778], [86.58272222222223, 24.9375], [86.58466666666666, 24.9375], [86.58466666666666, 24.93777777777778], [86.58522222222223, 24.93777777777778], [86.58522222222223, 24.938055555555557], [86.58577777777778, 24.938055555555557], [86.58577777777778, 24.93777777777778], [86.58605555555556, 24.93777777777778], [86.58605555555556, 24.937222222222225], [86.58633333333333, 24.937222222222225], [86.58633333333333, 24.9375], [86.58661111111111, 24.9375], [86.58661111111111, 24.93777777777778], [86.5868888888889, 24.93777777777778], [86.5868888888889, 24.9375], [86.58744444444444, 24.9375], [86.58744444444444, 24.93777777777778], [86.58772222222223, 24.93777777777778], [86.58772222222223, 24.9375], [86.58800000000001, 24.9375], [86.58800000000001, 24.936666666666667], [86.58744444444444, 24.936666666666667], [86.58744444444444, 24.93638888888889], [86.58716666666668, 24.93638888888889], [86.58716666666668, 24.936111111111114], [86.5868888888889, 24.936111111111114], [86.5868888888889, 24.935555555555556], [86.58661111111111, 24.935555555555556], [86.58661111111111, 24.935277777777777], [86.58633333333333, 24.935277777777777], [86.58633333333333, 24.935000000000002], [86.58661111111111, 24.935000000000002], [86.58661111111111, 24.934722222222224], [86.58633333333333, 24.934722222222224], [86.58633333333333, 24.934444444444445], [86.58605555555556, 24.934444444444445], [86.58605555555556, 24.934166666666666], [86.58522222222223, 24.934166666666666], [86.58522222222223, 24.93388888888889], [86.58661111111111, 24.93388888888889], [86.58661111111111, 24.933611111111112], [86.5868888888889, 24.933611111111112], [86.5868888888889, 24.93388888888889], [86.58800000000001, 24.93388888888889], [86.58800000000001, 24.933611111111112], [86.58827777777778, 24.933611111111112], [86.58827777777778, 24.933333333333334], [86.58855555555556, 24.933333333333334], [86.58855555555556, 24.93277777777778], [86.58883333333334, 24.93277777777778], [86.58883333333334, 24.9325], [86.58911111111111, 24.9325], [86.58911111111111, 24.932222222222222], [86.59022222222222, 24.932222222222222], [86.59022222222222, 24.93277777777778], [86.58994444444444, 24.93277777777778], [86.58994444444444, 24.933055555555555], [86.58966666666667, 24.933055555555555], [86.58966666666667, 24.933333333333334], [86.58938888888889, 24.933333333333334], [86.58938888888889, 24.93388888888889], [86.58966666666667, 24.93388888888889], [86.58966666666667, 24.934166666666666], [86.58994444444444, 24.934166666666666], [86.58994444444444, 24.934444444444445], [86.58911111111111, 24.934444444444445], [86.58911111111111, 24.934722222222224], [86.58883333333334, 24.934722222222224], [86.58883333333334, 24.935277777777777], [86.58911111111111, 24.935277777777777], [86.58911111111111, 24.935555555555556], [86.58966666666667, 24.935555555555556], [86.58966666666667, 24.935833333333335], [86.58994444444444, 24.935833333333335], [86.58994444444444, 24.936111111111114], [86.59022222222222, 24.936111111111114], [86.59022222222222, 24.935833333333335], [86.59105555555556, 24.935833333333335], [86.59105555555556, 24.93638888888889], [86.5916111111111, 24.93638888888889], [86.5916111111111, 24.936111111111114], [86.59244444444445, 24.936111111111114], [86.59244444444445, 24.935833333333335], [86.59272222222222, 24.935833333333335], [86.59272222222222, 24.935555555555556], [86.593, 24.935555555555556], [86.593, 24.935000000000002], [86.59327777777779, 24.935000000000002], [86.59327777777779, 24.935277777777777], [86.59355555555555, 24.935277777777777], [86.59355555555555, 24.935000000000002], [86.59383333333334, 24.935000000000002], [86.59383333333334, 24.935833333333335], [86.59355555555555, 24.935833333333335], [86.59355555555555, 24.936111111111114], [86.59383333333334, 24.936111111111114], [86.59383333333334, 24.93638888888889], [86.59411111111112, 24.93638888888889], [86.59411111111112, 24.936944444444446], [86.59355555555555, 24.936944444444446], [86.59355555555555, 24.937222222222225], [86.59327777777779, 24.937222222222225], [86.59327777777779, 24.93777777777778], [86.59355555555555, 24.93777777777778], [86.59355555555555, 24.938055555555557], [86.59383333333334, 24.938055555555557], [86.59383333333334, 24.93777777777778], [86.59438888888889, 24.93777777777778], [86.59438888888889, 24.9375], [86.59494444444445, 24.9375], [86.59494444444445, 24.93861111111111], [86.59522222222222, 24.93861111111111], [86.59522222222222, 24.93888888888889], [86.59466666666667, 24.93888888888889], [86.59466666666667, 24.93916666666667], [86.59438888888889, 24.93916666666667], [86.59438888888889, 24.939722222222223], [86.59494444444445, 24.939722222222223], [86.59494444444445, 24.94], [86.59577777777778, 24.94], [86.59577777777778, 24.939722222222223], [86.59605555555555, 24.939722222222223], [86.59605555555555, 24.939444444444444], [86.59577777777778, 24.939444444444444], [86.59577777777778, 24.93916666666667], [86.5968888888889, 24.93916666666667], [86.5968888888889, 24.94027777777778], [86.598, 24.94027777777778], [86.598, 24.940555555555555], [86.59883333333333, 24.940555555555555], [86.59883333333333, 24.94027777777778], [86.5993888888889, 24.94027777777778], [86.5993888888889, 24.939722222222223], [86.59855555555556, 24.939722222222223], [86.59855555555556, 24.93888888888889], [86.59883333333333, 24.93888888888889], [86.59883333333333, 24.938333333333333], [86.59855555555556, 24.938333333333333], [86.59855555555556, 24.938055555555557], [86.598, 24.938055555555557], [86.598, 24.93777777777778], [86.59827777777778, 24.93777777777778], [86.59827777777778, 24.937222222222225], [86.59716666666667, 24.937222222222225], [86.59716666666667, 24.936944444444446], [86.5968888888889, 24.936944444444446], [86.5968888888889, 24.93638888888889], [86.59744444444445, 24.93638888888889], [86.59744444444445, 24.936666666666667], [86.59772222222223, 24.936666666666667], [86.59772222222223, 24.93638888888889], [86.598, 24.93638888888889], [86.598, 24.935833333333335], [86.59827777777778, 24.935833333333335], [86.59827777777778, 24.935277777777777], [86.598, 24.935277777777777], [86.598, 24.934722222222224], [86.59744444444445, 24.934722222222224], [86.59744444444445, 24.934444444444445], [86.59716666666667, 24.934444444444445], [86.59716666666667, 24.934166666666666], [86.5968888888889, 24.934166666666666], [86.5968888888889, 24.93388888888889], [86.59883333333333, 24.93388888888889], [86.59883333333333, 24.933055555555555], [86.59855555555556, 24.933055555555555], [86.59855555555556, 24.93277777777778], [86.59827777777778, 24.93277777777778], [86.59827777777778, 24.932222222222222], [86.598, 24.932222222222222], [86.598, 24.930833333333336], [86.59772222222223, 24.930833333333336], [86.59772222222223, 24.930555555555557], [86.59827777777778, 24.930555555555557], [86.59827777777778, 24.93111111111111], [86.59883333333333, 24.93111111111111], [86.59883333333333, 24.93138888888889], [86.59966666666666, 24.93138888888889], [86.59966666666666, 24.93166666666667], [86.5993888888889, 24.93166666666667], [86.5993888888889, 24.932222222222222], [86.59966666666666, 24.932222222222222], [86.59966666666666, 24.9325], [86.59994444444445, 24.9325], [86.59994444444445, 24.932222222222222], [86.60022222222223, 24.932222222222222], [86.60022222222223, 24.93166666666667], [86.60077777777778, 24.93166666666667], [86.60077777777778, 24.931944444444444], [86.60105555555556, 24.931944444444444], [86.60105555555556, 24.933055555555555], [86.6005, 24.933055555555555], [86.6005, 24.933333333333334], [86.60022222222223, 24.933333333333334], [86.60022222222223, 24.933611111111112], [86.6005, 24.933611111111112], [86.6005, 24.934166666666666], [86.60133333333333, 24.934166666666666], [86.60133333333333, 24.934444444444445], [86.60161111111111, 24.934444444444445], [86.60161111111111, 24.934722222222224], [86.60077777777778, 24.934722222222224], [86.60077777777778, 24.935000000000002], [86.6005, 24.935000000000002], [86.6005, 24.93638888888889], [86.60272222222223, 24.93638888888889], [86.60272222222223, 24.936111111111114], [86.60300000000001, 24.936111111111114], [86.60300000000001, 24.935277777777777], [86.60327777777778, 24.935277777777777], [86.60327777777778, 24.935000000000002], [86.60355555555556, 24.935000000000002], [86.60355555555556, 24.935277777777777], [86.60383333333334, 24.935277777777777], [86.60383333333334, 24.935833333333335], [86.60466666666667, 24.935833333333335], [86.60466666666667, 24.936111111111114], [86.60411111111111, 24.936111111111114], [86.60411111111111, 24.93638888888889], [86.60383333333334, 24.93638888888889], [86.60383333333334, 24.936666666666667], [86.60327777777778, 24.936666666666667], [86.60327777777778, 24.936944444444446], [86.60300000000001, 24.936944444444446], [86.60300000000001, 24.937222222222225], [86.60272222222223, 24.937222222222225], [86.60272222222223, 24.9375], [86.60244444444444, 24.9375], [86.60244444444444, 24.93777777777778], [86.60216666666668, 24.93777777777778], [86.60216666666668, 24.938333333333333], [86.60244444444444, 24.938333333333333], [86.60244444444444, 24.93861111111111], [86.60272222222223, 24.93861111111111], [86.60272222222223, 24.938333333333333], [86.60300000000001, 24.938333333333333], [86.60300000000001, 24.938055555555557], [86.60355555555556, 24.938055555555557], [86.60355555555556, 24.938333333333333], [86.60522222222222, 24.938333333333333], [86.60522222222222, 24.938055555555557], [86.6055, 24.938055555555557], [86.6055, 24.93888888888889], [86.60494444444444, 24.93888888888889], [86.60494444444444, 24.93916666666667], [86.60466666666667, 24.93916666666667], [86.60466666666667, 24.939444444444444], [86.60438888888889, 24.939444444444444], [86.60438888888889, 24.939722222222223], [86.60466666666667, 24.939722222222223], [86.60466666666667, 24.94], [86.60355555555556, 24.94], [86.60355555555556, 24.94027777777778], [86.60244444444444, 24.94027777777778], [86.60244444444444, 24.940833333333334], [86.60272222222223, 24.940833333333334], [86.60272222222223, 24.941111111111113], [86.60327777777778, 24.941111111111113], [86.60327777777778, 24.941666666666666], [86.60244444444444, 24.941666666666666], [86.60244444444444, 24.942222222222224], [86.60300000000001, 24.942222222222224], [86.60300000000001, 24.942500000000003], [86.60383333333334, 24.942500000000003], [86.60383333333334, 24.942222222222224], [86.60411111111111, 24.942222222222224], [86.60411111111111, 24.942500000000003], [86.60466666666667, 24.942500000000003], [86.60466666666667, 24.94138888888889], [86.6055, 24.94138888888889], [86.6055, 24.941666666666666], [86.60577777777777, 24.941666666666666], [86.60577777777777, 24.941944444444445], [86.6055, 24.941944444444445], [86.6055, 24.942500000000003], [86.60577777777777, 24.942500000000003], [86.60577777777777, 24.942777777777778], [86.60633333333334, 24.942777777777778], [86.60633333333334, 24.943055555555556], [86.6066111111111, 24.943055555555556], [86.6066111111111, 24.943333333333335], [86.60744444444445, 24.943333333333335], [86.60744444444445, 24.94361111111111], [86.60772222222222, 24.94361111111111], [86.60772222222222, 24.943055555555556], [86.608, 24.943055555555556], [86.608, 24.942777777777778], [86.60855555555555, 24.942777777777778], [86.60855555555555, 24.94361111111111], [86.60911111111112, 24.94361111111111], [86.60911111111112, 24.944166666666668], [86.60883333333334, 24.944166666666668], [86.60883333333334, 24.944444444444446], [86.608, 24.944444444444446], [86.608, 24.94472222222222], [86.60744444444445, 24.94472222222222], [86.60744444444445, 24.945], [86.60688888888889, 24.945], [86.60688888888889, 24.94472222222222], [86.60577777777777, 24.94472222222222], [86.60577777777777, 24.944444444444446], [86.60494444444444, 24.944444444444446], [86.60494444444444, 24.94472222222222], [86.6055, 24.94472222222222], [86.6055, 24.945], [86.60522222222222, 24.945], [86.60522222222222, 24.945833333333333], [86.6055, 24.945833333333333], [86.6055, 24.94611111111111], [86.60605555555556, 24.94611111111111], [86.60605555555556, 24.94638888888889], [86.6066111111111, 24.94638888888889], [86.6066111111111, 24.946944444444444], [86.60688888888889, 24.946944444444444], [86.60688888888889, 24.947222222222223], [86.60855555555555, 24.947222222222223], [86.60855555555555, 24.9475], [86.60883333333334, 24.9475], [86.60883333333334, 24.948055555555555], [86.60966666666667, 24.948055555555555], [86.60966666666667, 24.946944444444444], [86.61022222222222, 24.946944444444444], [86.61022222222222, 24.94666666666667], [86.6105, 24.94666666666667], [86.6105, 24.94638888888889], [86.61105555555555, 24.94638888888889], [86.61105555555555, 24.946944444444444], [86.61133333333333, 24.946944444444444], [86.61133333333333, 24.9475], [86.61105555555555, 24.9475], [86.61105555555555, 24.948611111111113], [86.61133333333333, 24.948611111111113], [86.61133333333333, 24.948888888888888], [86.61161111111112, 24.948888888888888], [86.61161111111112, 24.948333333333334], [86.61216666666667, 24.948333333333334], [86.61216666666667, 24.949166666666667], [86.61244444444445, 24.949166666666667], [86.61244444444445, 24.949444444444445], [86.61216666666667, 24.949444444444445], [86.61216666666667, 24.949722222222224], [86.61188888888888, 24.949722222222224], [86.61188888888888, 24.95], [86.61244444444445, 24.95], [86.61244444444445, 24.950277777777778], [86.61272222222223, 24.950277777777778], [86.61272222222223, 24.950555555555557], [86.613, 24.950555555555557], [86.613, 24.950833333333335], [86.61327777777778, 24.950833333333335], [86.61327777777778, 24.95111111111111], [86.61077777777778, 24.95111111111111], [86.61077777777778, 24.95138888888889], [86.61105555555555, 24.95138888888889], [86.61105555555555, 24.951944444444447], [86.6105, 24.951944444444447], [86.6105, 24.952222222222222], [86.61022222222222, 24.952222222222222], [86.61022222222222, 24.9525], [86.6105, 24.9525], [86.6105, 24.95277777777778], [86.61077777777778, 24.95277777777778], [86.61077777777778, 24.953055555555558], [86.61022222222222, 24.953055555555558], [86.61022222222222, 24.95277777777778], [86.60938888888889, 24.95277777777778], [86.60938888888889, 24.9525], [86.608, 24.9525], [86.608, 24.95277777777778], [86.6055, 24.95277777777778], [86.6055, 24.9525], [86.60466666666667, 24.9525], [86.60466666666667, 24.952222222222222], [86.60411111111111, 24.952222222222222], [86.60411111111111, 24.953611111111112], [86.60466666666667, 24.953611111111112], [86.60466666666667, 24.95388888888889], [86.60494444444444, 24.95388888888889], [86.60494444444444, 24.95416666666667], [86.60605555555556, 24.95416666666667], [86.60605555555556, 24.954444444444444], [86.60716666666667, 24.954444444444444], [86.60716666666667, 24.95416666666667], [86.60938888888889, 24.95416666666667], [86.60938888888889, 24.954444444444444], [86.60966666666667, 24.954444444444444], [86.60966666666667, 24.954722222222223], [86.60994444444445, 24.954722222222223], [86.60994444444445, 24.955000000000002], [86.6105, 24.955000000000002], [86.6105, 24.955277777777777], [86.61188888888888, 24.955277777777777], [86.61188888888888, 24.955555555555556], [86.61244444444445, 24.955555555555556], [86.61244444444445, 24.955833333333334], [86.61494444444445, 24.955833333333334], [86.61494444444445, 24.956111111111113], [86.6155, 24.956111111111113], [86.6155, 24.95638888888889], [86.61577777777778, 24.95638888888889], [86.61577777777778, 24.956666666666667], [86.61633333333333, 24.956666666666667], [86.61633333333333, 24.956944444444446], [86.61661111111111, 24.956944444444446], [86.61661111111111, 24.957222222222224], [86.6168888888889, 24.957222222222224], [86.6168888888889, 24.95777777777778], [86.61744444444444, 24.95777777777778], [86.61744444444444, 24.958055555555557], [86.61827777777778, 24.958055555555557], [86.61827777777778, 24.958333333333336], [86.61883333333334, 24.958333333333336], [86.61883333333334, 24.95861111111111], [86.61938888888889, 24.95861111111111], [86.61938888888889, 24.95888888888889], [86.62022222222222, 24.95888888888889], [86.62022222222222, 24.95916666666667], [86.6205, 24.95916666666667], [86.6205, 24.959444444444447], [86.62077777777777, 24.959444444444447], [86.62077777777777, 24.959722222222222], [86.62161111111111, 24.959722222222222], [86.62161111111111, 24.95916666666667], [86.62188888888889, 24.95916666666667], [86.62188888888889, 24.95777777777778], [86.62327777777779, 24.95777777777778], [86.62327777777779, 24.958055555555557], [86.62355555555555, 24.958055555555557], [86.62355555555555, 24.95861111111111], [86.62383333333334, 24.95861111111111], [86.62383333333334, 24.95888888888889], [86.62327777777779, 24.95888888888889], [86.62327777777779, 24.95916666666667], [86.62244444444444, 24.95916666666667], [86.62244444444444, 24.959722222222222], [86.62272222222222, 24.959722222222222], [86.62272222222222, 24.96], [86.623, 24.96], [86.623, 24.960555555555555], [86.6255, 24.960555555555555], [86.6255, 24.960833333333333], [86.62577777777778, 24.960833333333333], [86.62577777777778, 24.961111111111112], [86.62661111111112, 24.961111111111112], [86.62661111111112, 24.96138888888889], [86.62744444444445, 24.96138888888889], [86.62744444444445, 24.961666666666666], [86.62772222222222, 24.961666666666666], [86.62772222222222, 24.961944444444445], [86.62855555555556, 24.961944444444445], [86.62855555555556, 24.962222222222223], [86.62911111111111, 24.962222222222223], [86.62911111111111, 24.962500000000002], [86.6293888888889, 24.962500000000002], [86.6293888888889, 24.963055555555556], [86.62966666666667, 24.963055555555556], [86.62966666666667, 24.963611111111113], [86.62994444444445, 24.963611111111113], [86.62994444444445, 24.964444444444446], [86.63022222222223, 24.964444444444446], [86.63022222222223, 24.964722222222225], [86.6305, 24.964722222222225], [86.6305, 24.965], [86.63105555555556, 24.965], [86.63105555555556, 24.96527777777778], [86.63161111111111, 24.96527777777778], [86.63161111111111, 24.965555555555557], [86.6318888888889, 24.965555555555557], [86.6318888888889, 24.965833333333332], [86.63216666666666, 24.965833333333332], [86.63216666666666, 24.96638888888889], [86.63244444444445, 24.96638888888889], [86.63244444444445, 24.96666666666667], [86.63272222222223, 24.96666666666667], [86.63272222222223, 24.966944444444444], [86.633, 24.966944444444444], [86.633, 24.967222222222222], [86.63327777777778, 24.967222222222222], [86.63327777777778, 24.9675], [86.63355555555556, 24.9675], [86.63355555555556, 24.96777777777778], [86.63383333333334, 24.96777777777778], [86.63383333333334, 24.968055555555555], [86.63411111111111, 24.968055555555555], [86.63411111111111, 24.968333333333334], [86.63466666666667, 24.968333333333334], [86.63466666666667, 24.968611111111112], [86.63494444444444, 24.968611111111112], [86.63494444444444, 24.96888888888889], [86.63522222222223, 24.96888888888889], [86.63522222222223, 24.969166666666666], [86.63550000000001, 24.969166666666666], [86.63550000000001, 24.969444444444445], [86.63605555555556, 24.969444444444445], [86.63605555555556, 24.969722222222224], [86.63633333333334, 24.969722222222224], [86.63633333333334, 24.969166666666666], [86.63661111111111, 24.969166666666666], [86.63661111111111, 24.96888888888889], [86.63633333333334, 24.96888888888889], [86.63633333333334, 24.968611111111112], [86.63605555555556, 24.968611111111112], [86.63605555555556, 24.968333333333334], [86.63577777777778, 24.968333333333334], [86.63577777777778, 24.968055555555555], [86.63550000000001, 24.968055555555555], [86.63550000000001, 24.96777777777778], [86.63522222222223, 24.96777777777778], [86.63522222222223, 24.9675], [86.63466666666667, 24.9675], [86.63466666666667, 24.966944444444444], [86.63438888888889, 24.966944444444444], [86.63438888888889, 24.96666666666667], [86.63411111111111, 24.96666666666667], [86.63411111111111, 24.96611111111111], [86.63383333333334, 24.96611111111111], [86.63383333333334, 24.965833333333332], [86.63355555555556, 24.965833333333332], [86.63355555555556, 24.965555555555557], [86.63327777777778, 24.965555555555557], [86.63327777777778, 24.96527777777778], [86.633, 24.96527777777778], [86.633, 24.964722222222225], [86.63272222222223, 24.964722222222225], [86.63272222222223, 24.964166666666667], [86.63216666666666, 24.964166666666667], [86.63216666666666, 24.96388888888889], [86.6318888888889, 24.96388888888889], [86.6318888888889, 24.963611111111113], [86.63161111111111, 24.963611111111113], [86.63161111111111, 24.963333333333335], [86.63133333333333, 24.963333333333335], [86.63133333333333, 24.962500000000002], [86.63105555555556, 24.962500000000002], [86.63105555555556, 24.962222222222223], [86.63077777777778, 24.962222222222223], [86.63077777777778, 24.96138888888889], [86.6305, 24.96138888888889], [86.6305, 24.961111111111112], [86.63022222222223, 24.961111111111112], [86.63022222222223, 24.960833333333333], [86.62966666666667, 24.960833333333333], [86.62966666666667, 24.960555555555555], [86.6293888888889, 24.960555555555555], [86.6293888888889, 24.960833333333333], [86.62911111111111, 24.960833333333333], [86.62911111111111, 24.960555555555555], [86.62855555555556, 24.960555555555555], [86.62855555555556, 24.96027777777778], [86.628, 24.96027777777778], [86.628, 24.96], [86.62744444444445, 24.96], [86.62744444444445, 24.959722222222222], [86.62716666666667, 24.959722222222222], [86.62716666666667, 24.96], [86.62688888888889, 24.96], [86.62688888888889, 24.959722222222222], [86.62605555555555, 24.959722222222222], [86.62605555555555, 24.959444444444447], [86.62494444444445, 24.959444444444447], [86.62494444444445, 24.95916666666667], [86.62466666666667, 24.95916666666667], [86.62466666666667, 24.95861111111111], [86.62494444444445, 24.95861111111111], [86.62494444444445, 24.958333333333336], [86.62466666666667, 24.958333333333336], [86.62466666666667, 24.95777777777778], [86.62355555555555, 24.95777777777778], [86.62355555555555, 24.95638888888889], [86.62327777777779, 24.95638888888889], [86.62327777777779, 24.956666666666667], [86.62272222222222, 24.956666666666667], [86.62272222222222, 24.95638888888889], [86.62244444444444, 24.95638888888889], [86.62244444444444, 24.956111111111113], [86.62216666666667, 24.956111111111113], [86.62216666666667, 24.955555555555556], [86.62244444444444, 24.955555555555556], [86.62244444444444, 24.955000000000002], [86.62077777777777, 24.955000000000002], [86.62077777777777, 24.955277777777777], [86.6205, 24.955277777777777], [86.6205, 24.954444444444444], [86.61938888888889, 24.954444444444444], [86.61938888888889, 24.95416666666667], [86.61911111111111, 24.95416666666667], [86.61911111111111, 24.954444444444444], [86.61883333333334, 24.954444444444444], [86.61883333333334, 24.954722222222223], [86.61855555555556, 24.954722222222223], [86.61855555555556, 24.955000000000002], [86.61800000000001, 24.955000000000002], [86.61800000000001, 24.954722222222223], [86.6155, 24.954722222222223], [86.6155, 24.954444444444444], [86.61411111111111, 24.954444444444444], [86.61411111111111, 24.95416666666667], [86.61466666666666, 24.95416666666667], [86.61466666666666, 24.953611111111112], [86.61577777777778, 24.953611111111112], [86.61577777777778, 24.953333333333333], [86.6155, 24.953333333333333], [86.6155, 24.9525], [86.61577777777778, 24.9525], [86.61577777777778, 24.95277777777778], [86.61633333333333, 24.95277777777778], [86.61633333333333, 24.952222222222222], [86.61605555555556, 24.952222222222222], [86.61605555555556, 24.951944444444447], [86.61494444444445, 24.951944444444447], [86.61494444444445, 24.952222222222222], [86.61466666666666, 24.952222222222222], [86.61466666666666, 24.95111111111111], [86.6143888888889, 24.95111111111111], [86.6143888888889, 24.950833333333335], [86.61466666666666, 24.950833333333335], [86.61466666666666, 24.950277777777778], [86.61411111111111, 24.950277777777778], [86.61411111111111, 24.949166666666667], [86.61383333333333, 24.949166666666667], [86.61383333333333, 24.948611111111113], [86.61411111111111, 24.948611111111113], [86.61411111111111, 24.948333333333334], [86.6143888888889, 24.948333333333334], [86.6143888888889, 24.948055555555555], [86.61466666666666, 24.948055555555555], [86.61466666666666, 24.94777777777778], [86.61577777777778, 24.94777777777778], [86.61577777777778, 24.948333333333334], [86.61661111111111, 24.948333333333334], [86.61661111111111, 24.94777777777778], [86.6168888888889, 24.94777777777778], [86.6168888888889, 24.947222222222223], [86.61661111111111, 24.947222222222223], [86.61661111111111, 24.946944444444444], [86.61605555555556, 24.946944444444444], [86.61605555555556, 24.94666666666667], [86.61494444444445, 24.94666666666667], [86.61494444444445, 24.94611111111111], [86.6143888888889, 24.94611111111111], [86.6143888888889, 24.945833333333333], [86.61411111111111, 24.945833333333333], [86.61411111111111, 24.94611111111111], [86.61383333333333, 24.94611111111111], [86.61383333333333, 24.945555555555558], [86.613, 24.945555555555558], [86.613, 24.94527777777778], [86.61244444444445, 24.94527777777778], [86.61244444444445, 24.945], [86.61216666666667, 24.945], [86.61216666666667, 24.94472222222222], [86.61077777777778, 24.94472222222222], [86.61077777777778, 24.944444444444446], [86.6105, 24.944444444444446], [86.6105, 24.944166666666668], [86.60966666666667, 24.944166666666668], [86.60966666666667, 24.94388888888889], [86.6105, 24.94388888888889], [86.6105, 24.94361111111111], [86.61077777777778, 24.94361111111111], [86.61077777777778, 24.94388888888889], [86.61133333333333, 24.94388888888889], [86.61133333333333, 24.94361111111111], [86.61161111111112, 24.94361111111111], [86.61161111111112, 24.94388888888889], [86.613, 24.94388888888889], [86.613, 24.943333333333335], [86.61272222222223, 24.943333333333335], [86.61272222222223, 24.943055555555556], [86.61244444444445, 24.943055555555556], [86.61244444444445, 24.942777777777778], [86.613, 24.942777777777778], [86.613, 24.942500000000003], [86.61272222222223, 24.942500000000003], [86.61272222222223, 24.942222222222224], [86.61244444444445, 24.942222222222224], [86.61244444444445, 24.941944444444445], [86.61272222222223, 24.941944444444445], [86.61272222222223, 24.941666666666666], [86.61216666666667, 24.941666666666666], [86.61216666666667, 24.942222222222224], [86.61133333333333, 24.942222222222224], [86.61133333333333, 24.94138888888889], [86.61105555555555, 24.94138888888889], [86.61105555555555, 24.941111111111113], [86.61077777777778, 24.941111111111113], [86.61077777777778, 24.940555555555555], [86.6105, 24.940555555555555], [86.6105, 24.94027777777778], [86.61022222222222, 24.94027777777778], [86.61022222222222, 24.940555555555555], [86.60994444444445, 24.940555555555555], [86.60994444444445, 24.94027777777778], [86.60938888888889, 24.94027777777778], [86.60938888888889, 24.94], [86.60911111111112, 24.94], [86.60911111111112, 24.939722222222223], [86.60772222222222, 24.939722222222223], [86.60772222222222, 24.93916666666667], [86.60883333333334, 24.93916666666667], [86.60883333333334, 24.93888888888889], [86.60938888888889, 24.93888888888889], [86.60938888888889, 24.93916666666667], [86.60994444444445, 24.93916666666667], [86.60994444444445, 24.93861111111111], [86.60966666666667, 24.93861111111111], [86.60966666666667, 24.938055555555557], [86.60883333333334, 24.938055555555557], [86.60883333333334, 24.93861111111111], [86.608, 24.93861111111111], [86.608, 24.9375], [86.60772222222222, 24.9375], [86.60772222222222, 24.937222222222225], [86.60744444444445, 24.937222222222225], [86.60744444444445, 24.9375], [86.60688888888889, 24.9375], [86.60688888888889, 24.937222222222225], [86.6066111111111, 24.937222222222225], [86.6066111111111, 24.936944444444446], [86.60633333333334, 24.936944444444446], [86.60633333333334, 24.93638888888889], [86.60605555555556, 24.93638888888889], [86.60605555555556, 24.936111111111114], [86.60577777777777, 24.936111111111114], [86.60577777777777, 24.935833333333335], [86.60605555555556, 24.935833333333335], [86.60605555555556, 24.935000000000002], [86.608, 24.935000000000002], [86.608, 24.935277777777777], [86.60827777777779, 24.935277777777777], [86.60827777777779, 24.934722222222224], [86.60772222222222, 24.934722222222224], [86.60772222222222, 24.934444444444445], [86.60605555555556, 24.934444444444445], [86.60605555555556, 24.93388888888889], [86.60522222222222, 24.93388888888889], [86.60522222222222, 24.933611111111112], [86.60466666666667, 24.933611111111112], [86.60466666666667, 24.933333333333334], [86.60438888888889, 24.933333333333334], [86.60438888888889, 24.933055555555555], [86.60411111111111, 24.933055555555555], [86.60411111111111, 24.93277777777778], [86.60383333333334, 24.93277777777778], [86.60383333333334, 24.932222222222222], [86.60411111111111, 24.932222222222222], [86.60411111111111, 24.9325], [86.60633333333334, 24.9325], [86.60633333333334, 24.932222222222222], [86.60855555555555, 24.932222222222222], [86.60855555555555, 24.93166666666667], [86.60883333333334, 24.93166666666667], [86.60883333333334, 24.931944444444444], [86.60911111111112, 24.931944444444444], [86.60911111111112, 24.932222222222222], [86.60966666666667, 24.932222222222222], [86.60966666666667, 24.931944444444444], [86.60994444444445, 24.931944444444444], [86.60994444444445, 24.932222222222222], [86.61216666666667, 24.932222222222222], [86.61216666666667, 24.931944444444444], [86.61244444444445, 24.931944444444444], [86.61244444444445, 24.93138888888889], [86.61272222222223, 24.93138888888889], [86.61272222222223, 24.930833333333336], [86.61244444444445, 24.930833333333336], [86.61244444444445, 24.93111111111111], [86.61105555555555, 24.93111111111111], [86.61105555555555, 24.93027777777778], [86.61077777777778, 24.93027777777778], [86.61077777777778, 24.93], [86.6105, 24.93], [86.6105, 24.929722222222225], [86.60994444444445, 24.929722222222225], [86.60994444444445, 24.929166666666667], [86.61105555555555, 24.929166666666667], [86.61105555555555, 24.929444444444446], [86.61133333333333, 24.929444444444446], [86.61133333333333, 24.928611111111113], [86.61022222222222, 24.928611111111113], [86.61022222222222, 24.928333333333335], [86.60855555555555, 24.928333333333335], [86.60855555555555, 24.92888888888889], [86.60827777777779, 24.92888888888889], [86.60827777777779, 24.929444444444446], [86.608, 24.929444444444446], [86.608, 24.929166666666667], [86.60688888888889, 24.929166666666667], [86.60688888888889, 24.928611111111113], [86.60744444444445, 24.928611111111113], [86.60744444444445, 24.928333333333335], [86.60772222222222, 24.928333333333335], [86.60772222222222, 24.928055555555556], [86.60744444444445, 24.928055555555556], [86.60744444444445, 24.927777777777777], [86.6066111111111, 24.927777777777777], [86.6066111111111, 24.927500000000002], [86.60605555555556, 24.927500000000002], [86.60605555555556, 24.927222222222223], [86.6055, 24.927222222222223], [86.6055, 24.926944444444445], [86.60577777777777, 24.926944444444445], [86.60577777777777, 24.92638888888889], [86.60522222222222, 24.92638888888889], [86.60522222222222, 24.926666666666666], [86.60466666666667, 24.926666666666666], [86.60466666666667, 24.926111111111112], [86.60438888888889, 24.926111111111112], [86.60438888888889, 24.925833333333333], [86.60411111111111, 24.925833333333333], [86.60411111111111, 24.926111111111112], [86.60355555555556, 24.926111111111112], [86.60355555555556, 24.926666666666666], [86.60327777777778, 24.926666666666666], [86.60327777777778, 24.926944444444445], [86.60272222222223, 24.926944444444445], [86.60272222222223, 24.927222222222223], [86.60216666666668, 24.927222222222223], [86.60216666666668, 24.926944444444445], [86.6018888888889, 24.926944444444445], [86.6018888888889, 24.926666666666666], [86.60133333333333, 24.926666666666666], [86.60133333333333, 24.926944444444445], [86.6005, 24.926944444444445], [86.6005, 24.926666666666666], [86.60022222222223, 24.926666666666666], [86.60022222222223, 24.92638888888889], [86.5993888888889, 24.92638888888889], [86.5993888888889, 24.925833333333333], [86.59994444444445, 24.925833333333333], [86.59994444444445, 24.92527777777778], [86.60022222222223, 24.92527777777778], [86.60022222222223, 24.925], [86.6005, 24.925], [86.6005, 24.924722222222222], [86.60077777777778, 24.924722222222222], [86.60077777777778, 24.924166666666668], [86.60022222222223, 24.924166666666668], [86.60022222222223, 24.92388888888889], [86.59966666666666, 24.92388888888889], [86.59966666666666, 24.924166666666668], [86.5993888888889, 24.924166666666668], [86.5993888888889, 24.924444444444447], [86.59911111111111, 24.924444444444447], [86.59911111111111, 24.925], [86.59855555555556, 24.925], [86.59855555555556, 24.92527777777778], [86.59827777777778, 24.92527777777778], [86.59827777777778, 24.925555555555558], [86.598, 24.925555555555558], [86.598, 24.92527777777778], [86.59772222222223, 24.92527777777778], [86.59772222222223, 24.925833333333333], [86.59716666666667, 24.925833333333333], [86.59716666666667, 24.92527777777778], [86.59661111111112, 24.92527777777778], [86.59661111111112, 24.925555555555558], [86.5955, 24.925555555555558], [86.5955, 24.92527777777778], [86.59577777777778, 24.92527777777778], [86.59577777777778, 24.925], [86.59605555555555, 24.925], [86.59605555555555, 24.924444444444447], [86.59661111111112, 24.924444444444447], [86.59661111111112, 24.92388888888889], [86.59716666666667, 24.92388888888889], [86.59716666666667, 24.923055555555557], [86.5968888888889, 24.923055555555557], [86.5968888888889, 24.922222222222224], [86.59605555555555, 24.922222222222224], [86.59605555555555, 24.9225], [86.59577777777778, 24.9225], [86.59577777777778, 24.921944444444446], [86.5955, 24.921944444444446], [86.5955, 24.921388888888888], [86.59438888888889, 24.921388888888888], [86.59438888888889, 24.921666666666667], [86.59411111111112, 24.921666666666667], [86.59411111111112, 24.921944444444446], [86.59355555555555, 24.921944444444446], [86.59355555555555, 24.921388888888888], [86.593, 24.921388888888888], [86.593, 24.921666666666667], [86.59216666666667, 24.921666666666667], [86.59216666666667, 24.921944444444446], [86.5916111111111, 24.921944444444446], [86.5916111111111, 24.9225], [86.59105555555556, 24.9225], [86.59105555555556, 24.921388888888888], [86.59077777777777, 24.921388888888888], [86.59077777777777, 24.921111111111113], [86.5905, 24.921111111111113], [86.5905, 24.920833333333334], [86.58883333333334, 24.920833333333334], [86.58883333333334, 24.920555555555556], [86.58966666666667, 24.920555555555556], [86.58966666666667, 24.920277777777777], [86.59077777777777, 24.920277777777777], [86.59077777777777, 24.919722222222223], [86.59105555555556, 24.919722222222223], [86.59105555555556, 24.920277777777777], [86.59133333333334, 24.920277777777777], [86.59133333333334, 24.920555555555556], [86.5916111111111, 24.920555555555556], [86.5916111111111, 24.920277777777777], [86.59216666666667, 24.920277777777777], [86.59216666666667, 24.92], [86.59272222222222, 24.92], [86.59272222222222, 24.91888888888889], [86.59327777777779, 24.91888888888889], [86.59327777777779, 24.918333333333333], [86.59272222222222, 24.918333333333333], [86.59272222222222, 24.918055555555558], [86.59244444444445, 24.918055555555558], [86.59244444444445, 24.91777777777778], [86.59327777777779, 24.91777777777778], [86.59327777777779, 24.9175], [86.59383333333334, 24.9175], [86.59383333333334, 24.91777777777778], [86.59494444444445, 24.91777777777778], [86.59494444444445, 24.918055555555558], [86.59522222222222, 24.918055555555558], [86.59522222222222, 24.91777777777778], [86.5955, 24.91777777777778], [86.5955, 24.918055555555558], [86.59605555555555, 24.918055555555558], [86.59605555555555, 24.91777777777778], [86.59633333333333, 24.91777777777778], [86.59633333333333, 24.91722222222222], [86.59605555555555, 24.91722222222222], [86.59605555555555, 24.916944444444447], [86.59633333333333, 24.916944444444447], [86.59633333333333, 24.916666666666668], [86.59605555555555, 24.916666666666668], [86.59605555555555, 24.91638888888889], [86.59522222222222, 24.91638888888889], [86.59522222222222, 24.91611111111111], [86.59383333333334, 24.91611111111111], [86.59383333333334, 24.915833333333335], [86.59411111111112, 24.915833333333335], [86.59411111111112, 24.915555555555557], [86.59466666666667, 24.915555555555557], [86.59466666666667, 24.915277777777778], [86.59522222222222, 24.915277777777778], [86.59522222222222, 24.914722222222224], [86.59605555555555, 24.914722222222224], [86.59605555555555, 24.915], [86.59661111111112, 24.915], [86.59661111111112, 24.914444444444445], [86.59605555555555, 24.914444444444445], [86.59605555555555, 24.914166666666667], [86.59494444444445, 24.914166666666667], [86.59494444444445, 24.91388888888889], [86.59438888888889, 24.91388888888889], [86.59438888888889, 24.913611111111113], [86.59466666666667, 24.913611111111113], [86.59466666666667, 24.913333333333334], [86.59522222222222, 24.913333333333334], [86.59522222222222, 24.91277777777778], [86.59494444444445, 24.91277777777778], [86.59494444444445, 24.9125], [86.59411111111112, 24.9125], [86.59411111111112, 24.912222222222223], [86.59383333333334, 24.912222222222223], [86.59383333333334, 24.911944444444444], [86.59327777777779, 24.911944444444444], [86.59327777777779, 24.91166666666667], [86.59411111111112, 24.91166666666667], [86.59411111111112, 24.91138888888889], [86.59494444444445, 24.91138888888889], [86.59494444444445, 24.91166666666667], [86.59633333333333, 24.91166666666667], [86.59633333333333, 24.911944444444444], [86.59744444444445, 24.911944444444444], [86.59744444444445, 24.91166666666667], [86.598, 24.91166666666667], [86.598, 24.911944444444444], [86.59827777777778, 24.911944444444444], [86.59827777777778, 24.9125], [86.59855555555556, 24.9125], [86.59855555555556, 24.91277777777778], [86.59911111111111, 24.91277777777778], [86.59911111111111, 24.9125], [86.5993888888889, 24.9125], [86.5993888888889, 24.912222222222223], [86.59966666666666, 24.912222222222223], [86.59966666666666, 24.9125], [86.60022222222223, 24.9125], [86.60022222222223, 24.911944444444444], [86.6005, 24.911944444444444], [86.6005, 24.91166666666667], [86.60077777777778, 24.91166666666667], [86.60077777777778, 24.910833333333333], [86.6005, 24.910833333333333], [86.6005, 24.910555555555558], [86.59911111111111, 24.910555555555558], [86.59911111111111, 24.91027777777778], [86.5993888888889, 24.91027777777778], [86.5993888888889, 24.91], [86.59966666666666, 24.91], [86.59966666666666, 24.90972222222222], [86.59994444444445, 24.90972222222222], [86.59994444444445, 24.909444444444446], [86.5993888888889, 24.909444444444446], [86.5993888888889, 24.909166666666668], [86.59855555555556, 24.909166666666668], [86.59855555555556, 24.909444444444446], [86.59827777777778, 24.909444444444446], [86.59827777777778, 24.90972222222222], [86.598, 24.90972222222222], [86.598, 24.90888888888889], [86.59716666666667, 24.90888888888889], [86.59716666666667, 24.909444444444446], [86.5968888888889, 24.909444444444446], [86.5968888888889, 24.90972222222222], [86.59633333333333, 24.90972222222222], [86.59633333333333, 24.908611111111114], [86.59605555555555, 24.908611111111114], [86.59605555555555, 24.907777777777778], [86.59577777777778, 24.907777777777778], [86.59577777777778, 24.908055555555556], [86.59522222222222, 24.908055555555556], [86.59522222222222, 24.908333333333335], [86.59383333333334, 24.908333333333335], [86.59383333333334, 24.908611111111114], [86.593, 24.908611111111114], [86.593, 24.908333333333335], [86.59272222222222, 24.908333333333335], [86.59272222222222, 24.908055555555556], [86.593, 24.908055555555556], [86.593, 24.907777777777778], [86.59411111111112, 24.907777777777778], [86.59411111111112, 24.907500000000002], [86.59438888888889, 24.907500000000002], [86.59438888888889, 24.907222222222224], [86.59466666666667, 24.907222222222224], [86.59466666666667, 24.906944444444445], [86.59522222222222, 24.906944444444445], [86.59522222222222, 24.906666666666666], [86.5955, 24.906666666666666], [86.5955, 24.90638888888889], [86.59605555555555, 24.90638888888889], [86.59605555555555, 24.905555555555555], [86.59577777777778, 24.905555555555555], [86.59577777777778, 24.90527777777778], [86.59411111111112, 24.90527777777778], [86.59411111111112, 24.905], [86.59355555555555, 24.905], [86.59355555555555, 24.904722222222222], [86.593, 24.904722222222222], [86.593, 24.905], [86.59244444444445, 24.905], [86.59244444444445, 24.904722222222222], [86.59272222222222, 24.904722222222222], [86.59272222222222, 24.904444444444444], [86.593, 24.904444444444444], [86.593, 24.90388888888889], [86.59272222222222, 24.90388888888889], [86.59272222222222, 24.90361111111111], [86.59244444444445, 24.90361111111111], [86.59244444444445, 24.903055555555557], [86.59188888888889, 24.903055555555557], [86.59188888888889, 24.90277777777778], [86.59105555555556, 24.90277777777778], [86.59105555555556, 24.9025], [86.59272222222222, 24.9025], [86.59272222222222, 24.902222222222225], [86.593, 24.902222222222225], [86.593, 24.90138888888889], [86.59244444444445, 24.90138888888889], [86.59244444444445, 24.901111111111113], [86.59216666666667, 24.901111111111113], [86.59216666666667, 24.900555555555556], [86.59244444444445, 24.900555555555556], [86.59244444444445, 24.900833333333335], [86.593, 24.900833333333335], [86.593, 24.901111111111113], [86.59327777777779, 24.901111111111113], [86.59327777777779, 24.90138888888889], [86.59411111111112, 24.90138888888889], [86.59411111111112, 24.901666666666667], [86.59438888888889, 24.901666666666667], [86.59438888888889, 24.901944444444446], [86.59383333333334, 24.901944444444446], [86.59383333333334, 24.90277777777778], [86.59411111111112, 24.90277777777778], [86.59411111111112, 24.903333333333332], [86.59438888888889, 24.903333333333332], [86.59438888888889, 24.90388888888889], [86.59577777777778, 24.90388888888889], [86.59577777777778, 24.90361111111111], [86.59605555555555, 24.90361111111111], [86.59605555555555, 24.90388888888889], [86.59633333333333, 24.90388888888889], [86.59633333333333, 24.90416666666667], [86.5968888888889, 24.90416666666667], [86.5968888888889, 24.903333333333332], [86.59716666666667, 24.903333333333332], [86.59716666666667, 24.903055555555557], [86.59772222222223, 24.903055555555557], [86.59772222222223, 24.90277777777778], [86.598, 24.90277777777778], [86.598, 24.90388888888889], [86.59827777777778, 24.90388888888889], [86.59827777777778, 24.904722222222222], [86.59772222222223, 24.904722222222222], [86.59772222222223, 24.905], [86.598, 24.905], [86.598, 24.90527777777778], [86.59827777777778, 24.90527777777778], [86.59827777777778, 24.905833333333334], [86.598, 24.905833333333334], [86.598, 24.90638888888889], [86.59827777777778, 24.90638888888889], [86.59827777777778, 24.906111111111112], [86.59855555555556, 24.906111111111112], [86.59855555555556, 24.905833333333334], [86.59911111111111, 24.905833333333334], [86.59911111111111, 24.906111111111112], [86.59966666666666, 24.906111111111112], [86.59966666666666, 24.905833333333334], [86.59994444444445, 24.905833333333334], [86.59994444444445, 24.905555555555555], [86.60133333333333, 24.905555555555555], [86.60133333333333, 24.90416666666667], [86.60105555555556, 24.90416666666667], [86.60105555555556, 24.90361111111111], [86.60077777777778, 24.90361111111111], [86.60077777777778, 24.9025], [86.60105555555556, 24.9025], [86.60105555555556, 24.900833333333335], [86.60133333333333, 24.900833333333335], [86.60133333333333, 24.900555555555556], [86.60105555555556, 24.900555555555556], [86.60105555555556, 24.899166666666666], [86.60161111111111, 24.899166666666666], [86.60161111111111, 24.900277777777777], [86.6018888888889, 24.900277777777777], [86.6018888888889, 24.90138888888889], [86.60216666666668, 24.90138888888889], [86.60216666666668, 24.902222222222225], [86.60244444444444, 24.902222222222225], [86.60244444444444, 24.903333333333332], [86.60272222222223, 24.903333333333332], [86.60272222222223, 24.90388888888889], [86.60300000000001, 24.90388888888889], [86.60300000000001, 24.90416666666667], [86.60383333333334, 24.90416666666667], [86.60383333333334, 24.90388888888889], [86.60411111111111, 24.90388888888889], [86.60411111111111, 24.90361111111111], [86.60438888888889, 24.90361111111111], [86.60438888888889, 24.902222222222225], [86.60494444444444, 24.902222222222225], [86.60494444444444, 24.901944444444446], [86.6055, 24.901944444444446], [86.6055, 24.902222222222225], [86.60522222222222, 24.902222222222225], [86.60522222222222, 24.9025], [86.60494444444444, 24.9025], [86.60494444444444, 24.903333333333332], [86.60522222222222, 24.903333333333332], [86.60522222222222, 24.90361111111111], [86.6055, 24.90361111111111], [86.6055, 24.90388888888889], [86.60522222222222, 24.90388888888889], [86.60522222222222, 24.90416666666667], [86.60494444444444, 24.90416666666667], [86.60494444444444, 24.905], [86.60466666666667, 24.905], [86.60466666666667, 24.90527777777778], [86.60411111111111, 24.90527777777778], [86.60411111111111, 24.906666666666666], [86.60522222222222, 24.906666666666666], [86.60522222222222, 24.90638888888889], [86.60577777777777, 24.90638888888889], [86.60577777777777, 24.906111111111112], [86.60605555555556, 24.906111111111112], [86.60605555555556, 24.905555555555555], [86.60688888888889, 24.905555555555555], [86.60688888888889, 24.90527777777778], [86.60744444444445, 24.90527777777778], [86.60744444444445, 24.906944444444445], [86.608, 24.906944444444445], [86.608, 24.907222222222224], [86.60827777777779, 24.907222222222224], [86.60827777777779, 24.906944444444445], [86.60883333333334, 24.906944444444445], [86.60883333333334, 24.907500000000002], [86.60855555555555, 24.907500000000002], [86.60855555555555, 24.907777777777778], [86.60883333333334, 24.907777777777778], [86.60883333333334, 24.908055555555556], [86.60911111111112, 24.908055555555556], [86.60911111111112, 24.908611111111114], [86.60772222222222, 24.908611111111114], [86.60772222222222, 24.90888888888889], [86.6066111111111, 24.90888888888889], [86.6066111111111, 24.908611111111114], [86.60605555555556, 24.908611111111114], [86.60605555555556, 24.909166666666668], [86.60577777777777, 24.909166666666668], [86.60577777777777, 24.909444444444446], [86.60633333333334, 24.909444444444446], [86.60633333333334, 24.91], [86.60716666666667, 24.91], [86.60716666666667, 24.91027777777778], [86.60744444444445, 24.91027777777778], [86.60744444444445, 24.910833333333333], [86.60688888888889, 24.910833333333333], [86.60688888888889, 24.91138888888889], [86.60633333333334, 24.91138888888889], [86.60633333333334, 24.91111111111111], [86.60522222222222, 24.91111111111111], [86.60522222222222, 24.91138888888889], [86.60466666666667, 24.91138888888889], [86.60466666666667, 24.91166666666667], [86.60438888888889, 24.91166666666667], [86.60438888888889, 24.912222222222223], [86.6055, 24.912222222222223], [86.6055, 24.9125], [86.60633333333334, 24.9125], [86.60633333333334, 24.91277777777778], [86.60688888888889, 24.91277777777778], [86.60688888888889, 24.913055555555555], [86.60938888888889, 24.913055555555555], [86.60938888888889, 24.91277777777778], [86.60994444444445, 24.91277777777778], [86.60994444444445, 24.913055555555555], [86.6105, 24.913055555555555], [86.6105, 24.913333333333334], [86.61077777777778, 24.913333333333334], [86.61077777777778, 24.913055555555555], [86.61133333333333, 24.913055555555555], [86.61133333333333, 24.913333333333334], [86.61216666666667, 24.913333333333334], [86.61216666666667, 24.912222222222223], [86.61244444444445, 24.912222222222223], [86.61244444444445, 24.9125], [86.61272222222223, 24.9125], [86.61272222222223, 24.913055555555555], [86.61327777777778, 24.913055555555555], [86.61327777777778, 24.913333333333334], [86.61383333333333, 24.913333333333334], [86.61383333333333, 24.913055555555555], [86.61411111111111, 24.913055555555555], [86.61411111111111, 24.91277777777778], [86.6155, 24.91277777777778], [86.6155, 24.9125], [86.61522222222223, 24.9125], [86.61522222222223, 24.912222222222223], [86.61466666666666, 24.912222222222223], [86.61466666666666, 24.911944444444444], [86.6143888888889, 24.911944444444444], [86.6143888888889, 24.91166666666667], [86.61327777777778, 24.91166666666667], [86.61327777777778, 24.91138888888889], [86.613, 24.91138888888889], [86.613, 24.91111111111111], [86.61244444444445, 24.91111111111111], [86.61244444444445, 24.910833333333333], [86.61216666666667, 24.910833333333333], [86.61216666666667, 24.910555555555558], [86.61188888888888, 24.910555555555558], [86.61188888888888, 24.91027777777778], [86.61077777777778, 24.91027777777778], [86.61077777777778, 24.91], [86.61105555555555, 24.91], [86.61105555555555, 24.90972222222222], [86.61077777777778, 24.90972222222222], [86.61077777777778, 24.909166666666668], [86.61022222222222, 24.909166666666668], [86.61022222222222, 24.908611111111114], [86.61161111111112, 24.908611111111114], [86.61161111111112, 24.90888888888889], [86.61188888888888, 24.90888888888889], [86.61188888888888, 24.908055555555556], [86.61161111111112, 24.908055555555556], [86.61161111111112, 24.907777777777778], [86.61188888888888, 24.907777777777778], [86.61188888888888, 24.907500000000002], [86.61216666666667, 24.907500000000002], [86.61216666666667, 24.907777777777778], [86.613, 24.907777777777778], [86.613, 24.908333333333335], [86.61355555555556, 24.908333333333335], [86.61355555555556, 24.908611111111114], [86.61383333333333, 24.908611111111114], [86.61383333333333, 24.90888888888889], [86.61355555555556, 24.90888888888889], [86.61355555555556, 24.909166666666668], [86.6143888888889, 24.909166666666668], [86.6143888888889, 24.909444444444446], [86.61494444444445, 24.909444444444446], [86.61494444444445, 24.909166666666668], [86.61522222222223, 24.909166666666668], [86.61522222222223, 24.908055555555556], [86.61494444444445, 24.908055555555556], [86.61494444444445, 24.907777777777778], [86.6155, 24.907777777777778], [86.6155, 24.908055555555556], [86.61605555555556, 24.908055555555556], [86.61605555555556, 24.908333333333335], [86.61633333333333, 24.908333333333335], [86.61633333333333, 24.908055555555556], [86.61661111111111, 24.908055555555556], [86.61661111111111, 24.908333333333335], [86.6168888888889, 24.908333333333335], [86.6168888888889, 24.90888888888889], [86.61772222222223, 24.90888888888889], [86.61772222222223, 24.909166666666668], [86.61800000000001, 24.909166666666668], [86.61800000000001, 24.90972222222222], [86.61911111111111, 24.90972222222222], [86.61911111111111, 24.909444444444446], [86.61938888888889, 24.909444444444446], [86.61938888888889, 24.909166666666668], [86.61911111111111, 24.909166666666668], [86.61911111111111, 24.908611111111114], [86.61883333333334, 24.908611111111114], [86.61883333333334, 24.908333333333335], [86.61855555555556, 24.908333333333335], [86.61855555555556, 24.907222222222224], [86.61800000000001, 24.907222222222224], [86.61800000000001, 24.906944444444445], [86.61772222222223, 24.906944444444445], [86.61772222222223, 24.90638888888889], [86.61800000000001, 24.90638888888889], [86.61800000000001, 24.905833333333334], [86.61938888888889, 24.905833333333334], [86.61938888888889, 24.90638888888889], [86.61966666666667, 24.90638888888889], [86.61966666666667, 24.906666666666666], [86.61994444444444, 24.906666666666666], [86.61994444444444, 24.906944444444445], [86.62105555555556, 24.906944444444445], [86.62105555555556, 24.906666666666666], [86.62161111111111, 24.906666666666666], [86.62161111111111, 24.905833333333334], [86.62216666666667, 24.905833333333334], [86.62216666666667, 24.906111111111112], [86.62272222222222, 24.906111111111112], [86.62272222222222, 24.905833333333334], [86.62327777777779, 24.905833333333334], [86.62327777777779, 24.906111111111112], [86.62355555555555, 24.906111111111112], [86.62355555555555, 24.906666666666666], [86.62411111111112, 24.906666666666666], [86.62411111111112, 24.906111111111112], [86.62494444444445, 24.906111111111112], [86.62494444444445, 24.906666666666666], [86.62466666666667, 24.906666666666666], [86.62466666666667, 24.907500000000002], [86.62522222222222, 24.907500000000002], [86.62522222222222, 24.907777777777778], [86.62605555555555, 24.907777777777778], [86.62605555555555, 24.908055555555556], [86.62688888888889, 24.908055555555556], [86.62688888888889, 24.907777777777778], [86.62744444444445, 24.907777777777778], [86.62744444444445, 24.907500000000002], [86.62716666666667, 24.907500000000002], [86.62716666666667, 24.906944444444445], [86.62688888888889, 24.906944444444445], [86.62688888888889, 24.906666666666666], [86.62744444444445, 24.906666666666666], [86.62744444444445, 24.906944444444445], [86.628, 24.906944444444445], [86.628, 24.907222222222224], [86.62855555555556, 24.907222222222224], [86.62855555555556, 24.907500000000002], [86.62966666666667, 24.907500000000002], [86.62966666666667, 24.907777777777778], [86.6293888888889, 24.907777777777778], [86.6293888888889, 24.908055555555556], [86.62911111111111, 24.908055555555556], [86.62911111111111, 24.908333333333335], [86.62883333333333, 24.908333333333335], [86.62883333333333, 24.908611111111114], [86.62855555555556, 24.908611111111114], [86.62855555555556, 24.90888888888889], [86.62883333333333, 24.90888888888889], [86.62883333333333, 24.909166666666668], [86.62994444444445, 24.909166666666668], [86.62994444444445, 24.90888888888889], [86.6305, 24.90888888888889], [86.6305, 24.908611111111114], [86.63077777777778, 24.908611111111114], [86.63077777777778, 24.90888888888889], [86.63133333333333, 24.90888888888889], [86.63133333333333, 24.908333333333335], [86.63105555555556, 24.908333333333335], [86.63105555555556, 24.908055555555556], [86.6318888888889, 24.908055555555556], [86.6318888888889, 24.907222222222224], [86.63161111111111, 24.907222222222224], [86.63161111111111, 24.906111111111112], [86.63133333333333, 24.906111111111112], [86.63133333333333, 24.905555555555555], [86.63105555555556, 24.905555555555555], [86.63105555555556, 24.905], [86.63022222222223, 24.905], [86.63022222222223, 24.904722222222222], [86.63105555555556, 24.904722222222222], [86.63105555555556, 24.904444444444444], [86.63133333333333, 24.904444444444444], [86.63133333333333, 24.904722222222222], [86.63161111111111, 24.904722222222222], [86.63161111111111, 24.904444444444444], [86.63244444444445, 24.904444444444444], [86.63244444444445, 24.90416666666667], [86.63272222222223, 24.90416666666667], [86.63272222222223, 24.90388888888889], [86.63244444444445, 24.90388888888889], [86.63244444444445, 24.903333333333332], [86.63216666666666, 24.903333333333332], [86.63216666666666, 24.90361111111111], [86.63133333333333, 24.90361111111111], [86.63133333333333, 24.903333333333332], [86.63105555555556, 24.903333333333332], [86.63105555555556, 24.903055555555557], [86.6305, 24.903055555555557], [86.6305, 24.903333333333332], [86.62994444444445, 24.903333333333332], [86.62994444444445, 24.90388888888889], [86.62966666666667, 24.90388888888889], [86.62966666666667, 24.90416666666667], [86.6293888888889, 24.90416666666667], [86.6293888888889, 24.904444444444444], [86.62883333333333, 24.904444444444444], [86.62883333333333, 24.90416666666667], [86.62855555555556, 24.90416666666667], [86.62855555555556, 24.90388888888889], [86.628, 24.90388888888889], [86.628, 24.903333333333332], [86.62772222222222, 24.903333333333332], [86.62772222222222, 24.903055555555557], [86.62744444444445, 24.903055555555557], [86.62744444444445, 24.90277777777778], [86.62661111111112, 24.90277777777778], [86.62661111111112, 24.903055555555557], [86.62633333333333, 24.903055555555557], [86.62633333333333, 24.903333333333332], [86.62605555555555, 24.903333333333332], [86.62605555555555, 24.903055555555557], [86.62577777777778, 24.903055555555557], [86.62577777777778, 24.90277777777778], [86.62494444444445, 24.90277777777778], [86.62494444444445, 24.9025], [86.62466666666667, 24.9025], [86.62466666666667, 24.902222222222225], [86.62438888888889, 24.902222222222225], [86.62438888888889, 24.901944444444446], [86.62494444444445, 24.901944444444446], [86.62494444444445, 24.90138888888889], [86.62355555555555, 24.90138888888889], [86.62355555555555, 24.901666666666667], [86.62327777777779, 24.901666666666667], [86.62327777777779, 24.901944444444446], [86.62077777777777, 24.901944444444446], [86.62077777777777, 24.902222222222225], [86.61994444444444, 24.902222222222225], [86.61994444444444, 24.9025], [86.61938888888889, 24.9025], [86.61938888888889, 24.90277777777778], [86.61911111111111, 24.90277777777778], [86.61911111111111, 24.903055555555557], [86.61883333333334, 24.903055555555557], [86.61883333333334, 24.903333333333332], [86.61855555555556, 24.903333333333332], [86.61855555555556, 24.90361111111111], [86.61827777777778, 24.90361111111111], [86.61827777777778, 24.90388888888889], [86.61800000000001, 24.90388888888889], [86.61800000000001, 24.90361111111111], [86.6168888888889, 24.90361111111111], [86.6168888888889, 24.903333333333332], [86.61716666666666, 24.903333333333332], [86.61716666666666, 24.903055555555557], [86.61800000000001, 24.903055555555557], [86.61800000000001, 24.9025], [86.61855555555556, 24.9025], [86.61855555555556, 24.902222222222225], [86.61883333333334, 24.902222222222225], [86.61883333333334, 24.901944444444446], [86.61911111111111, 24.901944444444446], [86.61911111111111, 24.901666666666667], [86.61938888888889, 24.901666666666667], [86.61938888888889, 24.901111111111113], [86.61911111111111, 24.901111111111113], [86.61911111111111, 24.900833333333335], [86.61855555555556, 24.900833333333335], [86.61855555555556, 24.900555555555556], [86.61800000000001, 24.900555555555556], [86.61800000000001, 24.900277777777777], [86.6168888888889, 24.900277777777777], [86.6168888888889, 24.899722222222223], [86.61744444444444, 24.899722222222223], [86.61744444444444, 24.900000000000002], [86.61800000000001, 24.900000000000002], [86.61800000000001, 24.899722222222223], [86.61855555555556, 24.899722222222223], [86.61855555555556, 24.899444444444445], [86.61966666666667, 24.899444444444445], [86.61966666666667, 24.899166666666666], [86.62022222222222, 24.899166666666666], [86.62022222222222, 24.899444444444445], [86.6205, 24.899444444444445], [86.6205, 24.900000000000002], [86.62105555555556, 24.900000000000002], [86.62105555555556, 24.899722222222223], [86.62188888888889, 24.899722222222223], [86.62188888888889, 24.899444444444445], [86.62216666666667, 24.899444444444445], [86.62216666666667, 24.899166666666666], [86.62188888888889, 24.899166666666666], [86.62188888888889, 24.898611111111112], [86.62216666666667, 24.898611111111112], [86.62216666666667, 24.898333333333333], [86.62244444444444, 24.898333333333333], [86.62244444444444, 24.898055555555555], [86.62272222222222, 24.898055555555555], [86.62272222222222, 24.898333333333333], [86.623, 24.898333333333333], [86.623, 24.898611111111112], [86.62272222222222, 24.898611111111112], [86.62272222222222, 24.899166666666666], [86.623, 24.899166666666666], [86.623, 24.899444444444445], [86.62327777777779, 24.899444444444445], [86.62327777777779, 24.89888888888889], [86.62355555555555, 24.89888888888889], [86.62355555555555, 24.898055555555555], [86.62411111111112, 24.898055555555555], [86.62411111111112, 24.898611111111112], [86.62466666666667, 24.898611111111112], [86.62466666666667, 24.899166666666666], [86.62522222222222, 24.899166666666666], [86.62522222222222, 24.89888888888889], [86.62605555555555, 24.89888888888889], [86.62605555555555, 24.899166666666666], [86.62716666666667, 24.899166666666666], [86.62716666666667, 24.89888888888889], [86.62744444444445, 24.89888888888889], [86.62744444444445, 24.898611111111112], [86.62716666666667, 24.898611111111112], [86.62716666666667, 24.898333333333333], [86.62633333333333, 24.898333333333333], [86.62633333333333, 24.898055555555555], [86.62577777777778, 24.898055555555555], [86.62577777777778, 24.897222222222222], [86.62605555555555, 24.897222222222222], [86.62605555555555, 24.896944444444447], [86.6255, 24.896944444444447], [86.6255, 24.89666666666667], [86.62494444444445, 24.89666666666667], [86.62494444444445, 24.89638888888889], [86.62438888888889, 24.89638888888889], [86.62438888888889, 24.89666666666667], [86.62355555555555, 24.89666666666667], [86.62355555555555, 24.89638888888889], [86.62327777777779, 24.89638888888889], [86.62327777777779, 24.895555555555557], [86.623, 24.895555555555557], [86.623, 24.89527777777778], [86.62272222222222, 24.89527777777778], [86.62272222222222, 24.895], [86.62244444444444, 24.895], [86.62244444444444, 24.894444444444446], [86.62161111111111, 24.894444444444446], [86.62161111111111, 24.894166666666667], [86.62188888888889, 24.894166666666667], [86.62188888888889, 24.89388888888889], [86.62244444444444, 24.89388888888889], [86.62244444444444, 24.894166666666667], [86.623, 24.894166666666667], [86.623, 24.894444444444446], [86.62355555555555, 24.894444444444446], [86.62355555555555, 24.894722222222224], [86.62383333333334, 24.894722222222224], [86.62383333333334, 24.894444444444446], [86.62411111111112, 24.894444444444446], [86.62411111111112, 24.894722222222224], [86.62522222222222, 24.894722222222224], [86.62522222222222, 24.895], [86.62577777777778, 24.895], [86.62577777777778, 24.89527777777778], [86.62661111111112, 24.89527777777778], [86.62661111111112, 24.895555555555557], [86.62716666666667, 24.895555555555557], [86.62716666666667, 24.89527777777778], [86.62744444444445, 24.89527777777778], [86.62744444444445, 24.895555555555557], [86.62772222222222, 24.895555555555557], [86.62772222222222, 24.895833333333336], [86.62827777777778, 24.895833333333336], [86.62827777777778, 24.89611111111111], [86.62911111111111, 24.89611111111111], [86.62911111111111, 24.89638888888889], [86.62994444444445, 24.89638888888889], [86.62994444444445, 24.89666666666667], [86.6305, 24.89666666666667], [86.6305, 24.896944444444447], [86.63077777777778, 24.896944444444447], [86.63077777777778, 24.897222222222222], [86.63105555555556, 24.897222222222222], [86.63105555555556, 24.8975], [86.63077777777778, 24.8975], [86.63077777777778, 24.898055555555555], [86.63161111111111, 24.898055555555555], [86.63161111111111, 24.89777777777778], [86.63244444444445, 24.89777777777778], [86.63244444444445, 24.898055555555555], [86.63272222222223, 24.898055555555555], [86.63272222222223, 24.897222222222222], [86.63383333333334, 24.897222222222222], [86.63383333333334, 24.8975], [86.63466666666667, 24.8975], [86.63466666666667, 24.89777777777778], [86.63494444444444, 24.89777777777778], [86.63494444444444, 24.898055555555555], [86.63577777777778, 24.898055555555555], [86.63577777777778, 24.898333333333333], [86.63633333333334, 24.898333333333333], [86.63633333333334, 24.898611111111112], [86.63661111111111, 24.898611111111112], [86.63661111111111, 24.898333333333333], [86.63716666666667, 24.898333333333333], [86.63716666666667, 24.898055555555555], [86.63744444444444, 24.898055555555555], [86.63744444444444, 24.898611111111112], [86.63772222222222, 24.898611111111112], [86.63772222222222, 24.89888888888889], [86.638, 24.89888888888889], [86.638, 24.899166666666666], [86.63855555555556, 24.899166666666666], [86.63855555555556, 24.899444444444445], [86.63938888888889, 24.899444444444445], [86.63938888888889, 24.899722222222223], [86.63966666666667, 24.899722222222223], [86.63966666666667, 24.900000000000002], [86.64022222222222, 24.900000000000002], [86.64022222222222, 24.900277777777777], [86.6405, 24.900277777777777], [86.6405, 24.900555555555556], [86.64161111111112, 24.900555555555556], [86.64161111111112, 24.900833333333335], [86.64188888888889, 24.900833333333335], [86.64188888888889, 24.901111111111113], [86.64161111111112, 24.901111111111113], [86.64161111111112, 24.90138888888889], [86.64133333333334, 24.90138888888889], [86.64133333333334, 24.901944444444446], [86.64188888888889, 24.901944444444446], [86.64188888888889, 24.901666666666667], [86.64216666666667, 24.901666666666667], [86.64216666666667, 24.902222222222225], [86.64188888888889, 24.902222222222225], [86.64188888888889, 24.90361111111111], [86.64161111111112, 24.90361111111111], [86.64161111111112, 24.90388888888889], [86.64188888888889, 24.90388888888889], [86.64188888888889, 24.904444444444444], [86.64272222222222, 24.904444444444444], [86.64272222222222, 24.904722222222222], [86.643, 24.904722222222222], [86.643, 24.905], [86.64355555555555, 24.905], [86.64355555555555, 24.905555555555555], [86.64383333333333, 24.905555555555555], [86.64383333333333, 24.90527777777778], [86.64411111111112, 24.90527777777778], [86.64411111111112, 24.905555555555555], [86.64605555555556, 24.905555555555555], [86.64605555555556, 24.905833333333334], [86.64661111111111, 24.905833333333334], [86.64661111111111, 24.906111111111112], [86.64744444444445, 24.906111111111112], [86.64744444444445, 24.905555555555555], [86.648, 24.905555555555555], [86.648, 24.90527777777778], [86.64827777777778, 24.90527777777778], [86.64827777777778, 24.904722222222222], [86.64772222222223, 24.904722222222222], [86.64772222222223, 24.90416666666667], [86.64827777777778, 24.90416666666667], [86.64827777777778, 24.90361111111111], [86.64772222222223, 24.90361111111111], [86.64772222222223, 24.903333333333332], [86.64744444444445, 24.903333333333332], [86.64744444444445, 24.903055555555557], [86.64661111111111, 24.903055555555557], [86.64661111111111, 24.90277777777778], [86.64605555555556, 24.90277777777778], [86.64605555555556, 24.9025], [86.64577777777778, 24.9025], [86.64577777777778, 24.902222222222225], [86.64522222222223, 24.902222222222225], [86.64522222222223, 24.901944444444446], [86.64466666666667, 24.901944444444446], [86.64466666666667, 24.901666666666667], [86.64383333333333, 24.901666666666667], [86.64383333333333, 24.901111111111113], [86.64355555555555, 24.901111111111113], [86.64355555555555, 24.900833333333335], [86.64411111111112, 24.900833333333335], [86.64411111111112, 24.900555555555556], [86.6443888888889, 24.900555555555556], [86.6443888888889, 24.900277777777777], [86.64494444444445, 24.900277777777777], [86.64494444444445, 24.900000000000002], [86.6455, 24.900000000000002], [86.6455, 24.899166666666666], [86.64605555555556, 24.899166666666666], [86.64605555555556, 24.89888888888889], [86.64633333333333, 24.89888888888889], [86.64633333333333, 24.898055555555555], [86.64605555555556, 24.898055555555555], [86.64605555555556, 24.8975], [86.64577777777778, 24.8975], [86.64577777777778, 24.898055555555555], [86.6455, 24.898055555555555], [86.6455, 24.89777777777778], [86.64466666666667, 24.89777777777778], [86.64466666666667, 24.898333333333333], [86.6443888888889, 24.898333333333333], [86.6443888888889, 24.898055555555555], [86.64411111111112, 24.898055555555555], [86.64411111111112, 24.89777777777778], [86.643, 24.89777777777778], [86.643, 24.897222222222222], [86.64272222222222, 24.897222222222222], [86.64272222222222, 24.896944444444447], [86.643, 24.896944444444447], [86.643, 24.89611111111111], [86.64244444444445, 24.89611111111111], [86.64244444444445, 24.89666666666667], [86.64188888888889, 24.89666666666667], [86.64188888888889, 24.89638888888889], [86.64077777777779, 24.89638888888889], [86.64077777777779, 24.89611111111111], [86.64105555555555, 24.89611111111111], [86.64105555555555, 24.895833333333336], [86.6405, 24.895833333333336], [86.6405, 24.895555555555557], [86.64022222222222, 24.895555555555557], [86.64022222222222, 24.89527777777778], [86.63994444444445, 24.89527777777778], [86.63994444444445, 24.895], [86.63966666666667, 24.895], [86.63966666666667, 24.894722222222224], [86.63938888888889, 24.894722222222224], [86.63938888888889, 24.894444444444446], [86.64077777777779, 24.894444444444446], [86.64077777777779, 24.894722222222224], [86.64161111111112, 24.894722222222224], [86.64161111111112, 24.894444444444446], [86.64188888888889, 24.894444444444446], [86.64188888888889, 24.893611111111113], [86.64244444444445, 24.893611111111113], [86.64244444444445, 24.893333333333334], [86.64188888888889, 24.893333333333334], [86.64188888888889, 24.893055555555556], [86.64161111111112, 24.893055555555556], [86.64161111111112, 24.892777777777777], [86.64133333333334, 24.892777777777777], [86.64133333333334, 24.892500000000002], [86.64105555555555, 24.892500000000002], [86.64105555555555, 24.892222222222223], [86.64077777777779, 24.892222222222223], [86.64077777777779, 24.891944444444444], [86.6405, 24.891944444444444], [86.6405, 24.892222222222223], [86.64022222222222, 24.892222222222223], [86.64022222222222, 24.892500000000002], [86.63966666666667, 24.892500000000002], [86.63966666666667, 24.892777777777777], [86.63938888888889, 24.892777777777777], [86.63938888888889, 24.892500000000002], [86.63827777777777, 24.892500000000002], [86.63827777777777, 24.892222222222223], [86.63855555555556, 24.892222222222223], [86.63855555555556, 24.891944444444444], [86.63827777777777, 24.891944444444444], [86.63827777777777, 24.89138888888889], [86.63938888888889, 24.89138888888889], [86.63938888888889, 24.890555555555558], [86.64022222222222, 24.890555555555558], [86.64022222222222, 24.89027777777778], [86.64188888888889, 24.89027777777778], [86.64188888888889, 24.890555555555558], [86.64244444444445, 24.890555555555558], [86.64244444444445, 24.89027777777778], [86.64466666666667, 24.89027777777778], [86.64466666666667, 24.889722222222222], [86.64411111111112, 24.889722222222222], [86.64411111111112, 24.88888888888889], [86.64383333333333, 24.88888888888889], [86.64383333333333, 24.88861111111111], [86.64327777777778, 24.88861111111111], [86.64327777777778, 24.888333333333335], [86.64161111111112, 24.888333333333335], [86.64161111111112, 24.88861111111111], [86.64133333333334, 24.88861111111111], [86.64133333333334, 24.888333333333335], [86.64105555555555, 24.888333333333335], [86.64105555555555, 24.888055555555557], [86.6405, 24.888055555555557], [86.6405, 24.887777777777778], [86.64022222222222, 24.887777777777778], [86.64022222222222, 24.887222222222224], [86.63994444444445, 24.887222222222224], [86.63994444444445, 24.886944444444445], [86.63966666666667, 24.886944444444445], [86.63966666666667, 24.886666666666667], [86.63883333333334, 24.886666666666667], [86.63883333333334, 24.886944444444445], [86.63716666666667, 24.886944444444445], [86.63716666666667, 24.886666666666667], [86.63522222222223, 24.886666666666667], [86.63522222222223, 24.888055555555557], [86.63494444444444, 24.888055555555557], [86.63494444444444, 24.88888888888889], [86.63411111111111, 24.88888888888889], [86.63411111111111, 24.88861111111111], [86.63355555555556, 24.88861111111111], [86.63355555555556, 24.888055555555557], [86.63383333333334, 24.888055555555557], [86.63383333333334, 24.887777777777778], [86.63355555555556, 24.887777777777778], [86.63355555555556, 24.8875], [86.63327777777778, 24.8875], [86.63327777777778, 24.887222222222224], [86.633, 24.887222222222224], [86.633, 24.886666666666667], [86.63327777777778, 24.886666666666667], [86.63327777777778, 24.886388888888888], [86.63355555555556, 24.886388888888888], [86.63355555555556, 24.886111111111113], [86.63383333333334, 24.886111111111113], [86.63383333333334, 24.885833333333334], [86.63411111111111, 24.885833333333334], [86.63411111111111, 24.885555555555555], [86.63355555555556, 24.885555555555555], [86.63355555555556, 24.88527777777778], [86.63244444444445, 24.88527777777778], [86.63244444444445, 24.885833333333334], [86.63216666666666, 24.885833333333334], [86.63216666666666, 24.886388888888888], [86.6318888888889, 24.886388888888888], [86.6318888888889, 24.886944444444445], [86.63161111111111, 24.886944444444445], [86.63161111111111, 24.8875], [86.63133333333333, 24.8875], [86.63133333333333, 24.88888888888889], [86.63161111111111, 24.88888888888889], [86.63161111111111, 24.889166666666668], [86.63077777777778, 24.889166666666668], [86.63077777777778, 24.88861111111111], [86.63022222222223, 24.88861111111111], [86.63022222222223, 24.888333333333335], [86.6305, 24.888333333333335], [86.6305, 24.8875], [86.63022222222223, 24.8875], [86.63022222222223, 24.887222222222224], [86.62994444444445, 24.887222222222224], [86.62994444444445, 24.886944444444445], [86.6305, 24.886944444444445], [86.6305, 24.886666666666667], [86.63077777777778, 24.886666666666667], [86.63077777777778, 24.886388888888888], [86.6305, 24.886388888888888], [86.6305, 24.885833333333334], [86.63022222222223, 24.885833333333334], [86.63022222222223, 24.885555555555555], [86.62994444444445, 24.885555555555555], [86.62994444444445, 24.885], [86.6293888888889, 24.885], [86.6293888888889, 24.885555555555555], [86.62883333333333, 24.885555555555555], [86.62883333333333, 24.88527777777778], [86.62744444444445, 24.88527777777778], [86.62744444444445, 24.885555555555555], [86.62772222222222, 24.885555555555555], [86.62772222222222, 24.886388888888888], [86.62744444444445, 24.886388888888888], [86.62744444444445, 24.886944444444445], [86.62716666666667, 24.886944444444445], [86.62716666666667, 24.886666666666667], [86.62688888888889, 24.886666666666667], [86.62688888888889, 24.886388888888888], [86.62633333333333, 24.886388888888888], [86.62633333333333, 24.8875], [86.62605555555555, 24.8875], [86.62605555555555, 24.886944444444445], [86.6255, 24.886944444444445], [86.6255, 24.885833333333334], [86.62522222222222, 24.885833333333334], [86.62522222222222, 24.885555555555555], [86.62633333333333, 24.885555555555555], [86.62633333333333, 24.88527777777778], [86.62661111111112, 24.88527777777778], [86.62661111111112, 24.884444444444444], [86.62633333333333, 24.884444444444444], [86.62633333333333, 24.88388888888889], [86.62577777777778, 24.88388888888889], [86.62577777777778, 24.88361111111111], [86.6255, 24.88361111111111], [86.6255, 24.883333333333333], [86.62466666666667, 24.883333333333333], [86.62466666666667, 24.883055555555558], [86.62438888888889, 24.883055555555558], [86.62438888888889, 24.883333333333333], [86.62411111111112, 24.883333333333333], [86.62411111111112, 24.88361111111111], [86.62327777777779, 24.88361111111111], [86.62327777777779, 24.88416666666667], [86.62272222222222, 24.88416666666667], [86.62272222222222, 24.884444444444444], [86.62188888888889, 24.884444444444444], [86.62188888888889, 24.884722222222223], [86.62161111111111, 24.884722222222223], [86.62161111111111, 24.885], [86.62133333333334, 24.885], [86.62133333333334, 24.884722222222223], [86.62105555555556, 24.884722222222223], [86.62105555555556, 24.884444444444444], [86.62133333333334, 24.884444444444444], [86.62133333333334, 24.88361111111111], [86.62105555555556, 24.88361111111111], [86.62105555555556, 24.883333333333333], [86.62077777777777, 24.883333333333333], [86.62077777777777, 24.883055555555558], [86.6205, 24.883055555555558], [86.6205, 24.8825], [86.62022222222222, 24.8825], [86.62022222222222, 24.88222222222222], [86.61994444444444, 24.88222222222222], [86.61994444444444, 24.881944444444446], [86.61938888888889, 24.881944444444446], [86.61938888888889, 24.88222222222222], [86.61911111111111, 24.88222222222222], [86.61911111111111, 24.8825], [86.61883333333334, 24.8825], [86.61883333333334, 24.88277777777778], [86.61855555555556, 24.88277777777778], [86.61855555555556, 24.883055555555558], [86.61772222222223, 24.883055555555558], [86.61772222222223, 24.883333333333333], [86.61744444444444, 24.883333333333333], [86.61744444444444, 24.88361111111111], [86.61716666666666, 24.88361111111111], [86.61716666666666, 24.88388888888889], [86.61494444444445, 24.88388888888889], [86.61494444444445, 24.88361111111111], [86.6143888888889, 24.88361111111111], [86.6143888888889, 24.883333333333333], [86.61411111111111, 24.883333333333333], [86.61411111111111, 24.883055555555558], [86.61383333333333, 24.883055555555558], [86.61383333333333, 24.88277777777778], [86.61355555555556, 24.88277777777778], [86.61355555555556, 24.8825], [86.61327777777778, 24.8825], [86.61327777777778, 24.88222222222222], [86.61272222222223, 24.88222222222222], [86.61272222222223, 24.881944444444446], [86.61133333333333, 24.881944444444446], [86.61133333333333, 24.881666666666668], [86.61355555555556, 24.881666666666668], [86.61355555555556, 24.88222222222222], [86.61383333333333, 24.88222222222222], [86.61383333333333, 24.8825], [86.61411111111111, 24.8825], [86.61411111111111, 24.88277777777778], [86.6143888888889, 24.88277777777778], [86.6143888888889, 24.883055555555558], [86.61466666666666, 24.883055555555558], [86.61466666666666, 24.883333333333333], [86.61661111111111, 24.883333333333333], [86.61661111111111, 24.883055555555558], [86.61744444444444, 24.883055555555558], [86.61744444444444, 24.88277777777778], [86.61800000000001, 24.88277777777778], [86.61800000000001, 24.88222222222222], [86.61827777777778, 24.88222222222222], [86.61827777777778, 24.881944444444446], [86.61883333333334, 24.881944444444446], [86.61883333333334, 24.881666666666668], [86.61911111111111, 24.881666666666668], [86.61911111111111, 24.88138888888889], [86.62022222222222, 24.88138888888889], [86.62022222222222, 24.881666666666668], [86.6205, 24.881666666666668], [86.6205, 24.881944444444446], [86.62077777777777, 24.881944444444446], [86.62077777777777, 24.88222222222222], [86.62105555555556, 24.88222222222222], [86.62105555555556, 24.8825], [86.62161111111111, 24.8825], [86.62161111111111, 24.883333333333333], [86.62188888888889, 24.883333333333333], [86.62188888888889, 24.88361111111111], [86.623, 24.88361111111111], [86.623, 24.883333333333333], [86.62327777777779, 24.883333333333333], [86.62327777777779, 24.883055555555558], [86.62355555555555, 24.883055555555558], [86.62355555555555, 24.88277777777778], [86.62466666666667, 24.88277777777778], [86.62466666666667, 24.8825], [86.62522222222222, 24.8825], [86.62522222222222, 24.88277777777778], [86.6255, 24.88277777777778], [86.6255, 24.883055555555558], [86.62577777777778, 24.883055555555558], [86.62577777777778, 24.883333333333333], [86.62633333333333, 24.883333333333333], [86.62633333333333, 24.88361111111111], [86.62688888888889, 24.88361111111111], [86.62688888888889, 24.88388888888889], [86.62744444444445, 24.88388888888889], [86.62744444444445, 24.88416666666667], [86.62772222222222, 24.88416666666667], [86.62772222222222, 24.884444444444444], [86.6305, 24.884444444444444], [86.6305, 24.884722222222223], [86.63105555555556, 24.884722222222223], [86.63105555555556, 24.885], [86.63161111111111, 24.885], [86.63161111111111, 24.884722222222223], [86.63133333333333, 24.884722222222223], [86.63133333333333, 24.884444444444444], [86.63244444444445, 24.884444444444444], [86.63244444444445, 24.88416666666667], [86.6318888888889, 24.88416666666667], [86.6318888888889, 24.88388888888889], [86.63161111111111, 24.88388888888889], [86.63161111111111, 24.88361111111111], [86.63133333333333, 24.88361111111111], [86.63133333333333, 24.883333333333333], [86.63077777777778, 24.883333333333333], [86.63077777777778, 24.883055555555558], [86.63022222222223, 24.883055555555558], [86.63022222222223, 24.88277777777778], [86.62994444444445, 24.88277777777778], [86.62994444444445, 24.8825], [86.6293888888889, 24.8825], [86.6293888888889, 24.88222222222222], [86.62911111111111, 24.88222222222222], [86.62911111111111, 24.881944444444446], [86.62883333333333, 24.881944444444446], [86.62883333333333, 24.881666666666668], [86.62855555555556, 24.881666666666668], [86.62855555555556, 24.88111111111111], [86.62883333333333, 24.88111111111111], [86.62883333333333, 24.88138888888889], [86.62911111111111, 24.88138888888889], [86.62911111111111, 24.881666666666668], [86.6293888888889, 24.881666666666668], [86.6293888888889, 24.881944444444446], [86.63022222222223, 24.881944444444446], [86.63022222222223, 24.88222222222222], [86.63077777777778, 24.88222222222222], [86.63077777777778, 24.881944444444446], [86.63105555555556, 24.881944444444446], [86.63105555555556, 24.881666666666668], [86.63133333333333, 24.881666666666668], [86.63133333333333, 24.88222222222222], [86.63161111111111, 24.88222222222222], [86.63161111111111, 24.88277777777778], [86.6318888888889, 24.88277777777778], [86.6318888888889, 24.8825], [86.63244444444445, 24.8825], [86.63244444444445, 24.88222222222222], [86.63272222222223, 24.88222222222222], [86.63272222222223, 24.8825], [86.633, 24.8825], [86.633, 24.88222222222222], [86.63355555555556, 24.88222222222222], [86.63355555555556, 24.88277777777778], [86.63327777777778, 24.88277777777778], [86.63327777777778, 24.883333333333333], [86.63383333333334, 24.883333333333333], [86.63383333333334, 24.88361111111111], [86.63438888888889, 24.88361111111111], [86.63438888888889, 24.8825], [86.63466666666667, 24.8825], [86.63466666666667, 24.88277777777778], [86.63550000000001, 24.88277777777778], [86.63550000000001, 24.883333333333333], [86.63522222222223, 24.883333333333333], [86.63522222222223, 24.884444444444444], [86.63550000000001, 24.884444444444444], [86.63550000000001, 24.884722222222223], [86.63605555555556, 24.884722222222223], [86.63605555555556, 24.885], [86.63577777777778, 24.885], [86.63577777777778, 24.885555555555555], [86.63633333333334, 24.885555555555555], [86.63633333333334, 24.885833333333334], [86.63716666666667, 24.885833333333334], [86.63716666666667, 24.885555555555555], [86.63744444444444, 24.885555555555555], [86.63744444444444, 24.88527777777778], [86.63772222222222, 24.88527777777778], [86.63772222222222, 24.885], [86.638, 24.885], [86.638, 24.88416666666667], [86.63855555555556, 24.88416666666667], [86.63855555555556, 24.88388888888889], [86.63883333333334, 24.88388888888889], [86.63883333333334, 24.88416666666667], [86.63966666666667, 24.88416666666667], [86.63966666666667, 24.884444444444444], [86.63994444444445, 24.884444444444444], [86.63994444444445, 24.885], [86.64022222222222, 24.885], [86.64022222222222, 24.88527777777778], [86.64161111111112, 24.88527777777778], [86.64161111111112, 24.885], [86.64216666666667, 24.885], [86.64216666666667, 24.88527777777778], [86.643, 24.88527777777778], [86.643, 24.885555555555555], [86.64383333333333, 24.885555555555555], [86.64383333333333, 24.885833333333334], [86.64466666666667, 24.885833333333334], [86.64466666666667, 24.886111111111113], [86.6455, 24.886111111111113], [86.6455, 24.886388888888888], [86.64633333333333, 24.886388888888888], [86.64633333333333, 24.886666666666667], [86.64661111111111, 24.886666666666667], [86.64661111111111, 24.8875], [86.64772222222223, 24.8875], [86.64772222222223, 24.887222222222224], [86.64827777777778, 24.887222222222224], [86.64827777777778, 24.887777777777778], [86.64911111111111, 24.887777777777778], [86.64911111111111, 24.888055555555557], [86.64883333333333, 24.888055555555557], [86.64883333333333, 24.88861111111111], [86.64855555555556, 24.88861111111111], [86.64855555555556, 24.88888888888889], [86.64883333333333, 24.88888888888889], [86.64883333333333, 24.889722222222222], [86.64911111111111, 24.889722222222222], [86.64911111111111, 24.89027777777778], [86.64883333333333, 24.89027777777778], [86.64883333333333, 24.89], [86.64827777777778, 24.89], [86.64827777777778, 24.889722222222222], [86.648, 24.889722222222222], [86.648, 24.889444444444447], [86.64772222222223, 24.889444444444447], [86.64772222222223, 24.889722222222222], [86.64633333333333, 24.889722222222222], [86.64633333333333, 24.89], [86.64605555555556, 24.89], [86.64605555555556, 24.89027777777778], [86.64577777777778, 24.89027777777778], [86.64577777777778, 24.890833333333333], [86.64605555555556, 24.890833333333333], [86.64605555555556, 24.891111111111112], [86.64577777777778, 24.891111111111112], [86.64577777777778, 24.89166666666667], [86.64633333333333, 24.89166666666667], [86.64633333333333, 24.891944444444444], [86.6468888888889, 24.891944444444444], [86.6468888888889, 24.892222222222223], [86.64772222222223, 24.892222222222223], [86.64772222222223, 24.892500000000002], [86.648, 24.892500000000002], [86.648, 24.892777777777777], [86.64911111111111, 24.892777777777777], [86.64911111111111, 24.893055555555556], [86.64966666666668, 24.893055555555556], [86.64966666666668, 24.893333333333334], [86.65050000000001, 24.893333333333334], [86.65050000000001, 24.893055555555556], [86.65077777777778, 24.893055555555556], [86.65077777777778, 24.893611111111113], [86.65133333333334, 24.893611111111113], [86.65133333333334, 24.89388888888889], [86.65188888888889, 24.89388888888889], [86.65188888888889, 24.894166666666667], [86.65216666666667, 24.894166666666667], [86.65216666666667, 24.89388888888889], [86.65244444444444, 24.89388888888889], [86.65244444444444, 24.894722222222224], [86.653, 24.894722222222224], [86.653, 24.895], [86.65355555555556, 24.895], [86.65355555555556, 24.894722222222224], [86.65383333333334, 24.894722222222224], [86.65383333333334, 24.895], [86.6541111111111, 24.895], [86.6541111111111, 24.894722222222224], [86.65466666666667, 24.894722222222224], [86.65466666666667, 24.894444444444446], [86.65494444444445, 24.894444444444446], [86.65494444444445, 24.893055555555556], [86.65466666666667, 24.893055555555556], [86.65466666666667, 24.892777777777777], [86.6541111111111, 24.892777777777777], [86.6541111111111, 24.892500000000002], [86.65355555555556, 24.892500000000002], [86.65355555555556, 24.891944444444444], [86.65383333333334, 24.891944444444444], [86.65383333333334, 24.892222222222223], [86.65466666666667, 24.892222222222223], [86.65466666666667, 24.892500000000002], [86.65494444444445, 24.892500000000002], [86.65494444444445, 24.892777777777777], [86.6555, 24.892777777777777], [86.6555, 24.891944444444444], [86.65577777777779, 24.891944444444444], [86.65577777777779, 24.89138888888889], [86.65605555555555, 24.89138888888889], [86.65605555555555, 24.891944444444444], [86.65633333333334, 24.891944444444444], [86.65633333333334, 24.89166666666667], [86.65688888888889, 24.89166666666667], [86.65688888888889, 24.891944444444444], [86.65661111111112, 24.891944444444444], [86.65661111111112, 24.892500000000002], [86.65633333333334, 24.892500000000002], [86.65633333333334, 24.89388888888889], [86.65605555555555, 24.89388888888889], [86.65605555555555, 24.894444444444446], [86.65577777777779, 24.894444444444446], [86.65577777777779, 24.894722222222224], [86.65605555555555, 24.894722222222224], [86.65605555555555, 24.895], [86.65744444444445, 24.895], [86.65744444444445, 24.894444444444446], [86.65772222222222, 24.894444444444446], [86.65772222222222, 24.894722222222224], [86.65855555555555, 24.894722222222224], [86.65855555555555, 24.894444444444446], [86.65883333333333, 24.894444444444446], [86.65883333333333, 24.893333333333334], [86.65911111111112, 24.893333333333334], [86.65911111111112, 24.892777777777777], [86.65966666666667, 24.892777777777777], [86.65966666666667, 24.892222222222223], [86.66022222222223, 24.892222222222223], [86.66022222222223, 24.891111111111112], [86.6605, 24.891111111111112], [86.6605, 24.89138888888889], [86.66133333333333, 24.89138888888889], [86.66133333333333, 24.89166666666667], [86.66216666666666, 24.89166666666667], [86.66216666666666, 24.892222222222223], [86.6618888888889, 24.892222222222223], [86.6618888888889, 24.892500000000002], [86.66161111111111, 24.892500000000002], [86.66161111111111, 24.892777777777777], [86.6618888888889, 24.892777777777777], [86.6618888888889, 24.893055555555556], [86.66216666666666, 24.893055555555556], [86.66216666666666, 24.893333333333334], [86.663, 24.893333333333334], [86.663, 24.893611111111113], [86.66327777777778, 24.893611111111113], [86.66327777777778, 24.89388888888889], [86.66355555555556, 24.89388888888889], [86.66355555555556, 24.894444444444446], [86.66383333333333, 24.894444444444446], [86.66383333333333, 24.894722222222224], [86.66411111111111, 24.894722222222224], [86.66411111111111, 24.895], [86.66355555555556, 24.895], [86.66355555555556, 24.894722222222224], [86.663, 24.894722222222224], [86.663, 24.894444444444446], [86.66216666666666, 24.894444444444446], [86.66216666666666, 24.894166666666667], [86.66161111111111, 24.894166666666667], [86.66161111111111, 24.894444444444446], [86.6618888888889, 24.894444444444446], [86.6618888888889, 24.895], [86.66216666666666, 24.895], [86.66216666666666, 24.89527777777778], [86.66244444444445, 24.89527777777778], [86.66244444444445, 24.895555555555557], [86.663, 24.895555555555557], [86.663, 24.895833333333336], [86.66327777777778, 24.895833333333336], [86.66327777777778, 24.895555555555557], [86.66355555555556, 24.895555555555557], [86.66355555555556, 24.895833333333336], [86.66383333333333, 24.895833333333336], [86.66383333333333, 24.89611111111111], [86.66411111111111, 24.89611111111111], [86.66411111111111, 24.89666666666667], [86.66466666666668, 24.89666666666667], [86.66466666666668, 24.896944444444447], [86.66494444444444, 24.896944444444447], [86.66494444444444, 24.897222222222222], [86.66522222222223, 24.897222222222222], [86.66522222222223, 24.8975], [86.66577777777778, 24.8975], [86.66577777777778, 24.898055555555555], [86.66688888888889, 24.898055555555555], [86.66688888888889, 24.898333333333333], [86.66716666666667, 24.898333333333333], [86.66716666666667, 24.898611111111112], [86.66827777777777, 24.898611111111112], [86.66827777777777, 24.89888888888889], [86.66855555555556, 24.89888888888889], [86.66855555555556, 24.899166666666666], [86.668, 24.899166666666666], [86.668, 24.89888888888889], [86.66577777777778, 24.89888888888889], [86.66577777777778, 24.898611111111112], [86.66494444444444, 24.898611111111112], [86.66494444444444, 24.898333333333333], [86.6643888888889, 24.898333333333333], [86.6643888888889, 24.898055555555555], [86.66411111111111, 24.898055555555555], [86.66411111111111, 24.898333333333333], [86.66383333333333, 24.898333333333333], [86.66383333333333, 24.898055555555555], [86.66327777777778, 24.898055555555555], [86.66327777777778, 24.89777777777778], [86.66272222222223, 24.89777777777778], [86.66272222222223, 24.8975], [86.66161111111111, 24.8975], [86.66161111111111, 24.89777777777778], [86.65994444444445, 24.89777777777778], [86.65994444444445, 24.8975], [86.65911111111112, 24.8975], [86.65911111111112, 24.897222222222222], [86.65772222222222, 24.897222222222222], [86.65772222222222, 24.89777777777778], [86.658, 24.89777777777778], [86.658, 24.898055555555555], [86.65827777777778, 24.898055555555555], [86.65827777777778, 24.898333333333333], [86.65911111111112, 24.898333333333333], [86.65911111111112, 24.898611111111112], [86.6593888888889, 24.898611111111112], [86.6593888888889, 24.89888888888889], [86.65994444444445, 24.89888888888889], [86.65994444444445, 24.899166666666666], [86.66022222222223, 24.899166666666666], [86.66022222222223, 24.899444444444445], [86.66161111111111, 24.899444444444445], [86.66161111111111, 24.899722222222223], [86.6618888888889, 24.899722222222223], [86.6618888888889, 24.900277777777777], [86.66216666666666, 24.900277777777777], [86.66216666666666, 24.900833333333335], [86.66244444444445, 24.900833333333335], [86.66244444444445, 24.900555555555556], [86.66327777777778, 24.900555555555556], [86.66327777777778, 24.900833333333335], [86.66355555555556, 24.900833333333335], [86.66355555555556, 24.901111111111113], [86.66411111111111, 24.901111111111113], [86.66411111111111, 24.90138888888889], [86.66466666666668, 24.90138888888889], [86.66466666666668, 24.901666666666667], [86.66522222222223, 24.901666666666667], [86.66522222222223, 24.901944444444446], [86.66494444444444, 24.901944444444446], [86.66494444444444, 24.9025], [86.66522222222223, 24.9025], [86.66522222222223, 24.903055555555557], [86.66550000000001, 24.903055555555557], [86.66550000000001, 24.903333333333332], [86.66605555555556, 24.903333333333332], [86.66605555555556, 24.90361111111111], [86.66633333333334, 24.90361111111111], [86.66633333333334, 24.90388888888889], [86.66661111111111, 24.90388888888889], [86.66661111111111, 24.90416666666667], [86.66688888888889, 24.90416666666667], [86.66688888888889, 24.904444444444444], [86.66605555555556, 24.904444444444444], [86.66605555555556, 24.90416666666667], [86.66550000000001, 24.90416666666667], [86.66550000000001, 24.90388888888889], [86.66466666666668, 24.90388888888889], [86.66466666666668, 24.904444444444444], [86.66494444444444, 24.904444444444444], [86.66494444444444, 24.904722222222222], [86.66466666666668, 24.904722222222222], [86.66466666666668, 24.905], [86.6643888888889, 24.905], [86.6643888888889, 24.90527777777778], [86.66494444444444, 24.90527777777778], [86.66494444444444, 24.905555555555555], [86.66577777777778, 24.905555555555555], [86.66577777777778, 24.905833333333334], [86.66633333333334, 24.905833333333334], [86.66633333333334, 24.906111111111112], [86.66661111111111, 24.906111111111112], [86.66661111111111, 24.906666666666666], [86.66633333333334, 24.906666666666666], [86.66633333333334, 24.90638888888889], [86.66605555555556, 24.90638888888889], [86.66605555555556, 24.906111111111112], [86.66522222222223, 24.906111111111112], [86.66522222222223, 24.90638888888889], [86.66494444444444, 24.90638888888889], [86.66494444444444, 24.906111111111112], [86.6643888888889, 24.906111111111112], [86.6643888888889, 24.905833333333334], [86.66355555555556, 24.905833333333334], [86.66355555555556, 24.90527777777778], [86.66383333333333, 24.90527777777778], [86.66383333333333, 24.905], [86.66411111111111, 24.905], [86.66411111111111, 24.90416666666667], [86.66355555555556, 24.90416666666667], [86.66355555555556, 24.90388888888889], [86.66327777777778, 24.90388888888889], [86.66327777777778, 24.903055555555557], [86.663, 24.903055555555557], [86.663, 24.90277777777778], [86.66272222222223, 24.90277777777778], [86.66272222222223, 24.9025], [86.66244444444445, 24.9025], [86.66244444444445, 24.90277777777778], [86.6618888888889, 24.90277777777778], [86.6618888888889, 24.9025], [86.66161111111111, 24.9025], [86.66161111111111, 24.902222222222225], [86.66133333333333, 24.902222222222225], [86.66133333333333, 24.901944444444446], [86.66077777777778, 24.901944444444446], [86.66077777777778, 24.902222222222225], [86.65911111111112, 24.902222222222225], [86.65911111111112, 24.9025], [86.65883333333333, 24.9025], [86.65883333333333, 24.902222222222225], [86.65827777777778, 24.902222222222225], [86.65827777777778, 24.901944444444446], [86.658, 24.901944444444446], [86.658, 24.901666666666667], [86.65772222222222, 24.901666666666667], [86.65772222222222, 24.90138888888889], [86.65716666666667, 24.90138888888889], [86.65716666666667, 24.901111111111113], [86.65605555555555, 24.901111111111113], [86.65605555555555, 24.900833333333335], [86.65577777777779, 24.900833333333335], [86.65577777777779, 24.901111111111113], [86.6555, 24.901111111111113], [86.6555, 24.90138888888889], [86.65522222222222, 24.90138888888889], [86.65522222222222, 24.901111111111113], [86.65494444444445, 24.901111111111113], [86.65494444444445, 24.90138888888889], [86.6541111111111, 24.90138888888889], [86.6541111111111, 24.901666666666667], [86.65466666666667, 24.901666666666667], [86.65466666666667, 24.902222222222225], [86.65494444444445, 24.902222222222225], [86.65494444444445, 24.901944444444446], [86.65522222222222, 24.901944444444446], [86.65522222222222, 24.902222222222225], [86.65577777777779, 24.902222222222225], [86.65577777777779, 24.9025], [86.65633333333334, 24.9025], [86.65633333333334, 24.90277777777778], [86.658, 24.90277777777778], [86.658, 24.903055555555557], [86.65883333333333, 24.903055555555557], [86.65883333333333, 24.903333333333332], [86.6593888888889, 24.903333333333332], [86.6593888888889, 24.90361111111111], [86.65994444444445, 24.90361111111111], [86.65994444444445, 24.90388888888889], [86.66022222222223, 24.90388888888889], [86.66022222222223, 24.90416666666667], [86.6605, 24.90416666666667], [86.6605, 24.904444444444444], [86.66105555555556, 24.904444444444444], [86.66105555555556, 24.904722222222222], [86.66133333333333, 24.904722222222222], [86.66133333333333, 24.905], [86.66077777777778, 24.905], [86.66077777777778, 24.90527777777778], [86.66022222222223, 24.90527777777778], [86.66022222222223, 24.905833333333334], [86.66077777777778, 24.905833333333334], [86.66077777777778, 24.90638888888889], [86.66105555555556, 24.90638888888889], [86.66105555555556, 24.906666666666666], [86.66133333333333, 24.906666666666666], [86.66133333333333, 24.906944444444445], [86.6605, 24.906944444444445], [86.6605, 24.906666666666666], [86.65966666666667, 24.906666666666666], [86.65966666666667, 24.906944444444445], [86.65855555555555, 24.906944444444445], [86.65855555555555, 24.906666666666666], [86.65827777777778, 24.906666666666666], [86.65827777777778, 24.906944444444445], [86.65716666666667, 24.906944444444445], [86.65716666666667, 24.907222222222224], [86.65633333333334, 24.907222222222224], [86.65633333333334, 24.907500000000002], [86.65605555555555, 24.907500000000002], [86.65605555555555, 24.907222222222224], [86.65577777777779, 24.907222222222224], [86.65577777777779, 24.906666666666666], [86.6555, 24.906666666666666], [86.6555, 24.90638888888889], [86.65466666666667, 24.90638888888889], [86.65466666666667, 24.906111111111112], [86.65438888888889, 24.906111111111112], [86.65438888888889, 24.90638888888889], [86.65383333333334, 24.90638888888889], [86.65383333333334, 24.906111111111112], [86.65161111111111, 24.906111111111112], [86.65161111111111, 24.905833333333334], [86.65077777777778, 24.905833333333334], [86.65077777777778, 24.905555555555555], [86.65022222222223, 24.905555555555555], [86.65022222222223, 24.90638888888889], [86.65050000000001, 24.90638888888889], [86.65050000000001, 24.906944444444445], [86.64966666666668, 24.906944444444445], [86.64966666666668, 24.907222222222224], [86.65022222222223, 24.907222222222224], [86.65022222222223, 24.907500000000002], [86.65050000000001, 24.907500000000002], [86.65050000000001, 24.907777777777778], [86.65133333333334, 24.907777777777778], [86.65133333333334, 24.908055555555556], [86.65161111111111, 24.908055555555556], [86.65161111111111, 24.908333333333335], [86.65188888888889, 24.908333333333335], [86.65188888888889, 24.908611111111114], [86.65272222222222, 24.908611111111114], [86.65272222222222, 24.90888888888889], [86.653, 24.90888888888889], [86.653, 24.909166666666668], [86.65383333333334, 24.909166666666668], [86.65383333333334, 24.91027777777778], [86.6541111111111, 24.91027777777778], [86.6541111111111, 24.910555555555558], [86.65466666666667, 24.910555555555558], [86.65466666666667, 24.91027777777778], [86.65494444444445, 24.91027777777778], [86.65494444444445, 24.91], [86.6555, 24.91], [86.6555, 24.91027777777778], [86.65577777777779, 24.91027777777778], [86.65577777777779, 24.910833333333333], [86.65605555555555, 24.910833333333333], [86.65605555555555, 24.91111111111111], [86.65633333333334, 24.91111111111111], [86.65633333333334, 24.91138888888889], [86.65605555555555, 24.91138888888889], [86.65605555555555, 24.91166666666667], [86.65577777777779, 24.91166666666667], [86.65577777777779, 24.911944444444444], [86.65661111111112, 24.911944444444444], [86.65661111111112, 24.91166666666667], [86.65772222222222, 24.91166666666667], [86.65772222222222, 24.913055555555555], [86.65744444444445, 24.913055555555555], [86.65744444444445, 24.913333333333334], [86.65772222222222, 24.913333333333334], [86.65772222222222, 24.913611111111113], [86.6593888888889, 24.913611111111113], [86.6593888888889, 24.914444444444445], [86.65911111111112, 24.914444444444445], [86.65911111111112, 24.914722222222224], [86.65966666666667, 24.914722222222224], [86.65966666666667, 24.915], [86.66022222222223, 24.915], [86.66022222222223, 24.914722222222224], [86.66077777777778, 24.914722222222224], [86.66077777777778, 24.915555555555557], [86.66161111111111, 24.915555555555557], [86.66161111111111, 24.91611111111111], [86.6618888888889, 24.91611111111111], [86.6618888888889, 24.91638888888889], [86.66216666666666, 24.91638888888889], [86.66216666666666, 24.916944444444447], [86.663, 24.916944444444447], [86.663, 24.9175], [86.66216666666666, 24.9175], [86.66216666666666, 24.918055555555558], [86.6618888888889, 24.918055555555558], [86.6618888888889, 24.91777777777778], [86.66133333333333, 24.91777777777778], [86.66133333333333, 24.9175], [86.66077777777778, 24.9175], [86.66077777777778, 24.91777777777778], [86.66022222222223, 24.91777777777778], [86.66022222222223, 24.9175], [86.65966666666667, 24.9175], [86.65966666666667, 24.91722222222222], [86.6593888888889, 24.91722222222222], [86.6593888888889, 24.916944444444447], [86.65855555555555, 24.916944444444447], [86.65855555555555, 24.91777777777778], [86.65827777777778, 24.91777777777778], [86.65827777777778, 24.918055555555558], [86.658, 24.918055555555558], [86.658, 24.916944444444447], [86.65772222222222, 24.916944444444447], [86.65772222222222, 24.916666666666668], [86.65744444444445, 24.916666666666668], [86.65744444444445, 24.91638888888889], [86.65716666666667, 24.91638888888889], [86.65716666666667, 24.916666666666668], [86.65688888888889, 24.916666666666668], [86.65688888888889, 24.91722222222222], [86.65661111111112, 24.91722222222222], [86.65661111111112, 24.9175], [86.65605555555555, 24.9175], [86.65605555555555, 24.91722222222222], [86.6555, 24.91722222222222], [86.6555, 24.9175], [86.65522222222222, 24.9175], [86.65522222222222, 24.916944444444447], [86.65494444444445, 24.916944444444447], [86.65494444444445, 24.91611111111111], [86.65522222222222, 24.91611111111111], [86.65522222222222, 24.915833333333335], [86.65494444444445, 24.915833333333335], [86.65494444444445, 24.915], [86.65438888888889, 24.915], [86.65438888888889, 24.915277777777778], [86.65383333333334, 24.915277777777778], [86.65383333333334, 24.915], [86.6541111111111, 24.915], [86.6541111111111, 24.914722222222224], [86.65355555555556, 24.914722222222224], [86.65355555555556, 24.915277777777778], [86.653, 24.915277777777778], [86.653, 24.915555555555557], [86.65272222222222, 24.915555555555557], [86.65272222222222, 24.915277777777778], [86.65133333333334, 24.915277777777778], [86.65133333333334, 24.915555555555557], [86.65216666666667, 24.915555555555557], [86.65216666666667, 24.91638888888889], [86.65327777777777, 24.91638888888889], [86.65327777777777, 24.91722222222222], [86.65133333333334, 24.91722222222222], [86.65133333333334, 24.9175], [86.65105555555556, 24.9175], [86.65105555555556, 24.91722222222222], [86.65050000000001, 24.91722222222222], [86.65050000000001, 24.9175], [86.64994444444444, 24.9175], [86.64994444444444, 24.91722222222222], [86.65022222222223, 24.91722222222222], [86.65022222222223, 24.916944444444447], [86.64966666666668, 24.916944444444447], [86.64966666666668, 24.9175], [86.64883333333333, 24.9175], [86.64883333333333, 24.91777777777778], [86.64911111111111, 24.91777777777778], [86.64911111111111, 24.91888888888889], [86.6493888888889, 24.91888888888889], [86.6493888888889, 24.91916666666667], [86.64911111111111, 24.91916666666667], [86.64911111111111, 24.919444444444444], [86.64883333333333, 24.919444444444444], [86.64883333333333, 24.91916666666667], [86.64855555555556, 24.91916666666667], [86.64855555555556, 24.919444444444444], [86.64827777777778, 24.919444444444444], [86.64827777777778, 24.91916666666667], [86.648, 24.91916666666667], [86.648, 24.919444444444444], [86.64744444444445, 24.919444444444444], [86.64744444444445, 24.919722222222223], [86.64716666666666, 24.919722222222223], [86.64716666666666, 24.92], [86.6468888888889, 24.92], [86.6468888888889, 24.920277777777777], [86.64744444444445, 24.920277777777777], [86.64744444444445, 24.920555555555556], [86.64716666666666, 24.920555555555556], [86.64716666666666, 24.920833333333334], [86.64744444444445, 24.920833333333334], [86.64744444444445, 24.921388888888888], [86.64772222222223, 24.921388888888888], [86.64772222222223, 24.922222222222224], [86.648, 24.922222222222224], [86.648, 24.921944444444446], [86.64827777777778, 24.921944444444446], [86.64827777777778, 24.921111111111113], [86.648, 24.921111111111113], [86.648, 24.920833333333334], [86.64772222222223, 24.920833333333334], [86.64772222222223, 24.920555555555556], [86.648, 24.920555555555556], [86.648, 24.920277777777777], [86.64827777777778, 24.920277777777777], [86.64827777777778, 24.920833333333334], [86.64911111111111, 24.920833333333334], [86.64911111111111, 24.920277777777777], [86.6493888888889, 24.920277777777777], [86.6493888888889, 24.920555555555556], [86.64966666666668, 24.920555555555556], [86.64966666666668, 24.921111111111113], [86.64994444444444, 24.921111111111113], [86.64994444444444, 24.920833333333334], [86.65050000000001, 24.920833333333334], [86.65050000000001, 24.920555555555556], [86.64994444444444, 24.920555555555556], [86.64994444444444, 24.92], [86.65022222222223, 24.92], [86.65022222222223, 24.920277777777777], [86.65105555555556, 24.920277777777777], [86.65105555555556, 24.92], [86.65161111111111, 24.92], [86.65161111111111, 24.919722222222223], [86.65188888888889, 24.919722222222223], [86.65188888888889, 24.919444444444444], [86.65216666666667, 24.919444444444444], [86.65216666666667, 24.92], [86.65188888888889, 24.92], [86.65188888888889, 24.920277777777777], [86.65355555555556, 24.920277777777777], [86.65355555555556, 24.919722222222223], [86.65383333333334, 24.919722222222223], [86.65383333333334, 24.919444444444444], [86.65466666666667, 24.919444444444444], [86.65466666666667, 24.92], [86.65494444444445, 24.92], [86.65494444444445, 24.920277777777777], [86.65577777777779, 24.920277777777777], [86.65577777777779, 24.92], [86.65605555555555, 24.92], [86.65605555555555, 24.919722222222223], [86.65633333333334, 24.919722222222223], [86.65633333333334, 24.92], [86.65661111111112, 24.92], [86.65661111111112, 24.920277777777777], [86.65688888888889, 24.920277777777777], [86.65688888888889, 24.920555555555556], [86.65716666666667, 24.920555555555556], [86.65716666666667, 24.920833333333334], [86.65688888888889, 24.920833333333334], [86.65688888888889, 24.921666666666667], [86.65605555555555, 24.921666666666667], [86.65605555555555, 24.921944444444446], [86.65577777777779, 24.921944444444446], [86.65577777777779, 24.922777777777778], [86.65605555555555, 24.922777777777778], [86.65605555555555, 24.9225], [86.65633333333334, 24.9225], [86.65633333333334, 24.923055555555557], [86.65605555555555, 24.923055555555557], [86.65605555555555, 24.923333333333336], [86.65577777777779, 24.923333333333336], [86.65577777777779, 24.92361111111111], [86.65605555555555, 24.92361111111111], [86.65605555555555, 24.924166666666668], [86.65633333333334, 24.924166666666668], [86.65633333333334, 24.924444444444447], [86.65661111111112, 24.924444444444447], [86.65661111111112, 24.924722222222222], [86.65716666666667, 24.924722222222222], [86.65716666666667, 24.925], [86.65688888888889, 24.925], [86.65688888888889, 24.92527777777778], [86.65716666666667, 24.92527777777778], [86.65716666666667, 24.925555555555558], [86.65688888888889, 24.925555555555558], [86.65688888888889, 24.926666666666666], [86.65772222222222, 24.926666666666666], [86.65772222222222, 24.927222222222223], [86.65827777777778, 24.927222222222223], [86.65827777777778, 24.927500000000002], [86.65883333333333, 24.927500000000002], [86.65883333333333, 24.926944444444445], [86.65911111111112, 24.926944444444445], [86.65911111111112, 24.926666666666666], [86.65827777777778, 24.926666666666666], [86.65827777777778, 24.926111111111112], [86.658, 24.926111111111112], [86.658, 24.924722222222222], [86.65855555555555, 24.924722222222222], [86.65855555555555, 24.924444444444447], [86.65883333333333, 24.924444444444447], [86.65883333333333, 24.924166666666668], [86.65911111111112, 24.924166666666668], [86.65911111111112, 24.92388888888889], [86.65883333333333, 24.92388888888889], [86.65883333333333, 24.923055555555557], [86.65827777777778, 24.923055555555557], [86.65827777777778, 24.922777777777778], [86.658, 24.922777777777778], [86.658, 24.922222222222224], [86.65855555555555, 24.922222222222224], [86.65855555555555, 24.9225], [86.65911111111112, 24.9225], [86.65911111111112, 24.921944444444446], [86.65994444444445, 24.921944444444446], [86.65994444444445, 24.923055555555557], [86.66105555555556, 24.923055555555557], [86.66105555555556, 24.9225], [86.66133333333333, 24.9225], [86.66133333333333, 24.922222222222224], [86.66105555555556, 24.922222222222224], [86.66105555555556, 24.921944444444446], [86.6618888888889, 24.921944444444446], [86.6618888888889, 24.922222222222224], [86.66272222222223, 24.922222222222224], [86.66272222222223, 24.921944444444446], [86.663, 24.921944444444446], [86.663, 24.921666666666667], [86.66355555555556, 24.921666666666667], [86.66355555555556, 24.921388888888888], [86.66383333333333, 24.921388888888888], [86.66383333333333, 24.921944444444446], [86.66355555555556, 24.921944444444446], [86.66355555555556, 24.922777777777778], [86.66327777777778, 24.922777777777778], [86.66327777777778, 24.92388888888889], [86.66355555555556, 24.92388888888889], [86.66355555555556, 24.924166666666668], [86.66411111111111, 24.924166666666668], [86.66411111111111, 24.924444444444447], [86.6643888888889, 24.924444444444447], [86.6643888888889, 24.924722222222222], [86.66522222222223, 24.924722222222222], [86.66522222222223, 24.924166666666668], [86.66577777777778, 24.924166666666668], [86.66577777777778, 24.923333333333336], [86.66605555555556, 24.923333333333336], [86.66605555555556, 24.923055555555557], [86.66661111111111, 24.923055555555557], [86.66661111111111, 24.922777777777778], [86.66688888888889, 24.922777777777778], [86.66688888888889, 24.9225], [86.66716666666667, 24.9225], [86.66716666666667, 24.921388888888888], [86.66744444444444, 24.921388888888888], [86.66744444444444, 24.921111111111113], [86.66827777777777, 24.921111111111113], [86.66827777777777, 24.921944444444446], [86.668, 24.921944444444446], [86.668, 24.922222222222224], [86.66827777777777, 24.922222222222224], [86.66827777777777, 24.9225], [86.668, 24.9225], [86.668, 24.923055555555557], [86.66772222222222, 24.923055555555557], [86.66772222222222, 24.92361111111111], [86.66744444444444, 24.92361111111111], [86.66744444444444, 24.92388888888889], [86.66716666666667, 24.92388888888889], [86.66716666666667, 24.924444444444447], [86.66744444444444, 24.924444444444447], [86.66744444444444, 24.924722222222222], [86.66688888888889, 24.924722222222222], [86.66688888888889, 24.924444444444447], [86.66633333333334, 24.924444444444447], [86.66633333333334, 24.925], [86.66605555555556, 24.925], [86.66605555555556, 24.92527777777778], [86.66633333333334, 24.92527777777778], [86.66633333333334, 24.925555555555558], [86.66661111111111, 24.925555555555558], [86.66661111111111, 24.92638888888889], [86.66577777777778, 24.92638888888889], [86.66577777777778, 24.926666666666666], [86.6643888888889, 24.926666666666666], [86.6643888888889, 24.926944444444445], [86.66411111111111, 24.926944444444445], [86.66411111111111, 24.927222222222223], [86.6643888888889, 24.927222222222223], [86.6643888888889, 24.928333333333335], [86.66466666666668, 24.928333333333335], [86.66466666666668, 24.928055555555556], [86.66494444444444, 24.928055555555556], [86.66494444444444, 24.927777777777777], [86.66605555555556, 24.927777777777777], [86.66605555555556, 24.928055555555556], [86.66633333333334, 24.928055555555556], [86.66633333333334, 24.927777777777777], [86.66716666666667, 24.927777777777777], [86.66716666666667, 24.927222222222223], [86.66772222222222, 24.927222222222223], [86.66772222222222, 24.926944444444445], [86.66827777777777, 24.926944444444445], [86.66827777777777, 24.926666666666666], [86.6691111111111, 24.926666666666666], [86.6691111111111, 24.928055555555556], [86.66938888888889, 24.928055555555556], [86.66938888888889, 24.928333333333335], [86.6691111111111, 24.928333333333335], [86.6691111111111, 24.92888888888889], [86.66938888888889, 24.92888888888889], [86.66938888888889, 24.928611111111113], [86.66966666666667, 24.928611111111113], [86.66966666666667, 24.928055555555556], [86.67022222222222, 24.928055555555556], [86.67022222222222, 24.928611111111113], [86.6705, 24.928611111111113], [86.6705, 24.92888888888889], [86.67077777777779, 24.92888888888889], [86.67077777777779, 24.928611111111113], [86.67105555555555, 24.928611111111113], [86.67105555555555, 24.928333333333335], [86.67133333333334, 24.928333333333335], [86.67133333333334, 24.928055555555556], [86.67161111111112, 24.928055555555556], [86.67161111111112, 24.927777777777777], [86.67188888888889, 24.927777777777777], [86.67188888888889, 24.927500000000002], [86.67216666666667, 24.927500000000002], [86.67216666666667, 24.927222222222223], [86.67272222222222, 24.927222222222223], [86.67272222222222, 24.927500000000002], [86.67244444444445, 24.927500000000002], [86.67244444444445, 24.927777777777777], [86.67272222222222, 24.927777777777777], [86.67272222222222, 24.929166666666667], [86.673, 24.929166666666667], [86.673, 24.929444444444446], [86.67327777777778, 24.929444444444446], [86.67327777777778, 24.929722222222225], [86.67466666666667, 24.929722222222225], [86.67466666666667, 24.929444444444446], [86.67522222222223, 24.929444444444446], [86.67522222222223, 24.929166666666667], [86.67577777777778, 24.929166666666667], [86.67577777777778, 24.92888888888889], [86.67605555555556, 24.92888888888889], [86.67605555555556, 24.928611111111113], [86.67661111111111, 24.928611111111113], [86.67661111111111, 24.929166666666667], [86.67633333333333, 24.929166666666667], [86.67633333333333, 24.929444444444446], [86.67605555555556, 24.929444444444446], [86.67605555555556, 24.93], [86.67577777777778, 24.93], [86.67577777777778, 24.93027777777778], [86.6755, 24.93027777777778], [86.6755, 24.930555555555557], [86.67494444444445, 24.930555555555557], [86.67494444444445, 24.930833333333336], [86.67438888888888, 24.930833333333336], [86.67438888888888, 24.93111111111111], [86.67411111111112, 24.93111111111111], [86.67411111111112, 24.93138888888889], [86.67438888888888, 24.93138888888889], [86.67438888888888, 24.93166666666667], [86.67577777777778, 24.93166666666667], [86.67577777777778, 24.93138888888889], [86.67661111111111, 24.93138888888889], [86.67661111111111, 24.93111111111111], [86.6768888888889, 24.93111111111111], [86.6768888888889, 24.93138888888889], [86.67716666666666, 24.93138888888889], [86.67716666666666, 24.93166666666667], [86.6768888888889, 24.93166666666667], [86.6768888888889, 24.932222222222222], [86.67772222222223, 24.932222222222222], [86.67772222222223, 24.93166666666667], [86.67827777777778, 24.93166666666667], [86.67827777777778, 24.931944444444444], [86.67911111111111, 24.931944444444444], [86.67911111111111, 24.932222222222222], [86.6793888888889, 24.932222222222222], [86.6793888888889, 24.931944444444444], [86.67966666666666, 24.931944444444444], [86.67966666666666, 24.93138888888889], [86.6793888888889, 24.93138888888889], [86.6793888888889, 24.93111111111111], [86.68050000000001, 24.93111111111111], [86.68050000000001, 24.93027777777778], [86.67994444444444, 24.93027777777778], [86.67994444444444, 24.929722222222225], [86.68050000000001, 24.929722222222225], [86.68050000000001, 24.929444444444446], [86.68105555555556, 24.929444444444446], [86.68105555555556, 24.929166666666667], [86.68161111111111, 24.929166666666667], [86.68161111111111, 24.929722222222225], [86.68188888888889, 24.929722222222225], [86.68188888888889, 24.93], [86.68244444444444, 24.93], [86.68244444444444, 24.93027777777778], [86.68188888888889, 24.93027777777778], [86.68188888888889, 24.930555555555557], [86.68161111111111, 24.930555555555557], [86.68161111111111, 24.930833333333336], [86.68188888888889, 24.930833333333336], [86.68188888888889, 24.93111111111111], [86.68216666666667, 24.93111111111111], [86.68216666666667, 24.930833333333336], [86.683, 24.930833333333336], [86.683, 24.930555555555557], [86.68355555555556, 24.930555555555557], [86.68355555555556, 24.93027777777778], [86.68411111111111, 24.93027777777778], [86.68411111111111, 24.930833333333336], [86.68383333333334, 24.930833333333336], [86.68383333333334, 24.93111111111111], [86.68355555555556, 24.93111111111111], [86.68355555555556, 24.93138888888889], [86.68327777777777, 24.93138888888889], [86.68327777777777, 24.93166666666667], [86.683, 24.93166666666667], [86.683, 24.931944444444444], [86.68244444444444, 24.931944444444444], [86.68244444444444, 24.932222222222222], [86.68216666666667, 24.932222222222222], [86.68216666666667, 24.933055555555555], [86.68411111111111, 24.933055555555555], [86.68411111111111, 24.934166666666666], [86.68383333333334, 24.934166666666666], [86.68383333333334, 24.934444444444445], [86.68411111111111, 24.934444444444445], [86.68411111111111, 24.934722222222224], [86.68438888888889, 24.934722222222224], [86.68438888888889, 24.935277777777777], [86.68466666666667, 24.935277777777777], [86.68466666666667, 24.935000000000002], [86.68494444444444, 24.935000000000002], [86.68494444444444, 24.935277777777777], [86.68522222222222, 24.935277777777777], [86.68522222222222, 24.934722222222224], [86.68577777777779, 24.934722222222224], [86.68577777777779, 24.934444444444445], [86.68605555555555, 24.934444444444445], [86.68605555555555, 24.934166666666666], [86.68633333333334, 24.934166666666666], [86.68633333333334, 24.93388888888889], [86.68688888888889, 24.93388888888889], [86.68688888888889, 24.934166666666666], [86.68716666666667, 24.934166666666666], [86.68716666666667, 24.934444444444445], [86.68688888888889, 24.934444444444445], [86.68688888888889, 24.934722222222224], [86.68661111111112, 24.934722222222224], [86.68661111111112, 24.935555555555556], [86.68633333333334, 24.935555555555556], [86.68633333333334, 24.935277777777777], [86.68605555555555, 24.935277777777777], [86.68605555555555, 24.935833333333335], [86.68716666666667, 24.935833333333335], [86.68716666666667, 24.935555555555556], [86.68827777777778, 24.935555555555556], [86.68827777777778, 24.935833333333335], [86.68883333333333, 24.935833333333335], [86.68883333333333, 24.936666666666667], [86.68855555555555, 24.936666666666667], [86.68855555555555, 24.936944444444446], [86.688, 24.936944444444446], [86.688, 24.937222222222225], [86.68827777777778, 24.937222222222225], [86.68827777777778, 24.9375], [86.68883333333333, 24.9375], [86.68883333333333, 24.93777777777778], [86.68911111111112, 24.93777777777778], [86.68911111111112, 24.9375], [86.68938888888889, 24.9375], [86.68938888888889, 24.938055555555557], [86.68994444444445, 24.938055555555557], [86.68994444444445, 24.93777777777778], [86.69077777777778, 24.93777777777778], [86.69077777777778, 24.938055555555557], [86.69161111111111, 24.938055555555557], [86.69161111111111, 24.938333333333333], [86.68966666666667, 24.938333333333333], [86.68966666666667, 24.93861111111111], [86.68938888888889, 24.93861111111111], [86.68938888888889, 24.93888888888889], [86.68911111111112, 24.93888888888889], [86.68911111111112, 24.938333333333333], [86.68827777777778, 24.938333333333333], [86.68827777777778, 24.93861111111111], [86.68772222222222, 24.93861111111111], [86.68772222222222, 24.938333333333333], [86.68744444444445, 24.938333333333333], [86.68744444444445, 24.9375], [86.68716666666667, 24.9375], [86.68716666666667, 24.936944444444446], [86.68688888888889, 24.936944444444446], [86.68688888888889, 24.936666666666667], [86.68633333333334, 24.936666666666667], [86.68633333333334, 24.93638888888889], [86.68577777777779, 24.93638888888889], [86.68577777777779, 24.936944444444446], [86.68466666666667, 24.936944444444446], [86.68466666666667, 24.93638888888889], [86.68438888888889, 24.93638888888889], [86.68438888888889, 24.937222222222225], [86.68355555555556, 24.937222222222225], [86.68355555555556, 24.936666666666667], [86.68272222222222, 24.936666666666667], [86.68272222222222, 24.936944444444446], [86.68244444444444, 24.936944444444446], [86.68244444444444, 24.937222222222225], [86.68188888888889, 24.937222222222225], [86.68188888888889, 24.9375], [86.68216666666667, 24.9375], [86.68216666666667, 24.93777777777778], [86.68327777777777, 24.93777777777778], [86.68327777777777, 24.938055555555557], [86.68383333333334, 24.938055555555557], [86.68383333333334, 24.93861111111111], [86.68438888888889, 24.93861111111111], [86.68438888888889, 24.93888888888889], [86.68494444444444, 24.93888888888889], [86.68494444444444, 24.93916666666667], [86.68438888888889, 24.93916666666667], [86.68438888888889, 24.939722222222223], [86.68411111111111, 24.939722222222223], [86.68411111111111, 24.94], [86.68355555555556, 24.94], [86.68355555555556, 24.940555555555555], [86.68327777777777, 24.940555555555555], [86.68327777777777, 24.94027777777778], [86.68272222222222, 24.94027777777778], [86.68272222222222, 24.940555555555555], [86.68216666666667, 24.940555555555555], [86.68216666666667, 24.941111111111113], [86.68244444444444, 24.941111111111113], [86.68244444444444, 24.94138888888889], [86.68272222222222, 24.94138888888889], [86.68272222222222, 24.941944444444445], [86.68327777777777, 24.941944444444445], [86.68327777777777, 24.942222222222224], [86.68383333333334, 24.942222222222224], [86.68383333333334, 24.942500000000003], [86.68438888888889, 24.942500000000003], [86.68438888888889, 24.942777777777778], [86.68411111111111, 24.942777777777778], [86.68411111111111, 24.943055555555556], [86.68438888888889, 24.943055555555556], [86.68438888888889, 24.94361111111111], [86.68411111111111, 24.94361111111111], [86.68411111111111, 24.943333333333335], [86.68355555555556, 24.943333333333335], [86.68355555555556, 24.943055555555556], [86.683, 24.943055555555556], [86.683, 24.94361111111111], [86.68216666666667, 24.94361111111111], [86.68216666666667, 24.94388888888889], [86.68188888888889, 24.94388888888889], [86.68188888888889, 24.944166666666668], [86.68216666666667, 24.944166666666668], [86.68216666666667, 24.944444444444446], [86.68133333333334, 24.944444444444446], [86.68133333333334, 24.94472222222222], [86.68105555555556, 24.94472222222222], [86.68105555555556, 24.945], [86.68077777777778, 24.945], [86.68077777777778, 24.94527777777778], [86.68105555555556, 24.94527777777778], [86.68105555555556, 24.945555555555558], [86.68133333333334, 24.945555555555558], [86.68133333333334, 24.94611111111111], [86.68105555555556, 24.94611111111111], [86.68105555555556, 24.94666666666667], [86.68133333333334, 24.94666666666667], [86.68133333333334, 24.94638888888889], [86.68161111111111, 24.94638888888889], [86.68161111111111, 24.94611111111111], [86.68244444444444, 24.94611111111111], [86.68244444444444, 24.94638888888889], [86.68327777777777, 24.94638888888889], [86.68327777777777, 24.94611111111111], [86.68355555555556, 24.94611111111111], [86.68355555555556, 24.945833333333333], [86.68383333333334, 24.945833333333333], [86.68383333333334, 24.946944444444444], [86.68466666666667, 24.946944444444444], [86.68466666666667, 24.947222222222223], [86.68438888888889, 24.947222222222223], [86.68438888888889, 24.948055555555555], [86.68466666666667, 24.948055555555555], [86.68466666666667, 24.948333333333334], [86.68383333333334, 24.948333333333334], [86.68383333333334, 24.948055555555555], [86.683, 24.948055555555555], [86.683, 24.94777777777778], [86.68244444444444, 24.94777777777778], [86.68244444444444, 24.948333333333334], [86.68216666666667, 24.948333333333334], [86.68216666666667, 24.948611111111113], [86.68188888888889, 24.948611111111113], [86.68188888888889, 24.949166666666667], [86.68244444444444, 24.949166666666667], [86.68244444444444, 24.949722222222224], [86.68216666666667, 24.949722222222224], [86.68216666666667, 24.950277777777778], [86.68244444444444, 24.950277777777778], [86.68244444444444, 24.95], [86.68355555555556, 24.95], [86.68355555555556, 24.950277777777778], [86.68411111111111, 24.950277777777778], [86.68411111111111, 24.950555555555557], [86.6855, 24.950555555555557], [86.6855, 24.950833333333335], [86.68605555555555, 24.950833333333335], [86.68605555555555, 24.95111111111111], [86.688, 24.95111111111111], [86.688, 24.951666666666668], [86.68688888888889, 24.951666666666668], [86.68688888888889, 24.951944444444447], [86.68661111111112, 24.951944444444447], [86.68661111111112, 24.951666666666668], [86.68577777777779, 24.951666666666668], [86.68577777777779, 24.95138888888889], [86.6855, 24.95138888888889], [86.6855, 24.951666666666668], [86.68522222222222, 24.951666666666668], [86.68522222222222, 24.951944444444447], [86.68494444444444, 24.951944444444447], [86.68494444444444, 24.951666666666668], [86.68411111111111, 24.951666666666668], [86.68411111111111, 24.95138888888889], [86.68355555555556, 24.95138888888889], [86.68355555555556, 24.951944444444447], [86.68161111111111, 24.951944444444447], [86.68161111111111, 24.9525], [86.68216666666667, 24.9525], [86.68216666666667, 24.95277777777778], [86.68272222222222, 24.95277777777778], [86.68272222222222, 24.953055555555558], [86.683, 24.953055555555558], [86.683, 24.953333333333333], [86.68327777777777, 24.953333333333333], [86.68327777777777, 24.953611111111112], [86.68411111111111, 24.953611111111112], [86.68411111111111, 24.95416666666667], [86.68438888888889, 24.95416666666667], [86.68438888888889, 24.954722222222223], [86.68466666666667, 24.954722222222223], [86.68466666666667, 24.955000000000002], [86.68438888888889, 24.955000000000002], [86.68438888888889, 24.955555555555556], [86.68411111111111, 24.955555555555556], [86.68411111111111, 24.955000000000002], [86.68383333333334, 24.955000000000002], [86.68383333333334, 24.954722222222223], [86.68355555555556, 24.954722222222223], [86.68355555555556, 24.954444444444444], [86.68272222222222, 24.954444444444444], [86.68272222222222, 24.95416666666667], [86.68216666666667, 24.95416666666667], [86.68216666666667, 24.954444444444444], [86.68188888888889, 24.954444444444444], [86.68188888888889, 24.954722222222223], [86.68133333333334, 24.954722222222223], [86.68133333333334, 24.954444444444444], [86.68105555555556, 24.954444444444444], [86.68105555555556, 24.95388888888889], [86.68077777777778, 24.95388888888889], [86.68077777777778, 24.95416666666667], [86.68050000000001, 24.95416666666667], [86.68050000000001, 24.95388888888889], [86.68022222222223, 24.95388888888889], [86.68022222222223, 24.953611111111112], [86.67994444444444, 24.953611111111112], [86.67994444444444, 24.953333333333333], [86.67966666666666, 24.953333333333333], [86.67966666666666, 24.953055555555558], [86.6793888888889, 24.953055555555558], [86.6793888888889, 24.954722222222223], [86.67966666666666, 24.954722222222223], [86.67966666666666, 24.955000000000002], [86.67855555555556, 24.955000000000002], [86.67855555555556, 24.954722222222223], [86.678, 24.954722222222223], [86.678, 24.955555555555556], [86.67855555555556, 24.955555555555556], [86.67855555555556, 24.955833333333334], [86.67883333333333, 24.955833333333334], [86.67883333333333, 24.95638888888889], [86.67855555555556, 24.95638888888889], [86.67855555555556, 24.956111111111113], [86.67827777777778, 24.956111111111113], [86.67827777777778, 24.955833333333334], [86.67744444444445, 24.955833333333334], [86.67744444444445, 24.95638888888889], [86.67772222222223, 24.95638888888889], [86.67772222222223, 24.956944444444446], [86.67855555555556, 24.956944444444446], [86.67855555555556, 24.957222222222224], [86.67911111111111, 24.957222222222224], [86.67911111111111, 24.9575], [86.6793888888889, 24.9575], [86.6793888888889, 24.95777777777778], [86.67855555555556, 24.95777777777778], [86.67855555555556, 24.958055555555557], [86.67827777777778, 24.958055555555557], [86.67827777777778, 24.95777777777778], [86.6768888888889, 24.95777777777778], [86.6768888888889, 24.9575], [86.67605555555556, 24.9575], [86.67605555555556, 24.958333333333336], [86.67661111111111, 24.958333333333336], [86.67661111111111, 24.95861111111111], [86.678, 24.95861111111111], [86.678, 24.95888888888889], [86.67911111111111, 24.95888888888889], [86.67911111111111, 24.959444444444447], [86.6793888888889, 24.959444444444447], [86.6793888888889, 24.96], [86.67994444444444, 24.96], [86.67994444444444, 24.96027777777778], [86.68050000000001, 24.96027777777778], [86.68050000000001, 24.96], [86.68077777777778, 24.96], [86.68077777777778, 24.960555555555555], [86.68105555555556, 24.960555555555555], [86.68105555555556, 24.960833333333333], [86.68161111111111, 24.960833333333333], [86.68161111111111, 24.961111111111112], [86.68244444444444, 24.961111111111112], [86.68244444444444, 24.96138888888889], [86.68272222222222, 24.96138888888889], [86.68272222222222, 24.961666666666666], [86.68244444444444, 24.961666666666666], [86.68244444444444, 24.961944444444445], [86.68188888888889, 24.961944444444445], [86.68188888888889, 24.962222222222223], [86.68161111111111, 24.962222222222223], [86.68161111111111, 24.962500000000002], [86.68188888888889, 24.962500000000002], [86.68188888888889, 24.963333333333335], [86.68216666666667, 24.963333333333335], [86.68216666666667, 24.963611111111113], [86.68244444444444, 24.963611111111113], [86.68244444444444, 24.963333333333335], [86.683, 24.963333333333335], [86.683, 24.964166666666667], [86.68272222222222, 24.964166666666667], [86.68272222222222, 24.96527777777778], [86.683, 24.96527777777778], [86.683, 24.965555555555557], [86.68327777777777, 24.965555555555557], [86.68327777777777, 24.965833333333332], [86.68355555555556, 24.965833333333332], [86.68355555555556, 24.965555555555557], [86.68438888888889, 24.965555555555557], [86.68438888888889, 24.965833333333332], [86.6855, 24.965833333333332], [86.6855, 24.96611111111111], [86.68522222222222, 24.96611111111111], [86.68522222222222, 24.96638888888889], [86.68577777777779, 24.96638888888889], [86.68577777777779, 24.96611111111111], [86.68605555555555, 24.96611111111111], [86.68605555555555, 24.965555555555557], [86.68577777777779, 24.965555555555557], [86.68577777777779, 24.965], [86.68605555555555, 24.965], [86.68605555555555, 24.964722222222225], [86.6855, 24.964722222222225], [86.6855, 24.96388888888889], [86.68522222222222, 24.96388888888889], [86.68522222222222, 24.963333333333335], [86.68577777777779, 24.963333333333335], [86.68577777777779, 24.96388888888889], [86.68605555555555, 24.96388888888889], [86.68605555555555, 24.964166666666667], [86.68633333333334, 24.964166666666667], [86.68633333333334, 24.96388888888889], [86.68688888888889, 24.96388888888889], [86.68688888888889, 24.963611111111113], [86.68716666666667, 24.963611111111113], [86.68716666666667, 24.964722222222225], [86.68827777777778, 24.964722222222225], [86.68827777777778, 24.964444444444446], [86.688, 24.964444444444446], [86.688, 24.964166666666667], [86.68827777777778, 24.964166666666667], [86.68827777777778, 24.96388888888889], [86.688, 24.96388888888889], [86.688, 24.963055555555556], [86.68827777777778, 24.963055555555556], [86.68827777777778, 24.962500000000002], [86.688, 24.962500000000002], [86.688, 24.962222222222223], [86.68772222222222, 24.962222222222223], [86.68772222222222, 24.961944444444445], [86.688, 24.961944444444445], [86.688, 24.961666666666666], [86.68744444444445, 24.961666666666666], [86.68744444444445, 24.96138888888889], [86.68661111111112, 24.96138888888889], [86.68661111111112, 24.961111111111112], [86.68688888888889, 24.961111111111112], [86.68688888888889, 24.960833333333333], [86.68716666666667, 24.960833333333333], [86.68716666666667, 24.960555555555555], [86.68661111111112, 24.960555555555555], [86.68661111111112, 24.96027777777778], [86.68744444444445, 24.96027777777778], [86.68744444444445, 24.960555555555555], [86.68772222222222, 24.960555555555555], [86.68772222222222, 24.960833333333333], [86.688, 24.960833333333333], [86.688, 24.961111111111112], [86.68827777777778, 24.961111111111112], [86.68827777777778, 24.96138888888889], [86.68855555555555, 24.96138888888889], [86.68855555555555, 24.961666666666666], [86.68883333333333, 24.961666666666666], [86.68883333333333, 24.961944444444445], [86.68938888888889, 24.961944444444445], [86.68938888888889, 24.962777777777777], [86.68966666666667, 24.962777777777777], [86.68966666666667, 24.964166666666667], [86.68994444444445, 24.964166666666667], [86.68994444444445, 24.96388888888889], [86.69022222222222, 24.96388888888889], [86.69022222222222, 24.963611111111113], [86.69133333333333, 24.963611111111113], [86.69133333333333, 24.96388888888889], [86.69161111111111, 24.96388888888889], [86.69161111111111, 24.964444444444446], [86.6918888888889, 24.964444444444446], [86.6918888888889, 24.964166666666667], [86.69216666666667, 24.964166666666667], [86.69216666666667, 24.963333333333335], [86.69161111111111, 24.963333333333335], [86.69161111111111, 24.963055555555556], [86.69133333333333, 24.963055555555556], [86.69133333333333, 24.962500000000002], [86.69105555555556, 24.962500000000002], [86.69105555555556, 24.961944444444445], [86.69077777777778, 24.961944444444445], [86.69077777777778, 24.961666666666666], [86.69105555555556, 24.961666666666666], [86.69105555555556, 24.961111111111112], [86.69077777777778, 24.961111111111112], [86.69077777777778, 24.960833333333333], [86.6905, 24.960833333333333], [86.6905, 24.96027777777778], [86.68994444444445, 24.96027777777778], [86.68994444444445, 24.960555555555555], [86.68966666666667, 24.960555555555555], [86.68966666666667, 24.96027777777778], [86.68938888888889, 24.96027777777778], [86.68938888888889, 24.959722222222222], [86.68994444444445, 24.959722222222222], [86.68994444444445, 24.959444444444447], [86.68966666666667, 24.959444444444447], [86.68966666666667, 24.95916666666667], [86.68994444444445, 24.95916666666667], [86.68994444444445, 24.95861111111111], [86.69077777777778, 24.95861111111111], [86.69077777777778, 24.95888888888889], [86.69161111111111, 24.95888888888889], [86.69161111111111, 24.95916666666667], [86.69216666666667, 24.95916666666667], [86.69216666666667, 24.959444444444447], [86.69244444444445, 24.959444444444447], [86.69244444444445, 24.959722222222222], [86.693, 24.959722222222222], [86.693, 24.96027777777778], [86.69327777777778, 24.96027777777778], [86.69327777777778, 24.960833333333333], [86.6943888888889, 24.960833333333333], [86.6943888888889, 24.961111111111112], [86.69494444444445, 24.961111111111112], [86.69494444444445, 24.960833333333333], [86.69466666666666, 24.960833333333333], [86.69466666666666, 24.960555555555555], [86.6943888888889, 24.960555555555555], [86.6943888888889, 24.96027777777778], [86.69383333333333, 24.96027777777778], [86.69383333333333, 24.96], [86.69327777777778, 24.96], [86.69327777777778, 24.959722222222222], [86.69355555555556, 24.959722222222222], [86.69355555555556, 24.959444444444447], [86.69327777777778, 24.959444444444447], [86.69327777777778, 24.95916666666667], [86.693, 24.95916666666667], [86.693, 24.95888888888889], [86.69272222222223, 24.95888888888889], [86.69272222222223, 24.958333333333336], [86.69244444444445, 24.958333333333336], [86.69244444444445, 24.958055555555557], [86.69216666666667, 24.958055555555557], [86.69216666666667, 24.95777777777778], [86.6918888888889, 24.95777777777778], [86.6918888888889, 24.9575], [86.69216666666667, 24.9575], [86.69216666666667, 24.957222222222224], [86.69161111111111, 24.957222222222224], [86.69161111111111, 24.956944444444446], [86.6918888888889, 24.956944444444446], [86.6918888888889, 24.956666666666667], [86.69216666666667, 24.956666666666667], [86.69216666666667, 24.956944444444446], [86.69272222222223, 24.956944444444446], [86.69272222222223, 24.956666666666667], [86.693, 24.956666666666667], [86.693, 24.957222222222224], [86.69272222222223, 24.957222222222224], [86.69272222222223, 24.9575], [86.693, 24.9575], [86.693, 24.95777777777778], [86.69327777777778, 24.95777777777778], [86.69327777777778, 24.958055555555557], [86.69355555555556, 24.958055555555557], [86.69355555555556, 24.95777777777778], [86.69411111111111, 24.95777777777778], [86.69411111111111, 24.958055555555557], [86.6943888888889, 24.958055555555557], [86.6943888888889, 24.958333333333336], [86.69411111111111, 24.958333333333336], [86.69411111111111, 24.95888888888889], [86.6943888888889, 24.95888888888889], [86.6943888888889, 24.95916666666667], [86.69466666666666, 24.95916666666667], [86.69466666666666, 24.959722222222222], [86.6955, 24.959722222222222], [86.6955, 24.96], [86.69577777777778, 24.96], [86.69577777777778, 24.96027777777778], [86.69605555555556, 24.96027777777778], [86.69605555555556, 24.95916666666667], [86.69633333333334, 24.95916666666667], [86.69633333333334, 24.95888888888889], [86.69661111111111, 24.95888888888889], [86.69661111111111, 24.95861111111111], [86.69633333333334, 24.95861111111111], [86.69633333333334, 24.958333333333336], [86.69605555555556, 24.958333333333336], [86.69605555555556, 24.958055555555557], [86.69577777777778, 24.958055555555557], [86.69577777777778, 24.957222222222224], [86.69605555555556, 24.957222222222224], [86.69605555555556, 24.9575], [86.69633333333334, 24.9575], [86.69633333333334, 24.957222222222224], [86.69661111111111, 24.957222222222224], [86.69661111111111, 24.955277777777777], [86.69688888888889, 24.955277777777777], [86.69688888888889, 24.955833333333334], [86.69716666666667, 24.955833333333334], [86.69716666666667, 24.956111111111113], [86.69744444444444, 24.956111111111113], [86.69744444444444, 24.956944444444446], [86.69716666666667, 24.956944444444446], [86.69716666666667, 24.9575], [86.69688888888889, 24.9575], [86.69688888888889, 24.958055555555557], [86.69744444444444, 24.958055555555557], [86.69744444444444, 24.958333333333336], [86.69855555555556, 24.958333333333336], [86.69855555555556, 24.958055555555557], [86.69911111111111, 24.958055555555557], [86.69911111111111, 24.95861111111111], [86.70022222222222, 24.95861111111111], [86.70022222222222, 24.958333333333336], [86.70077777777777, 24.958333333333336], [86.70077777777777, 24.95888888888889], [86.7005, 24.95888888888889], [86.7005, 24.959444444444447], [86.70022222222222, 24.959444444444447], [86.70022222222222, 24.95916666666667], [86.69994444444444, 24.95916666666667], [86.69994444444444, 24.959444444444447], [86.69938888888889, 24.959444444444447], [86.69938888888889, 24.959722222222222], [86.69883333333334, 24.959722222222222], [86.69883333333334, 24.959444444444447], [86.69855555555556, 24.959444444444447], [86.69855555555556, 24.95916666666667], [86.69744444444444, 24.95916666666667], [86.69744444444444, 24.96], [86.69688888888889, 24.96], [86.69688888888889, 24.96027777777778], [86.69716666666667, 24.96027777777778], [86.69716666666667, 24.960555555555555], [86.69744444444444, 24.960555555555555], [86.69744444444444, 24.960833333333333], [86.69772222222223, 24.960833333333333], [86.69772222222223, 24.96138888888889], [86.69800000000001, 24.96138888888889], [86.69800000000001, 24.961944444444445], [86.69744444444444, 24.961944444444445], [86.69744444444444, 24.962777777777777], [86.69716666666667, 24.962777777777777], [86.69716666666667, 24.963055555555556], [86.69744444444444, 24.963055555555556], [86.69744444444444, 24.963611111111113], [86.69772222222223, 24.963611111111113], [86.69772222222223, 24.963333333333335], [86.69827777777778, 24.963333333333335], [86.69827777777778, 24.963055555555556], [86.69855555555556, 24.963055555555556], [86.69855555555556, 24.962500000000002], [86.69883333333334, 24.962500000000002], [86.69883333333334, 24.962777777777777], [86.69911111111111, 24.962777777777777], [86.69911111111111, 24.963055555555556], [86.69966666666667, 24.963055555555556], [86.69966666666667, 24.963333333333335], [86.70022222222222, 24.963333333333335], [86.70022222222222, 24.963611111111113], [86.70077777777777, 24.963611111111113], [86.70077777777777, 24.964166666666667], [86.7005, 24.964166666666667], [86.7005, 24.964444444444446], [86.70077777777777, 24.964444444444446], [86.70077777777777, 24.964722222222225], [86.70133333333334, 24.964722222222225], [86.70133333333334, 24.965], [86.70161111111112, 24.965], [86.70161111111112, 24.96527777777778], [86.70216666666667, 24.96527777777778], [86.70216666666667, 24.965], [86.70188888888889, 24.965], [86.70188888888889, 24.96388888888889], [86.70161111111112, 24.96388888888889], [86.70161111111112, 24.963333333333335], [86.70133333333334, 24.963333333333335], [86.70133333333334, 24.962777777777777], [86.70161111111112, 24.962777777777777], [86.70161111111112, 24.963055555555556], [86.70188888888889, 24.963055555555556], [86.70188888888889, 24.963333333333335], [86.70272222222222, 24.963333333333335], [86.70272222222222, 24.962777777777777], [86.70244444444445, 24.962777777777777], [86.70244444444445, 24.961944444444445], [86.703, 24.961944444444445], [86.703, 24.962222222222223], [86.70383333333334, 24.962222222222223], [86.70383333333334, 24.961944444444445], [86.70411111111112, 24.961944444444445], [86.70411111111112, 24.962222222222223], [86.70466666666667, 24.962222222222223], [86.70466666666667, 24.962777777777777], [86.70438888888889, 24.962777777777777], [86.70438888888889, 24.96388888888889], [86.70522222222222, 24.96388888888889], [86.70522222222222, 24.964444444444446], [86.70577777777778, 24.964444444444446], [86.70577777777778, 24.964166666666667], [86.70605555555555, 24.964166666666667], [86.70605555555555, 24.965], [86.70661111111112, 24.965], [86.70661111111112, 24.96527777777778], [86.7068888888889, 24.96527777777778], [86.7068888888889, 24.965], [86.70716666666667, 24.965], [86.70716666666667, 24.964722222222225], [86.70744444444445, 24.964722222222225], [86.70744444444445, 24.964444444444446], [86.70716666666667, 24.964444444444446], [86.70716666666667, 24.964166666666667], [86.7068888888889, 24.964166666666667], [86.7068888888889, 24.96388888888889], [86.70716666666667, 24.96388888888889], [86.70716666666667, 24.963333333333335], [86.70772222222223, 24.963333333333335], [86.70772222222223, 24.963611111111113], [86.708, 24.963611111111113], [86.708, 24.96388888888889], [86.70855555555556, 24.96388888888889], [86.70855555555556, 24.964444444444446], [86.70827777777778, 24.964444444444446], [86.70827777777778, 24.965555555555557], [86.70855555555556, 24.965555555555557], [86.70855555555556, 24.96611111111111], [86.70827777777778, 24.96611111111111], [86.70827777777778, 24.96666666666667], [86.70883333333333, 24.96666666666667], [86.70883333333333, 24.96638888888889], [86.70911111111111, 24.96638888888889], [86.70911111111111, 24.96611111111111], [86.7093888888889, 24.96611111111111], [86.7093888888889, 24.96638888888889], [86.70966666666666, 24.96638888888889], [86.70966666666666, 24.96666666666667], [86.70994444444445, 24.96666666666667], [86.70994444444445, 24.96638888888889], [86.71022222222223, 24.96638888888889], [86.71022222222223, 24.96611111111111], [86.70994444444445, 24.96611111111111], [86.70994444444445, 24.965555555555557], [86.70966666666666, 24.965555555555557], [86.70966666666666, 24.965], [86.70994444444445, 24.965], [86.70994444444445, 24.964722222222225], [86.70966666666666, 24.964722222222225], [86.70966666666666, 24.964444444444446], [86.7093888888889, 24.964444444444446], [86.7093888888889, 24.96388888888889], [86.70966666666666, 24.96388888888889], [86.70966666666666, 24.963611111111113], [86.7093888888889, 24.963611111111113], [86.7093888888889, 24.963333333333335], [86.70911111111111, 24.963333333333335], [86.70911111111111, 24.963055555555556], [86.70966666666666, 24.963055555555556], [86.70966666666666, 24.962777777777777], [86.7093888888889, 24.962777777777777], [86.7093888888889, 24.962500000000002], [86.70911111111111, 24.962500000000002], [86.70911111111111, 24.962222222222223], [86.7093888888889, 24.962222222222223], [86.7093888888889, 24.961944444444445], [86.70883333333333, 24.961944444444445], [86.70883333333333, 24.961666666666666], [86.70827777777778, 24.961666666666666], [86.70827777777778, 24.96138888888889], [86.708, 24.96138888888889], [86.708, 24.961111111111112], [86.70716666666667, 24.961111111111112], [86.70716666666667, 24.960833333333333], [86.70883333333333, 24.960833333333333], [86.70883333333333, 24.961111111111112], [86.71077777777778, 24.961111111111112], [86.71077777777778, 24.960833333333333], [86.71105555555556, 24.960833333333333], [86.71105555555556, 24.960555555555555], [86.71077777777778, 24.960555555555555], [86.71077777777778, 24.96027777777778], [86.71022222222223, 24.96027777777778], [86.71022222222223, 24.96], [86.71077777777778, 24.96], [86.71077777777778, 24.959722222222222], [86.71133333333333, 24.959722222222222], [86.71133333333333, 24.959444444444447], [86.71161111111111, 24.959444444444447], [86.71161111111111, 24.95916666666667], [86.7118888888889, 24.95916666666667], [86.7118888888889, 24.95861111111111], [86.71161111111111, 24.95861111111111], [86.71161111111111, 24.95777777777778], [86.71133333333333, 24.95777777777778], [86.71133333333333, 24.9575], [86.71077777777778, 24.9575], [86.71077777777778, 24.95777777777778], [86.7105, 24.95777777777778], [86.7105, 24.958055555555557], [86.70994444444445, 24.958055555555557], [86.70994444444445, 24.9575], [86.7105, 24.9575], [86.7105, 24.956944444444446], [86.70883333333333, 24.956944444444446], [86.70883333333333, 24.956666666666667], [86.70911111111111, 24.956666666666667], [86.70911111111111, 24.956111111111113], [86.7093888888889, 24.956111111111113], [86.7093888888889, 24.955833333333334], [86.70883333333333, 24.955833333333334], [86.70883333333333, 24.955555555555556], [86.70855555555556, 24.955555555555556], [86.70855555555556, 24.955277777777777], [86.70827777777778, 24.955277777777777], [86.70827777777778, 24.955000000000002], [86.70744444444445, 24.955000000000002], [86.70744444444445, 24.954444444444444], [86.70716666666667, 24.954444444444444], [86.70716666666667, 24.95416666666667], [86.7068888888889, 24.95416666666667], [86.7068888888889, 24.95388888888889], [86.70661111111112, 24.95388888888889], [86.70661111111112, 24.953611111111112], [86.70633333333333, 24.953611111111112], [86.70633333333333, 24.953333333333333], [86.70661111111112, 24.953333333333333], [86.70661111111112, 24.953055555555558], [86.7068888888889, 24.953055555555558], [86.7068888888889, 24.953611111111112], [86.70716666666667, 24.953611111111112], [86.70716666666667, 24.95388888888889], [86.70744444444445, 24.95388888888889], [86.70744444444445, 24.95416666666667], [86.70772222222223, 24.95416666666667], [86.70772222222223, 24.954444444444444], [86.70855555555556, 24.954444444444444], [86.70855555555556, 24.954722222222223], [86.70911111111111, 24.954722222222223], [86.70911111111111, 24.953611111111112], [86.70883333333333, 24.953611111111112], [86.70883333333333, 24.953055555555558], [86.70911111111111, 24.953055555555558], [86.70911111111111, 24.95277777777778], [86.7093888888889, 24.95277777777778], [86.7093888888889, 24.9525], [86.70966666666666, 24.9525], [86.70966666666666, 24.951944444444447], [86.70994444444445, 24.951944444444447], [86.70994444444445, 24.951666666666668], [86.71022222222223, 24.951666666666668], [86.71022222222223, 24.95277777777778], [86.70994444444445, 24.95277777777778], [86.70994444444445, 24.953333333333333], [86.71022222222223, 24.953333333333333], [86.71022222222223, 24.95388888888889], [86.70994444444445, 24.95388888888889], [86.70994444444445, 24.955555555555556], [86.7118888888889, 24.955555555555556], [86.7118888888889, 24.955833333333334], [86.71216666666668, 24.955833333333334], [86.71216666666668, 24.955277777777777], [86.71272222222223, 24.955277777777777], [86.71272222222223, 24.955555555555556], [86.71327777777778, 24.955555555555556], [86.71327777777778, 24.955277777777777], [86.71355555555556, 24.955277777777777], [86.71355555555556, 24.954444444444444], [86.71411111111111, 24.954444444444444], [86.71411111111111, 24.95416666666667], [86.71438888888889, 24.95416666666667], [86.71438888888889, 24.95388888888889], [86.71411111111111, 24.95388888888889], [86.71411111111111, 24.953611111111112], [86.71466666666667, 24.953611111111112], [86.71466666666667, 24.953333333333333], [86.71494444444444, 24.953333333333333], [86.71494444444444, 24.95277777777778], [86.7155, 24.95277777777778], [86.7155, 24.953055555555558], [86.71522222222222, 24.953055555555558], [86.71522222222222, 24.953611111111112], [86.71494444444444, 24.953611111111112], [86.71494444444444, 24.95388888888889], [86.71466666666667, 24.95388888888889], [86.71466666666667, 24.95416666666667], [86.71494444444444, 24.95416666666667], [86.71494444444444, 24.954444444444444], [86.71466666666667, 24.954444444444444], [86.71466666666667, 24.955277777777777], [86.71494444444444, 24.955277777777777], [86.71494444444444, 24.955555555555556], [86.71522222222222, 24.955555555555556], [86.71522222222222, 24.955833333333334], [86.71466666666667, 24.955833333333334], [86.71466666666667, 24.955555555555556], [86.71438888888889, 24.955555555555556], [86.71438888888889, 24.955833333333334], [86.71411111111111, 24.955833333333334], [86.71411111111111, 24.956111111111113], [86.71466666666667, 24.956111111111113], [86.71466666666667, 24.95638888888889], [86.71438888888889, 24.95638888888889], [86.71438888888889, 24.956666666666667], [86.71466666666667, 24.956666666666667], [86.71466666666667, 24.956944444444446], [86.71494444444444, 24.956944444444446], [86.71494444444444, 24.956666666666667], [86.71522222222222, 24.956666666666667], [86.71522222222222, 24.957222222222224], [86.71494444444444, 24.957222222222224], [86.71494444444444, 24.958055555555557], [86.71522222222222, 24.958055555555557], [86.71522222222222, 24.958333333333336], [86.71577777777777, 24.958333333333336], [86.71577777777777, 24.95861111111111], [86.71605555555556, 24.95861111111111], [86.71605555555556, 24.95888888888889], [86.71633333333334, 24.95888888888889], [86.71633333333334, 24.959444444444447], [86.71688888888889, 24.959444444444447], [86.71688888888889, 24.95888888888889], [86.71716666666667, 24.95888888888889], [86.71716666666667, 24.958333333333336], [86.71744444444445, 24.958333333333336], [86.71744444444445, 24.95777777777778], [86.71716666666667, 24.95777777777778], [86.71716666666667, 24.9575], [86.718, 24.9575], [86.718, 24.957222222222224], [86.71772222222222, 24.957222222222224], [86.71772222222222, 24.956944444444446], [86.718, 24.956944444444446], [86.718, 24.956666666666667], [86.71855555555555, 24.956666666666667], [86.71855555555555, 24.95638888888889], [86.71827777777779, 24.95638888888889], [86.71827777777779, 24.955833333333334], [86.718, 24.955833333333334], [86.718, 24.955555555555556], [86.71772222222222, 24.955555555555556], [86.71772222222222, 24.955000000000002], [86.71827777777779, 24.955000000000002], [86.71827777777779, 24.954722222222223], [86.71855555555555, 24.954722222222223], [86.71855555555555, 24.95416666666667], [86.71938888888889, 24.95416666666667], [86.71938888888889, 24.95388888888889], [86.71966666666667, 24.95388888888889], [86.71966666666667, 24.953611111111112], [86.72022222222222, 24.953611111111112], [86.72022222222222, 24.95277777777778], [86.72161111111112, 24.95277777777778], [86.72161111111112, 24.953333333333333], [86.72133333333333, 24.953333333333333], [86.72133333333333, 24.953611111111112], [86.72105555555555, 24.953611111111112], [86.72105555555555, 24.95416666666667], [86.71994444444445, 24.95416666666667], [86.71994444444445, 24.954444444444444], [86.71966666666667, 24.954444444444444], [86.71966666666667, 24.954722222222223], [86.71938888888889, 24.954722222222223], [86.71938888888889, 24.955000000000002], [86.71911111111112, 24.955000000000002], [86.71911111111112, 24.955833333333334], [86.71938888888889, 24.955833333333334], [86.71938888888889, 24.956111111111113], [86.71966666666667, 24.956111111111113], [86.71966666666667, 24.956666666666667], [86.72022222222222, 24.956666666666667], [86.72022222222222, 24.957222222222224], [86.71994444444445, 24.957222222222224], [86.71994444444445, 24.9575], [86.71966666666667, 24.9575], [86.71966666666667, 24.95777777777778], [86.71994444444445, 24.95777777777778], [86.71994444444445, 24.958055555555557], [86.72105555555555, 24.958055555555557], [86.72105555555555, 24.958333333333336], [86.72077777777778, 24.958333333333336], [86.72077777777778, 24.95888888888889], [86.7205, 24.95888888888889], [86.7205, 24.95861111111111], [86.72022222222222, 24.95861111111111], [86.72022222222222, 24.95888888888889], [86.71966666666667, 24.95888888888889], [86.71966666666667, 24.95861111111111], [86.71938888888889, 24.95861111111111], [86.71938888888889, 24.95916666666667], [86.71966666666667, 24.95916666666667], [86.71966666666667, 24.959444444444447], [86.71994444444445, 24.959444444444447], [86.71994444444445, 24.959722222222222], [86.72022222222222, 24.959722222222222], [86.72022222222222, 24.96], [86.71911111111112, 24.96], [86.71911111111112, 24.96027777777778], [86.71855555555555, 24.96027777777778], [86.71855555555555, 24.961944444444445], [86.71938888888889, 24.961944444444445], [86.71938888888889, 24.961666666666666], [86.72022222222222, 24.961666666666666], [86.72022222222222, 24.96138888888889], [86.7205, 24.96138888888889], [86.7205, 24.961111111111112], [86.72077777777778, 24.961111111111112], [86.72077777777778, 24.960555555555555], [86.72105555555555, 24.960555555555555], [86.72105555555555, 24.960833333333333], [86.72133333333333, 24.960833333333333], [86.72133333333333, 24.961111111111112], [86.72105555555555, 24.961111111111112], [86.72105555555555, 24.96138888888889], [86.72133333333333, 24.96138888888889], [86.72133333333333, 24.961666666666666], [86.72105555555555, 24.961666666666666], [86.72105555555555, 24.962222222222223], [86.72077777777778, 24.962222222222223], [86.72077777777778, 24.962777777777777], [86.72022222222222, 24.962777777777777], [86.72022222222222, 24.963055555555556], [86.71994444444445, 24.963055555555556], [86.71994444444445, 24.963333333333335], [86.71966666666667, 24.963333333333335], [86.71966666666667, 24.964166666666667], [86.72022222222222, 24.964166666666667], [86.72022222222222, 24.964444444444446], [86.72077777777778, 24.964444444444446], [86.72077777777778, 24.964722222222225], [86.72161111111112, 24.964722222222225], [86.72161111111112, 24.964166666666667], [86.72133333333333, 24.964166666666667], [86.72133333333333, 24.963333333333335], [86.72216666666667, 24.963333333333335], [86.72216666666667, 24.962500000000002], [86.72244444444445, 24.962500000000002], [86.72244444444445, 24.961944444444445], [86.72216666666667, 24.961944444444445], [86.72216666666667, 24.961666666666666], [86.72244444444445, 24.961666666666666], [86.72244444444445, 24.961111111111112], [86.72216666666667, 24.961111111111112], [86.72216666666667, 24.960833333333333], [86.72272222222223, 24.960833333333333], [86.72272222222223, 24.961111111111112], [86.723, 24.961111111111112], [86.723, 24.96138888888889], [86.72327777777778, 24.96138888888889], [86.72327777777778, 24.961666666666666], [86.72355555555556, 24.961666666666666], [86.72355555555556, 24.962222222222223], [86.72383333333333, 24.962222222222223], [86.72383333333333, 24.962500000000002], [86.7243888888889, 24.962500000000002], [86.7243888888889, 24.963333333333335], [86.72466666666666, 24.963333333333335], [86.72466666666666, 24.96388888888889], [86.72522222222223, 24.96388888888889], [86.72522222222223, 24.963611111111113], [86.72577777777778, 24.963611111111113], [86.72577777777778, 24.963333333333335], [86.72605555555556, 24.963333333333335], [86.72605555555556, 24.962777777777777], [86.72633333333333, 24.962777777777777], [86.72633333333333, 24.962500000000002], [86.72661111111111, 24.962500000000002], [86.72661111111111, 24.962222222222223], [86.72633333333333, 24.962222222222223], [86.72633333333333, 24.961944444444445], [86.72605555555556, 24.961944444444445], [86.72605555555556, 24.961666666666666], [86.72494444444445, 24.961666666666666], [86.72494444444445, 24.96138888888889], [86.72522222222223, 24.96138888888889], [86.72522222222223, 24.960555555555555], [86.72466666666666, 24.960555555555555], [86.72466666666666, 24.96], [86.72577777777778, 24.96], [86.72577777777778, 24.96027777777778], [86.72605555555556, 24.96027777777778], [86.72605555555556, 24.960555555555555], [86.72633333333333, 24.960555555555555], [86.72633333333333, 24.960833333333333], [86.7268888888889, 24.960833333333333], [86.7268888888889, 24.961111111111112], [86.72772222222223, 24.961111111111112], [86.72772222222223, 24.960555555555555], [86.72800000000001, 24.960555555555555], [86.72800000000001, 24.96], [86.72772222222223, 24.96], [86.72772222222223, 24.959444444444447], [86.72716666666668, 24.959444444444447], [86.72716666666668, 24.95888888888889], [86.7268888888889, 24.95888888888889], [86.7268888888889, 24.95861111111111], [86.72661111111111, 24.95861111111111], [86.72661111111111, 24.95888888888889], [86.72633333333333, 24.95888888888889], [86.72633333333333, 24.95861111111111], [86.72605555555556, 24.95861111111111], [86.72605555555556, 24.958333333333336], [86.72661111111111, 24.958333333333336], [86.72661111111111, 24.958055555555557], [86.72633333333333, 24.958055555555557], [86.72633333333333, 24.95777777777778], [86.72605555555556, 24.95777777777778], [86.72605555555556, 24.9575], [86.7268888888889, 24.9575], [86.7268888888889, 24.95777777777778], [86.72744444444444, 24.95777777777778], [86.72744444444444, 24.958055555555557], [86.72772222222223, 24.958055555555557], [86.72772222222223, 24.958333333333336], [86.72800000000001, 24.958333333333336], [86.72800000000001, 24.95861111111111], [86.72827777777778, 24.95861111111111], [86.72827777777778, 24.95888888888889], [86.72855555555556, 24.95888888888889], [86.72855555555556, 24.95861111111111], [86.72883333333334, 24.95861111111111], [86.72883333333334, 24.95888888888889], [86.72911111111111, 24.95888888888889], [86.72911111111111, 24.95916666666667], [86.72938888888889, 24.95916666666667], [86.72938888888889, 24.959444444444447], [86.72966666666667, 24.959444444444447], [86.72966666666667, 24.95861111111111], [86.72994444444444, 24.95861111111111], [86.72994444444444, 24.958333333333336], [86.7305, 24.958333333333336], [86.7305, 24.958055555555557], [86.73077777777777, 24.958055555555557], [86.73077777777777, 24.9575], [86.73105555555556, 24.9575], [86.73105555555556, 24.958333333333336], [86.7316111111111, 24.958333333333336], [86.7316111111111, 24.958055555555557], [86.73188888888889, 24.958055555555557], [86.73188888888889, 24.95777777777778], [86.73244444444445, 24.95777777777778], [86.73244444444445, 24.9575], [86.73272222222222, 24.9575], [86.73272222222222, 24.95777777777778], [86.733, 24.95777777777778], [86.733, 24.958055555555557], [86.73327777777779, 24.958055555555557], [86.73327777777779, 24.958333333333336], [86.73355555555555, 24.958333333333336], [86.73355555555555, 24.9575], [86.73327777777779, 24.9575], [86.73327777777779, 24.957222222222224], [86.73355555555555, 24.957222222222224], [86.73355555555555, 24.956944444444446], [86.73383333333334, 24.956944444444446], [86.73383333333334, 24.958055555555557], [86.73411111111112, 24.958055555555557], [86.73411111111112, 24.958333333333336], [86.73438888888889, 24.958333333333336], [86.73438888888889, 24.95861111111111], [86.73411111111112, 24.95861111111111], [86.73411111111112, 24.95888888888889], [86.73383333333334, 24.95888888888889], [86.73383333333334, 24.95916666666667], [86.73411111111112, 24.95916666666667], [86.73411111111112, 24.959444444444447], [86.73466666666667, 24.959444444444447], [86.73466666666667, 24.959722222222222], [86.73494444444445, 24.959722222222222], [86.73494444444445, 24.96], [86.73577777777778, 24.96], [86.73577777777778, 24.959722222222222], [86.73605555555555, 24.959722222222222], [86.73605555555555, 24.959444444444447], [86.73661111111112, 24.959444444444447], [86.73661111111112, 24.95916666666667], [86.73688888888888, 24.95916666666667], [86.73688888888888, 24.958333333333336], [86.73661111111112, 24.958333333333336], [86.73661111111112, 24.9575], [86.73688888888888, 24.9575], [86.73688888888888, 24.957222222222224], [86.73716666666667, 24.957222222222224], [86.73716666666667, 24.956111111111113], [86.73688888888888, 24.956111111111113], [86.73688888888888, 24.955833333333334], [86.73661111111112, 24.955833333333334], [86.73661111111112, 24.955555555555556], [86.73772222222223, 24.955555555555556], [86.73772222222223, 24.955833333333334], [86.73827777777778, 24.955833333333334], [86.73827777777778, 24.956111111111113], [86.73855555555556, 24.956111111111113], [86.73855555555556, 24.956666666666667], [86.73883333333333, 24.956666666666667], [86.73883333333333, 24.9575], [86.738, 24.9575], [86.738, 24.95777777777778], [86.73827777777778, 24.95777777777778], [86.73827777777778, 24.958055555555557], [86.73883333333333, 24.958055555555557], [86.73883333333333, 24.95861111111111], [86.73855555555556, 24.95861111111111], [86.73855555555556, 24.95888888888889], [86.73883333333333, 24.95888888888889], [86.73883333333333, 24.959722222222222], [86.73911111111111, 24.959722222222222], [86.73911111111111, 24.96], [86.73994444444445, 24.96], [86.73994444444445, 24.959722222222222], [86.73966666666666, 24.959722222222222], [86.73966666666666, 24.959444444444447], [86.74022222222223, 24.959444444444447], [86.74022222222223, 24.96], [86.7405, 24.96], [86.7405, 24.96027777777778], [86.74077777777778, 24.96027777777778], [86.74077777777778, 24.960555555555555], [86.74161111111111, 24.960555555555555], [86.74161111111111, 24.96027777777778], [86.7418888888889, 24.96027777777778], [86.7418888888889, 24.96], [86.74272222222223, 24.96], [86.74272222222223, 24.96027777777778], [86.74327777777778, 24.96027777777778], [86.74327777777778, 24.960555555555555], [86.74355555555556, 24.960555555555555], [86.74355555555556, 24.961666666666666], [86.74383333333334, 24.961666666666666], [86.74383333333334, 24.961944444444445], [86.74494444444444, 24.961944444444445], [86.74494444444444, 24.962222222222223], [86.7455, 24.962222222222223], [86.7455, 24.962777777777777], [86.74577777777777, 24.962777777777777], [86.74577777777777, 24.963055555555556], [86.74605555555556, 24.963055555555556], [86.74605555555556, 24.963333333333335], [86.74633333333334, 24.963333333333335], [86.74633333333334, 24.963611111111113], [86.74661111111111, 24.963611111111113], [86.74661111111111, 24.96388888888889], [86.74688888888889, 24.96388888888889], [86.74688888888889, 24.964166666666667], [86.74716666666667, 24.964166666666667], [86.74716666666667, 24.964444444444446], [86.74744444444444, 24.964444444444446], [86.74744444444444, 24.964722222222225], [86.74772222222222, 24.964722222222225], [86.74772222222222, 24.965], [86.748, 24.965], [86.748, 24.96527777777778], [86.74827777777779, 24.96527777777778], [86.74827777777779, 24.965833333333332], [86.74855555555555, 24.965833333333332], [86.74855555555555, 24.96638888888889], [86.74911111111112, 24.96638888888889], [86.74911111111112, 24.96666666666667], [86.74938888888889, 24.96666666666667], [86.74938888888889, 24.967222222222222], [86.74966666666667, 24.967222222222222], [86.74966666666667, 24.9675], [86.74994444444445, 24.9675], [86.74994444444445, 24.968055555555555], [86.75022222222222, 24.968055555555555], [86.75022222222222, 24.968611111111112], [86.7505, 24.968611111111112], [86.7505, 24.969166666666666], [86.75077777777778, 24.969166666666666], [86.75077777777778, 24.969722222222224], [86.75133333333333, 24.969722222222224], [86.75133333333333, 24.969444444444445], [86.75161111111112, 24.969444444444445], [86.75161111111112, 24.969166666666666], [86.75133333333333, 24.969166666666666], [86.75133333333333, 24.968611111111112], [86.75188888888889, 24.968611111111112], [86.75188888888889, 24.968333333333334], [86.75272222222222, 24.968333333333334], [86.75272222222222, 24.968055555555555], [86.753, 24.968055555555555], [86.753, 24.966944444444444], [86.75272222222222, 24.966944444444444], [86.75272222222222, 24.96666666666667], [86.753, 24.96666666666667], [86.753, 24.96611111111111], [86.75216666666667, 24.96611111111111], [86.75216666666667, 24.965833333333332], [86.75161111111112, 24.965833333333332], [86.75161111111112, 24.965555555555557], [86.75133333333333, 24.965555555555557], [86.75133333333333, 24.96527777777778], [86.75105555555555, 24.96527777777778], [86.75105555555555, 24.965555555555557], [86.7505, 24.965555555555557], [86.7505, 24.96527777777778], [86.75077777777778, 24.96527777777778], [86.75077777777778, 24.964166666666667], [86.7505, 24.964166666666667], [86.7505, 24.963333333333335], [86.75022222222222, 24.963333333333335], [86.75022222222222, 24.963055555555556], [86.74966666666667, 24.963055555555556], [86.74966666666667, 24.962777777777777], [86.74911111111112, 24.962777777777777], [86.74911111111112, 24.962500000000002], [86.74883333333334, 24.962500000000002], [86.74883333333334, 24.962222222222223], [86.74855555555555, 24.962222222222223], [86.74855555555555, 24.961944444444445], [86.74772222222222, 24.961944444444445], [86.74772222222222, 24.96138888888889], [86.74744444444444, 24.96138888888889], [86.74744444444444, 24.961111111111112], [86.74716666666667, 24.961111111111112], [86.74716666666667, 24.960555555555555], [86.74744444444444, 24.960555555555555], [86.74744444444444, 24.96027777777778], [86.74772222222222, 24.96027777777778], [86.74772222222222, 24.96], [86.74827777777779, 24.96], [86.74827777777779, 24.959722222222222], [86.74855555555555, 24.959722222222222], [86.74855555555555, 24.96027777777778], [86.74911111111112, 24.96027777777778], [86.74911111111112, 24.96], [86.74966666666667, 24.96], [86.74966666666667, 24.96027777777778], [86.75022222222222, 24.96027777777778], [86.75022222222222, 24.960555555555555], [86.7505, 24.960555555555555], [86.7505, 24.960833333333333], [86.75105555555555, 24.960833333333333], [86.75105555555555, 24.961111111111112], [86.75133333333333, 24.961111111111112], [86.75133333333333, 24.96138888888889], [86.75216666666667, 24.96138888888889], [86.75216666666667, 24.961111111111112], [86.75188888888889, 24.961111111111112], [86.75188888888889, 24.960555555555555], [86.75272222222222, 24.960555555555555], [86.75272222222222, 24.960833333333333], [86.753, 24.960833333333333], [86.753, 24.961111111111112], [86.75327777777778, 24.961111111111112], [86.75327777777778, 24.96138888888889], [86.75355555555556, 24.96138888888889], [86.75355555555556, 24.961666666666666], [86.753, 24.961666666666666], [86.753, 24.961944444444445], [86.75327777777778, 24.961944444444445], [86.75327777777778, 24.962500000000002], [86.75411111111111, 24.962500000000002], [86.75411111111111, 24.962222222222223], [86.75522222222223, 24.962222222222223], [86.75522222222223, 24.962500000000002], [86.7555, 24.962500000000002], [86.7555, 24.962777777777777], [86.75633333333333, 24.962777777777777], [86.75633333333333, 24.963055555555556], [86.7568888888889, 24.963055555555556], [86.7568888888889, 24.963333333333335], [86.75772222222223, 24.963333333333335], [86.75772222222223, 24.963611111111113], [86.758, 24.963611111111113], [86.758, 24.962500000000002], [86.75772222222223, 24.962500000000002], [86.75772222222223, 24.962222222222223], [86.75744444444445, 24.962222222222223], [86.75744444444445, 24.961944444444445], [86.75716666666666, 24.961944444444445], [86.75716666666666, 24.961666666666666], [86.7568888888889, 24.961666666666666], [86.7568888888889, 24.96138888888889], [86.75661111111111, 24.96138888888889], [86.75661111111111, 24.961111111111112], [86.75605555555556, 24.961111111111112], [86.75605555555556, 24.960833333333333], [86.75577777777778, 24.960833333333333], [86.75577777777778, 24.960555555555555], [86.75605555555556, 24.960555555555555], [86.75605555555556, 24.96027777777778], [86.75633333333333, 24.96027777777778], [86.75633333333333, 24.96], [86.7568888888889, 24.96], [86.7568888888889, 24.96027777777778], [86.75744444444445, 24.96027777777778], [86.75744444444445, 24.960555555555555], [86.75827777777778, 24.960555555555555], [86.75827777777778, 24.960833333333333], [86.75855555555556, 24.960833333333333], [86.75855555555556, 24.961111111111112], [86.75883333333334, 24.961111111111112], [86.75883333333334, 24.96138888888889], [86.75966666666667, 24.96138888888889], [86.75966666666667, 24.961666666666666], [86.76022222222223, 24.961666666666666], [86.76022222222223, 24.961111111111112], [86.76077777777778, 24.961111111111112], [86.76077777777778, 24.96027777777778], [86.76133333333334, 24.96027777777778], [86.76133333333334, 24.960555555555555], [86.76161111111111, 24.960555555555555], [86.76161111111111, 24.960833333333333], [86.76188888888889, 24.960833333333333], [86.76188888888889, 24.961111111111112], [86.76216666666667, 24.961111111111112], [86.76216666666667, 24.961666666666666], [86.76188888888889, 24.961666666666666], [86.76188888888889, 24.961944444444445], [86.76133333333334, 24.961944444444445], [86.76133333333334, 24.962500000000002], [86.76161111111111, 24.962500000000002], [86.76161111111111, 24.962777777777777], [86.76188888888889, 24.962777777777777], [86.76188888888889, 24.963055555555556], [86.76244444444444, 24.963055555555556], [86.76244444444444, 24.963333333333335], [86.76272222222222, 24.963333333333335], [86.76272222222222, 24.963611111111113], [86.76244444444444, 24.963611111111113], [86.76244444444444, 24.96388888888889], [86.76188888888889, 24.96388888888889], [86.76188888888889, 24.963611111111113], [86.76022222222223, 24.963611111111113], [86.76022222222223, 24.96388888888889], [86.76077777777778, 24.96388888888889], [86.76077777777778, 24.964166666666667], [86.75966666666667, 24.964166666666667], [86.75966666666667, 24.964722222222225], [86.76022222222223, 24.964722222222225], [86.76022222222223, 24.965], [86.76077777777778, 24.965], [86.76077777777778, 24.96527777777778], [86.76133333333334, 24.96527777777778], [86.76133333333334, 24.965555555555557], [86.76161111111111, 24.965555555555557], [86.76161111111111, 24.96611111111111], [86.76216666666667, 24.96611111111111], [86.76216666666667, 24.96638888888889], [86.76272222222222, 24.96638888888889], [86.76272222222222, 24.96666666666667], [86.763, 24.96666666666667], [86.763, 24.966944444444444], [86.76494444444445, 24.966944444444444], [86.76494444444445, 24.967222222222222], [86.7655, 24.967222222222222], [86.7655, 24.9675], [86.76605555555555, 24.9675], [86.76605555555555, 24.966944444444444], [86.76633333333334, 24.966944444444444], [86.76633333333334, 24.967222222222222], [86.76744444444445, 24.967222222222222], [86.76744444444445, 24.96638888888889], [86.76772222222222, 24.96638888888889], [86.76772222222222, 24.96666666666667], [86.76855555555555, 24.96666666666667], [86.76855555555555, 24.965833333333332], [86.76883333333333, 24.965833333333332], [86.76883333333333, 24.96611111111111], [86.76911111111112, 24.96611111111111], [86.76911111111112, 24.96638888888889], [86.7693888888889, 24.96638888888889], [86.7693888888889, 24.96666666666667], [86.76966666666667, 24.96666666666667], [86.76966666666667, 24.966944444444444], [86.76911111111112, 24.966944444444444], [86.76911111111112, 24.967222222222222], [86.76855555555555, 24.967222222222222], [86.76855555555555, 24.968333333333334], [86.76883333333333, 24.968333333333334], [86.76883333333333, 24.968611111111112], [86.76855555555555, 24.968611111111112], [86.76855555555555, 24.969166666666666], [86.76883333333333, 24.969166666666666], [86.76883333333333, 24.969444444444445], [86.7693888888889, 24.969444444444445], [86.7693888888889, 24.969166666666666], [86.76966666666667, 24.969166666666666], [86.76966666666667, 24.969444444444445], [86.76994444444445, 24.969444444444445], [86.76994444444445, 24.970000000000002], [86.77022222222223, 24.970000000000002], [86.77022222222223, 24.970277777777778], [86.77077777777778, 24.970277777777778], [86.77077777777778, 24.970000000000002], [86.77105555555556, 24.970000000000002], [86.77105555555556, 24.969722222222224], [86.77133333333333, 24.969722222222224], [86.77133333333333, 24.96888888888889], [86.77105555555556, 24.96888888888889], [86.77105555555556, 24.968333333333334], [86.77077777777778, 24.968333333333334], [86.77077777777778, 24.96777777777778], [86.77105555555556, 24.96777777777778], [86.77105555555556, 24.968055555555555], [86.77133333333333, 24.968055555555555], [86.77133333333333, 24.968333333333334], [86.77161111111111, 24.968333333333334], [86.77161111111111, 24.96888888888889], [86.7718888888889, 24.96888888888889], [86.7718888888889, 24.970000000000002], [86.77216666666666, 24.970000000000002], [86.77216666666666, 24.970277777777778], [86.7718888888889, 24.970277777777778], [86.7718888888889, 24.971111111111114], [86.77216666666666, 24.971111111111114], [86.77216666666666, 24.97138888888889], [86.77272222222223, 24.97138888888889], [86.77272222222223, 24.971666666666668], [86.773, 24.971666666666668], [86.773, 24.97138888888889], [86.77355555555556, 24.97138888888889], [86.77355555555556, 24.971666666666668], [86.77383333333333, 24.971666666666668], [86.77383333333333, 24.971944444444446], [86.7743888888889, 24.971944444444446], [86.7743888888889, 24.97222222222222], [86.77522222222223, 24.97222222222222], [86.77522222222223, 24.9725], [86.77577777777778, 24.9725], [86.77577777777778, 24.97277777777778], [86.77661111111111, 24.97277777777778], [86.77661111111111, 24.973055555555558], [86.77688888888889, 24.973055555555558], [86.77688888888889, 24.97222222222222], [86.77661111111111, 24.97222222222222], [86.77661111111111, 24.971666666666668], [86.77633333333334, 24.971666666666668], [86.77633333333334, 24.97138888888889], [86.77605555555556, 24.97138888888889], [86.77605555555556, 24.970555555555556], [86.77577777777778, 24.970555555555556], [86.77577777777778, 24.969166666666666], [86.77605555555556, 24.969166666666666], [86.77605555555556, 24.96888888888889], [86.77633333333334, 24.96888888888889], [86.77633333333334, 24.968611111111112], [86.77661111111111, 24.968611111111112], [86.77661111111111, 24.968333333333334], [86.77688888888889, 24.968333333333334], [86.77688888888889, 24.968055555555555], [86.77716666666667, 24.968055555555555], [86.77716666666667, 24.96777777777778], [86.77744444444444, 24.96777777777778], [86.77744444444444, 24.9675], [86.77772222222222, 24.9675], [86.77772222222222, 24.967222222222222], [86.778, 24.967222222222222], [86.778, 24.9675], [86.77855555555556, 24.9675], [86.77855555555556, 24.96777777777778], [86.7791111111111, 24.96777777777778], [86.7791111111111, 24.968055555555555], [86.77938888888889, 24.968055555555555], [86.77938888888889, 24.968333333333334], [86.77966666666667, 24.968333333333334], [86.77966666666667, 24.968611111111112], [86.77994444444445, 24.968611111111112], [86.77994444444445, 24.96888888888889], [86.78022222222222, 24.96888888888889], [86.78022222222222, 24.969166666666666], [86.7805, 24.969166666666666], [86.7805, 24.969444444444445], [86.78077777777779, 24.969444444444445], [86.78077777777779, 24.969722222222224], [86.78105555555555, 24.969722222222224], [86.78105555555555, 24.970000000000002], [86.78133333333334, 24.970000000000002], [86.78133333333334, 24.970277777777778], [86.78161111111112, 24.970277777777778], [86.78161111111112, 24.970555555555556], [86.78188888888889, 24.970555555555556], [86.78188888888889, 24.970833333333335], [86.78216666666667, 24.970833333333335], [86.78216666666667, 24.971111111111114], [86.78244444444445, 24.971111111111114], [86.78244444444445, 24.97138888888889], [86.78355555555555, 24.97138888888889], [86.78355555555555, 24.971666666666668], [86.78411111111112, 24.971666666666668], [86.78411111111112, 24.971944444444446], [86.78494444444445, 24.971944444444446], [86.78494444444445, 24.97222222222222], [86.78522222222223, 24.97222222222222], [86.78522222222223, 24.9725], [86.7855, 24.9725], [86.7855, 24.97277777777778], [86.78577777777778, 24.97277777777778], [86.78577777777778, 24.973055555555558], [86.78633333333333, 24.973055555555558], [86.78633333333333, 24.973333333333333], [86.78661111111111, 24.973333333333333], [86.78661111111111, 24.97361111111111], [86.7868888888889, 24.97361111111111], [86.7868888888889, 24.97388888888889], [86.78716666666666, 24.97388888888889], [86.78716666666666, 24.97416666666667], [86.78744444444445, 24.97416666666667], [86.78744444444445, 24.974444444444444], [86.78772222222223, 24.974444444444444], [86.78772222222223, 24.974722222222223], [86.788, 24.974722222222223], [86.788, 24.975], [86.78827777777778, 24.975], [86.78827777777778, 24.97527777777778], [86.78855555555556, 24.97527777777778], [86.78855555555556, 24.975555555555555], [86.78883333333333, 24.975555555555555], [86.78883333333333, 24.976111111111113], [86.78911111111111, 24.976111111111113], [86.78911111111111, 24.97638888888889], [86.78883333333333, 24.97638888888889], [86.78883333333333, 24.976666666666667], [86.78855555555556, 24.976666666666667], [86.78855555555556, 24.976944444444445], [86.78827777777778, 24.976944444444445], [86.78827777777778, 24.977222222222224], [86.78661111111111, 24.977222222222224], [86.78661111111111, 24.977777777777778], [86.7868888888889, 24.977777777777778], [86.7868888888889, 24.9775], [86.78744444444445, 24.9775], [86.78744444444445, 24.977777777777778], [86.78772222222223, 24.977777777777778], [86.78772222222223, 24.978055555555557], [86.788, 24.978055555555557], [86.788, 24.978333333333335], [86.78827777777778, 24.978333333333335], [86.78827777777778, 24.978055555555557], [86.78911111111111, 24.978055555555557], [86.78911111111111, 24.977777777777778], [86.7893888888889, 24.977777777777778], [86.7893888888889, 24.9775], [86.78966666666668, 24.9775], [86.78966666666668, 24.977777777777778], [86.78994444444444, 24.977777777777778], [86.78994444444444, 24.978055555555557], [86.79022222222223, 24.978055555555557], [86.79022222222223, 24.978333333333335], [86.79188888888889, 24.978333333333335], [86.79188888888889, 24.97861111111111], [86.79244444444444, 24.97861111111111], [86.79244444444444, 24.97888888888889], [86.79272222222222, 24.97888888888889], [86.79272222222222, 24.979166666666668], [86.793, 24.979166666666668], [86.793, 24.979444444444447], [86.79327777777777, 24.979444444444447], [86.79327777777777, 24.98], [86.79355555555556, 24.98], [86.79355555555556, 24.98027777777778], [86.79383333333334, 24.98027777777778], [86.79383333333334, 24.980555555555558], [86.7941111111111, 24.980555555555558], [86.7941111111111, 24.980833333333333], [86.79438888888889, 24.980833333333333], [86.79438888888889, 24.98111111111111], [86.79466666666667, 24.98111111111111], [86.79466666666667, 24.981944444444444], [86.79438888888889, 24.981944444444444], [86.79438888888889, 24.982222222222223], [86.7941111111111, 24.982222222222223], [86.7941111111111, 24.982777777777777], [86.79383333333334, 24.982777777777777], [86.79383333333334, 24.983055555555556], [86.79355555555556, 24.983055555555556], [86.79355555555556, 24.983333333333334], [86.79327777777777, 24.983333333333334], [86.79327777777777, 24.983888888888888], [86.793, 24.983888888888888], [86.793, 24.984166666666667], [86.79272222222222, 24.984166666666667], [86.79272222222222, 24.984444444444446], [86.79244444444444, 24.984444444444446], [86.79244444444444, 24.984722222222224], [86.79216666666667, 24.984722222222224], [86.79216666666667, 24.985277777777778], [86.79188888888889, 24.985277777777778], [86.79188888888889, 24.985555555555557], [86.79161111111111, 24.985555555555557], [86.79161111111111, 24.985833333333336], [86.79133333333334, 24.985833333333336], [86.79133333333334, 24.98611111111111], [86.79105555555556, 24.98611111111111], [86.79105555555556, 24.98638888888889], [86.79077777777778, 24.98638888888889], [86.79077777777778, 24.986666666666668], [86.79050000000001, 24.986666666666668], [86.79050000000001, 24.986944444444447], [86.79077777777778, 24.986944444444447], [86.79077777777778, 24.987222222222222], [86.79105555555556, 24.987222222222222], [86.79105555555556, 24.9875], [86.79133333333334, 24.9875], [86.79133333333334, 24.98777777777778], [86.79161111111111, 24.98777777777778], [86.79161111111111, 24.988055555555558], [86.79188888888889, 24.988055555555558], [86.79188888888889, 24.988333333333333], [86.79216666666667, 24.988333333333333], [86.79216666666667, 24.988611111111112], [86.79244444444444, 24.988611111111112], [86.79244444444444, 24.98888888888889], [86.79272222222222, 24.98888888888889], [86.79272222222222, 24.989166666666666], [86.793, 24.989166666666666], [86.793, 24.989444444444445], [86.79327777777777, 24.989444444444445], [86.79327777777777, 24.989722222222223], [86.79355555555556, 24.989722222222223], [86.79355555555556, 24.990000000000002], [86.79383333333334, 24.990000000000002], [86.79383333333334, 24.990277777777777], [86.7941111111111, 24.990277777777777], [86.7941111111111, 24.990555555555556], [86.79438888888889, 24.990555555555556], [86.79438888888889, 24.990833333333335], [86.79466666666667, 24.990833333333335], [86.79466666666667, 24.991111111111113], [86.79494444444445, 24.991111111111113], [86.79494444444445, 24.99138888888889], [86.79522222222222, 24.99138888888889], [86.79522222222222, 24.991666666666667], [86.7955, 24.991666666666667], [86.7955, 24.991944444444446], [86.79577777777779, 24.991944444444446], [86.79577777777779, 24.992222222222225], [86.79605555555555, 24.992222222222225], [86.79605555555555, 24.9925], [86.79633333333334, 24.9925], [86.79633333333334, 24.99277777777778], [86.79661111111112, 24.99277777777778], [86.79661111111112, 24.993055555555557], [86.79688888888889, 24.993055555555557], [86.79688888888889, 24.993333333333336], [86.79716666666667, 24.993333333333336], [86.79716666666667, 24.99361111111111], [86.79744444444445, 24.99361111111111], [86.79744444444445, 24.99388888888889], [86.79772222222222, 24.99388888888889], [86.79772222222222, 24.99416666666667], [86.798, 24.99416666666667], [86.798, 24.994444444444444], [86.79827777777778, 24.994444444444444], [86.79827777777778, 24.994722222222222], [86.79855555555555, 24.994722222222222], [86.79855555555555, 24.995], [86.79883333333333, 24.995], [86.79883333333333, 24.99527777777778], [86.79911111111112, 24.99527777777778], [86.79911111111112, 24.995555555555555], [86.79883333333333, 24.995555555555555], [86.79883333333333, 24.995833333333334], [86.79855555555555, 24.995833333333334], [86.79855555555555, 24.996111111111112], [86.79827777777778, 24.996111111111112], [86.79827777777778, 24.99638888888889], [86.798, 24.99638888888889], [86.798, 24.996666666666666], [86.79772222222222, 24.996666666666666], [86.79772222222222, 24.996944444444445], [86.79744444444445, 24.996944444444445], [86.79744444444445, 24.997222222222224], [86.79716666666667, 24.997222222222224], [86.79716666666667, 24.997500000000002], [86.79688888888889, 24.997500000000002], [86.79688888888889, 24.997777777777777], [86.79661111111112, 24.997777777777777], [86.79661111111112, 24.998055555555556], [86.79633333333334, 24.998055555555556], [86.79633333333334, 24.998333333333335], [86.79605555555555, 24.998333333333335], [86.79605555555555, 24.998611111111114], [86.79577777777779, 24.998611111111114], [86.79577777777779, 24.99888888888889], [86.7955, 24.99888888888889], [86.7955, 24.999166666666667], [86.79522222222222, 24.999166666666667], [86.79522222222222, 24.999444444444446], [86.79494444444445, 24.999444444444446], [86.79494444444445, 24.999722222222225], [86.79466666666667, 24.999722222222225], [86.79466666666667, 25.0], [86.79438888888889, 25.0], [86.79438888888889, 25.00027777777778], [86.7941111111111, 25.00027777777778], [86.7941111111111, 25.000555555555557], [86.79383333333334, 25.000555555555557], [86.79383333333334, 25.000833333333333], [86.79355555555556, 25.000833333333333], [86.79355555555556, 25.00111111111111], [86.79327777777777, 25.00111111111111], [86.79327777777777, 25.00138888888889], [86.793, 25.00138888888889], [86.793, 25.00166666666667], [86.79272222222222, 25.00166666666667], [86.79272222222222, 25.001944444444444], [86.79244444444444, 25.001944444444444], [86.79244444444444, 25.002222222222223], [86.79216666666667, 25.002222222222223], [86.79216666666667, 25.0025], [86.79188888888889, 25.0025], [86.79188888888889, 25.002222222222223], [86.79161111111111, 25.002222222222223], [86.79161111111111, 25.0025], [86.79133333333334, 25.0025], [86.79133333333334, 25.00277777777778], [86.79105555555556, 25.00277777777778], [86.79105555555556, 25.003055555555555], [86.79077777777778, 25.003055555555555], [86.79077777777778, 25.003333333333334], [86.79050000000001, 25.003333333333334], [86.79050000000001, 25.003611111111113], [86.79022222222223, 25.003611111111113], [86.79022222222223, 25.00388888888889], [86.78994444444444, 25.00388888888889], [86.78994444444444, 25.004166666666666], [86.78966666666668, 25.004166666666666], [86.78966666666668, 25.004444444444445], [86.7893888888889, 25.004444444444445], [86.7893888888889, 25.004722222222224], [86.78911111111111, 25.004722222222224], [86.78911111111111, 25.005000000000003], [86.78883333333333, 25.005000000000003], [86.78883333333333, 25.005277777777778], [86.78855555555556, 25.005277777777778], [86.78855555555556, 25.005555555555556], [86.78827777777778, 25.005555555555556], [86.78827777777778, 25.005833333333335], [86.788, 25.005833333333335], [86.788, 25.00611111111111], [86.78827777777778, 25.00611111111111], [86.78827777777778, 25.00638888888889], [86.78855555555556, 25.00638888888889], [86.78855555555556, 25.006666666666668], [86.78883333333333, 25.006666666666668], [86.78883333333333, 25.006944444444446], [86.78855555555556, 25.006944444444446], [86.78855555555556, 25.00722222222222], [86.78827777777778, 25.00722222222222], [86.78827777777778, 25.0075], [86.788, 25.0075], [86.788, 25.00777777777778], [86.78772222222223, 25.00777777777778], [86.78772222222223, 25.008055555555558], [86.78744444444445, 25.008055555555558], [86.78744444444445, 25.008333333333333], [86.78716666666666, 25.008333333333333], [86.78716666666666, 25.00861111111111], [86.7868888888889, 25.00861111111111], [86.7868888888889, 25.00888888888889], [86.78661111111111, 25.00888888888889], [86.78661111111111, 25.00916666666667], [86.78633333333333, 25.00916666666667], [86.78633333333333, 25.009444444444444], [86.78605555555556, 25.009444444444444], [86.78605555555556, 25.009722222222223], [86.78577777777778, 25.009722222222223], [86.78577777777778, 25.01], [86.7855, 25.01], [86.7855, 25.01027777777778], [86.78522222222223, 25.01027777777778], [86.78522222222223, 25.010555555555555], [86.78494444444445, 25.010555555555555], [86.78494444444445, 25.010833333333334], [86.78466666666667, 25.010833333333334], [86.78466666666667, 25.011111111111113], [86.7843888888889, 25.011111111111113], [86.7843888888889, 25.011388888888888], [86.78411111111112, 25.011388888888888], [86.78411111111112, 25.011666666666667], [86.78383333333333, 25.011666666666667], [86.78383333333333, 25.011944444444445], [86.78355555555555, 25.011944444444445], [86.78355555555555, 25.012222222222224], [86.78327777777778, 25.012222222222224], [86.78327777777778, 25.0125], [86.783, 25.0125], [86.783, 25.012777777777778], [86.78272222222222, 25.012777777777778], [86.78272222222222, 25.013055555555557], [86.78244444444445, 25.013055555555557], [86.78244444444445, 25.013333333333335], [86.78216666666667, 25.013333333333335], [86.78216666666667, 25.01361111111111], [86.78188888888889, 25.01361111111111], [86.78188888888889, 25.01388888888889], [86.78161111111112, 25.01388888888889], [86.78161111111112, 25.014166666666668], [86.78133333333334, 25.014166666666668], [86.78133333333334, 25.014444444444447], [86.78105555555555, 25.014444444444447], [86.78105555555555, 25.014722222222222], [86.78077777777779, 25.014722222222222], [86.78077777777779, 25.015], [86.7805, 25.015], [86.7805, 25.01527777777778], [86.78022222222222, 25.01527777777778], [86.78022222222222, 25.015555555555558], [86.77994444444445, 25.015555555555558], [86.77994444444445, 25.015833333333333], [86.77966666666667, 25.015833333333333], [86.77966666666667, 25.016111111111112], [86.77938888888889, 25.016111111111112], [86.77938888888889, 25.01638888888889], [86.7791111111111, 25.01638888888889], [86.7791111111111, 25.01666666666667], [86.77883333333334, 25.01666666666667], [86.77883333333334, 25.016944444444444], [86.77855555555556, 25.016944444444444], [86.77855555555556, 25.017222222222223], [86.77827777777777, 25.017222222222223], [86.77827777777777, 25.017500000000002], [86.778, 25.017500000000002], [86.778, 25.017777777777777], [86.77772222222222, 25.017777777777777], [86.77772222222222, 25.018055555555556], [86.77744444444444, 25.018055555555556], [86.77744444444444, 25.018333333333334], [86.77716666666667, 25.018333333333334], [86.77716666666667, 25.018611111111113], [86.77688888888889, 25.018611111111113], [86.77688888888889, 25.01888888888889], [86.77661111111111, 25.01888888888889], [86.77661111111111, 25.019166666666667], [86.77633333333334, 25.019166666666667], [86.77633333333334, 25.019444444444446], [86.77605555555556, 25.019444444444446], [86.77605555555556, 25.019722222222224], [86.77577777777778, 25.019722222222224], [86.77577777777778, 25.02], [86.77550000000001, 25.02], [86.77550000000001, 25.02027777777778], [86.77522222222223, 25.02027777777778], [86.77522222222223, 25.020555555555557], [86.77494444444444, 25.020555555555557], [86.77494444444444, 25.020833333333336], [86.77466666666668, 25.020833333333336], [86.77466666666668, 25.02111111111111], [86.7743888888889, 25.02111111111111], [86.7743888888889, 25.02138888888889], [86.77411111111111, 25.02138888888889], [86.77411111111111, 25.02166666666667], [86.77383333333333, 25.02166666666667], [86.77383333333333, 25.021944444444447], [86.77355555555556, 25.021944444444447], [86.77355555555556, 25.022222222222222], [86.77327777777778, 25.022222222222222], [86.77327777777778, 25.0225], [86.773, 25.0225], [86.773, 25.02277777777778], [86.77272222222223, 25.02277777777778], [86.77272222222223, 25.023055555555555], [86.77244444444445, 25.023055555555555], [86.77244444444445, 25.023333333333333], [86.77216666666666, 25.023333333333333], [86.77216666666666, 25.023611111111112], [86.7718888888889, 25.023611111111112], [86.7718888888889, 25.02388888888889], [86.77161111111111, 25.02388888888889], [86.77161111111111, 25.024166666666666], [86.77133333333333, 25.024166666666666], [86.77133333333333, 25.024444444444445], [86.77105555555556, 25.024444444444445], [86.77105555555556, 25.024722222222223], [86.77077777777778, 25.024722222222223], [86.77077777777778, 25.025000000000002], [86.7705, 25.025000000000002], [86.7705, 25.025277777777777], [86.77022222222223, 25.025277777777777], [86.77022222222223, 25.025555555555556], [86.76994444444445, 25.025555555555556], [86.76994444444445, 25.025833333333335], [86.76966666666667, 25.025833333333335], [86.76966666666667, 25.026111111111113], [86.7693888888889, 25.026111111111113], [86.7693888888889, 25.02638888888889], [86.76911111111112, 25.02638888888889], [86.76911111111112, 25.026666666666667], [86.76883333333333, 25.026666666666667], [86.76883333333333, 25.026944444444446], [86.76855555555555, 25.026944444444446], [86.76855555555555, 25.027222222222225], [86.76827777777778, 25.027222222222225], [86.76827777777778, 25.0275], [86.768, 25.0275], [86.768, 25.02777777777778], [86.76772222222222, 25.02777777777778], [86.76772222222222, 25.028055555555557], [86.76744444444445, 25.028055555555557], [86.76744444444445, 25.028333333333332], [86.76716666666667, 25.028333333333332], [86.76716666666667, 25.02861111111111], [86.76688888888889, 25.02861111111111], [86.76688888888889, 25.02888888888889], [86.76661111111112, 25.02888888888889], [86.76661111111112, 25.02916666666667], [86.76633333333334, 25.02916666666667], [86.76633333333334, 25.029444444444444], [86.76605555555555, 25.029444444444444], [86.76605555555555, 25.029722222222222], [86.76577777777779, 25.029722222222222], [86.76577777777779, 25.03], [86.7655, 25.03], [86.7655, 25.03027777777778], [86.76522222222222, 25.03027777777778], [86.76522222222222, 25.030555555555555], [86.76494444444445, 25.030555555555555], [86.76494444444445, 25.030833333333334], [86.76466666666667, 25.030833333333334], [86.76466666666667, 25.031111111111112], [86.76438888888889, 25.031111111111112], [86.76438888888889, 25.03138888888889], [86.76411111111112, 25.03138888888889], [86.76411111111112, 25.031666666666666], [86.76383333333334, 25.031666666666666], [86.76383333333334, 25.031944444444445], [86.76355555555556, 25.031944444444445], [86.76355555555556, 25.032222222222224], [86.76327777777777, 25.032222222222224], [86.76327777777777, 25.032500000000002], [86.763, 25.032500000000002], [86.763, 25.032777777777778], [86.76272222222222, 25.032777777777778], [86.76272222222222, 25.033055555555556], [86.76244444444444, 25.033055555555556], [86.76244444444444, 25.033333333333335], [86.76216666666667, 25.033333333333335], [86.76216666666667, 25.033611111111114], [86.76188888888889, 25.033611111111114], [86.76188888888889, 25.03388888888889], [86.76161111111111, 25.03388888888889], [86.76161111111111, 25.034166666666668], [86.76133333333334, 25.034166666666668], [86.76133333333334, 25.034444444444446], [86.76105555555556, 25.034444444444446], [86.76105555555556, 25.03472222222222], [86.76077777777778, 25.03472222222222], [86.76077777777778, 25.035], [86.76050000000001, 25.035], [86.76050000000001, 25.03527777777778], [86.76022222222223, 25.03527777777778], [86.76022222222223, 25.035555555555558], [86.75994444444444, 25.035555555555558], [86.75994444444444, 25.035833333333333], [86.75966666666667, 25.035833333333333], [86.75966666666667, 25.03611111111111], [86.75938888888889, 25.03611111111111], [86.75938888888889, 25.03638888888889], [86.75911111111111, 25.03638888888889], [86.75911111111111, 25.03666666666667], [86.75883333333334, 25.03666666666667], [86.75883333333334, 25.036944444444444], [86.75855555555556, 25.036944444444444], [86.75855555555556, 25.037222222222223], [86.75827777777778, 25.037222222222223], [86.75827777777778, 25.0375], [86.758, 25.0375], [86.758, 25.03777777777778], [86.75772222222223, 25.03777777777778], [86.75772222222223, 25.038055555555555], [86.75744444444445, 25.038055555555555], [86.75744444444445, 25.038333333333334], [86.75716666666666, 25.038333333333334], [86.75716666666666, 25.038611111111113], [86.7568888888889, 25.038611111111113], [86.7568888888889, 25.03888888888889], [86.75661111111111, 25.03888888888889], [86.75661111111111, 25.039166666666667], [86.75633333333333, 25.039166666666667], [86.75633333333333, 25.039444444444445], [86.75605555555556, 25.039444444444445], [86.75605555555556, 25.039722222222224], [86.75577777777778, 25.039722222222224], [86.75577777777778, 25.04], [86.7555, 25.04], [86.7555, 25.040277777777778], [86.75522222222223, 25.040277777777778], [86.75522222222223, 25.040555555555557], [86.75494444444445, 25.040555555555557], [86.75494444444445, 25.040833333333335], [86.75466666666667, 25.040833333333335], [86.75466666666667, 25.04111111111111], [86.7543888888889, 25.04111111111111], [86.7543888888889, 25.04138888888889], [86.75411111111111, 25.04138888888889], [86.75411111111111, 25.041666666666668], [86.75383333333333, 25.041666666666668], [86.75383333333333, 25.041944444444447], [86.75355555555556, 25.041944444444447], [86.75355555555556, 25.04222222222222], [86.75327777777778, 25.04222222222222], [86.75327777777778, 25.0425], [86.753, 25.0425], [86.753, 25.04277777777778], [86.75272222222222, 25.04277777777778], [86.75272222222222, 25.043055555555558], [86.75244444444445, 25.043055555555558], [86.75244444444445, 25.043333333333333], [86.75216666666667, 25.043333333333333], [86.75216666666667, 25.04361111111111], [86.75188888888889, 25.04361111111111], [86.75188888888889, 25.04388888888889], [86.75161111111112, 25.04388888888889], [86.75161111111112, 25.04416666666667], [86.75133333333333, 25.04416666666667], [86.75133333333333, 25.044444444444444], [86.75105555555555, 25.044444444444444], [86.75105555555555, 25.044722222222223], [86.75077777777778, 25.044722222222223], [86.75077777777778, 25.045], [86.7505, 25.045], [86.7505, 25.045277777777777], [86.75022222222222, 25.045277777777777], [86.75022222222222, 25.045555555555556], [86.74994444444445, 25.045555555555556], [86.74994444444445, 25.045833333333334], [86.74966666666667, 25.045833333333334], [86.74966666666667, 25.046111111111113], [86.74938888888889, 25.046111111111113], [86.74938888888889, 25.046388888888888], [86.74911111111112, 25.046388888888888], [86.74911111111112, 25.046666666666667], [86.74883333333334, 25.046666666666667], [86.74883333333334, 25.046944444444446], [86.74855555555555, 25.046944444444446], [86.74855555555555, 25.047222222222224], [86.74827777777779, 25.047222222222224], [86.74827777777779, 25.0475], [86.748, 25.0475], [86.748, 25.047777777777778], [86.74772222222222, 25.047777777777778], [86.74772222222222, 25.048055555555557], [86.74744444444444, 25.048055555555557], [86.74744444444444, 25.048333333333336], [86.74716666666667, 25.048333333333336], [86.74716666666667, 25.04861111111111], [86.74688888888889, 25.04861111111111], [86.74688888888889, 25.04888888888889], [86.74661111111111, 25.04888888888889], [86.74661111111111, 25.049166666666668], [86.74633333333334, 25.049166666666668], [86.74633333333334, 25.049444444444447], [86.74605555555556, 25.049444444444447], [86.74605555555556, 25.049722222222222], [86.74577777777777, 25.049722222222222], [86.74577777777777, 25.05], [86.7455, 25.05], [86.7455, 25.05027777777778], [86.74522222222222, 25.05027777777778], [86.74522222222222, 25.050555555555558], [86.74494444444444, 25.050555555555558], [86.74494444444444, 25.050833333333333], [86.74466666666667, 25.050833333333333], [86.74466666666667, 25.051111111111112], [86.74438888888889, 25.051111111111112], [86.74438888888889, 25.05138888888889], [86.74411111111111, 25.05138888888889], [86.74411111111111, 25.051666666666666], [86.74383333333334, 25.051666666666666], [86.74383333333334, 25.051944444444445], [86.74355555555556, 25.051944444444445], [86.74355555555556, 25.052222222222223], [86.74327777777778, 25.052222222222223], [86.74327777777778, 25.052500000000002], [86.74300000000001, 25.052500000000002], [86.74300000000001, 25.052777777777777], [86.74272222222223, 25.052777777777777], [86.74272222222223, 25.053055555555556], [86.74244444444444, 25.053055555555556], [86.74244444444444, 25.053333333333335], [86.74216666666666, 25.053333333333335], [86.74216666666666, 25.053611111111113], [86.7418888888889, 25.053611111111113], [86.7418888888889, 25.05388888888889], [86.74161111111111, 25.05388888888889], [86.74161111111111, 25.054166666666667], [86.74133333333333, 25.054166666666667], [86.74133333333333, 25.054444444444446], [86.74105555555556, 25.054444444444446], [86.74105555555556, 25.054722222222225], [86.74077777777778, 25.054722222222225], [86.74077777777778, 25.055], [86.7405, 25.055], [86.7405, 25.05527777777778], [86.74022222222223, 25.05527777777778], [86.74022222222223, 25.055555555555557], [86.73994444444445, 25.055555555555557], [86.73994444444445, 25.055833333333336], [86.73966666666666, 25.055833333333336], [86.73966666666666, 25.05611111111111], [86.7393888888889, 25.05611111111111], [86.7393888888889, 25.05638888888889], [86.73911111111111, 25.05638888888889], [86.73911111111111, 25.05666666666667], [86.73883333333333, 25.05666666666667], [86.73883333333333, 25.056944444444444], [86.73855555555556, 25.056944444444444], [86.73855555555556, 25.057222222222222], [86.73827777777778, 25.057222222222222], [86.73827777777778, 25.0575], [86.738, 25.0575], [86.738, 25.05777777777778], [86.73772222222223, 25.05777777777778], [86.73772222222223, 25.058055555555555], [86.73744444444445, 25.058055555555555], [86.73744444444445, 25.058333333333334], [86.73716666666667, 25.058333333333334], [86.73716666666667, 25.058611111111112], [86.73688888888888, 25.058611111111112], [86.73688888888888, 25.05888888888889], [86.73661111111112, 25.05888888888889], [86.73661111111112, 25.059166666666666], [86.73633333333333, 25.059166666666666], [86.73633333333333, 25.059444444444445], [86.73605555555555, 25.059444444444445], [86.73605555555555, 25.059722222222224], [86.73577777777778, 25.059722222222224], [86.73577777777778, 25.060000000000002], [86.7355, 25.060000000000002], [86.7355, 25.060277777777777], [86.73522222222222, 25.060277777777777], [86.73522222222222, 25.060555555555556], [86.73494444444445, 25.060555555555556], [86.73494444444445, 25.060833333333335], [86.73466666666667, 25.060833333333335], [86.73466666666667, 25.061111111111114], [86.73438888888889, 25.061111111111114], [86.73438888888889, 25.06138888888889], [86.73411111111112, 25.06138888888889], [86.73411111111112, 25.061666666666667], [86.73383333333334, 25.061666666666667], [86.73383333333334, 25.061944444444446], [86.73355555555555, 25.061944444444446], [86.73355555555555, 25.062222222222225], [86.73327777777779, 25.062222222222225], [86.73327777777779, 25.0625], [86.733, 25.0625], [86.733, 25.06277777777778], [86.73272222222222, 25.06277777777778], [86.73272222222222, 25.063055555555557], [86.73244444444445, 25.063055555555557], [86.73244444444445, 25.063333333333333], [86.73216666666667, 25.063333333333333], [86.73216666666667, 25.06361111111111], [86.73188888888889, 25.06361111111111], [86.73188888888889, 25.06388888888889], [86.7316111111111, 25.06388888888889], [86.7316111111111, 25.06416666666667], [86.73133333333334, 25.06416666666667], [86.73133333333334, 25.064444444444444], [86.73105555555556, 25.064444444444444], [86.73105555555556, 25.064722222222223], [86.73077777777777, 25.064722222222223], [86.73077777777777, 25.065], [86.7305, 25.065], [86.7305, 25.06527777777778], [86.73022222222222, 25.06527777777778], [86.73022222222222, 25.065555555555555], [86.72994444444444, 25.065555555555555], [86.72994444444444, 25.065833333333334], [86.72966666666667, 25.065833333333334], [86.72966666666667, 25.066111111111113], [86.72938888888889, 25.066111111111113], [86.72938888888889, 25.06638888888889], [86.72911111111111, 25.06638888888889], [86.72911111111111, 25.066666666666666], [86.72883333333334, 25.066666666666666], [86.72883333333334, 25.066944444444445], [86.72855555555556, 25.066944444444445], [86.72855555555556, 25.067222222222224], [86.72827777777778, 25.067222222222224], [86.72827777777778, 25.067500000000003], [86.72800000000001, 25.067500000000003], [86.72800000000001, 25.067777777777778], [86.72772222222223, 25.067777777777778], [86.72772222222223, 25.068055555555556], [86.72744444444444, 25.068055555555556], [86.72744444444444, 25.068333333333335], [86.72716666666668, 25.068333333333335], [86.72716666666668, 25.06861111111111], [86.7268888888889, 25.06861111111111], [86.7268888888889, 25.06888888888889], [86.72661111111111, 25.06888888888889], [86.72661111111111, 25.069166666666668], [86.72633333333333, 25.069166666666668], [86.72633333333333, 25.069444444444446], [86.72605555555556, 25.069444444444446], [86.72605555555556, 25.06972222222222], [86.72577777777778, 25.06972222222222], [86.72577777777778, 25.07], [86.7255, 25.07], [86.7255, 25.07027777777778], [86.72522222222223, 25.07027777777778], [86.72522222222223, 25.070555555555558], [86.72494444444445, 25.070555555555558], [86.72494444444445, 25.070833333333333], [86.72466666666666, 25.070833333333333], [86.72466666666666, 25.07111111111111], [86.7243888888889, 25.07111111111111], [86.7243888888889, 25.07138888888889], [86.72411111111111, 25.07138888888889], [86.72411111111111, 25.07166666666667], [86.72383333333333, 25.07166666666667], [86.72383333333333, 25.071944444444444], [86.72355555555556, 25.071944444444444], [86.72355555555556, 25.072222222222223], [86.72327777777778, 25.072222222222223], [86.72327777777778, 25.0725], [86.723, 25.0725], [86.723, 25.07277777777778], [86.72272222222223, 25.07277777777778], [86.72272222222223, 25.073055555555555], [86.72244444444445, 25.073055555555555], [86.72244444444445, 25.073333333333334], [86.72216666666667, 25.073333333333334], [86.72216666666667, 25.073611111111113], [86.7218888888889, 25.073611111111113], [86.7218888888889, 25.073888888888888], [86.72161111111112, 25.073888888888888], [86.72161111111112, 25.074166666666667], [86.72133333333333, 25.074166666666667], [86.72133333333333, 25.074444444444445], [86.72105555555555, 25.074444444444445], [86.72105555555555, 25.074722222222224], [86.72077777777778, 25.074722222222224], [86.72077777777778, 25.075], [86.7205, 25.075], [86.7205, 25.075277777777778], [86.72022222222222, 25.075277777777778], [86.72022222222222, 25.075555555555557], [86.71994444444445, 25.075555555555557], [86.71994444444445, 25.075833333333335], [86.71966666666667, 25.075833333333335], [86.71966666666667, 25.07611111111111], [86.71938888888889, 25.07611111111111], [86.71938888888889, 25.07638888888889], [86.71911111111112, 25.07638888888889], [86.71911111111112, 25.076666666666668], [86.71883333333334, 25.076666666666668], [86.71883333333334, 25.076944444444447], [86.71855555555555, 25.076944444444447], [86.71855555555555, 25.077222222222222], [86.71827777777779, 25.077222222222222], [86.71827777777779, 25.0775], [86.718, 25.0775], [86.718, 25.07777777777778], [86.71772222222222, 25.07777777777778], [86.71772222222222, 25.078055555555558], [86.71744444444445, 25.078055555555558], [86.71744444444445, 25.078333333333333], [86.71716666666667, 25.078333333333333], [86.71716666666667, 25.078611111111112], [86.71688888888889, 25.078611111111112], [86.71688888888889, 25.07888888888889], [86.7166111111111, 25.07888888888889], [86.7166111111111, 25.07916666666667], [86.71633333333334, 25.07916666666667], [86.71633333333334, 25.079444444444444], [86.71605555555556, 25.079444444444444], [86.71605555555556, 25.079722222222223], [86.71577777777777, 25.079722222222223], [86.71577777777777, 25.080000000000002], [86.7155, 25.080000000000002], [86.7155, 25.080277777777777], [86.71522222222222, 25.080277777777777], [86.71522222222222, 25.080555555555556], [86.71494444444444, 25.080555555555556], [86.71494444444444, 25.080833333333334], [86.71466666666667, 25.080833333333334], [86.71466666666667, 25.081111111111113], [86.71438888888889, 25.081111111111113], [86.71438888888889, 25.08138888888889], [86.71411111111111, 25.08138888888889], [86.71411111111111, 25.081666666666667], [86.71383333333334, 25.081666666666667], [86.71383333333334, 25.081944444444446], [86.71355555555556, 25.081944444444446], [86.71355555555556, 25.082222222222224], [86.71327777777778, 25.082222222222224], [86.71327777777778, 25.0825], [86.71300000000001, 25.0825], [86.71300000000001, 25.08277777777778], [86.71272222222223, 25.08277777777778], [86.71272222222223, 25.083055555555557], [86.71244444444444, 25.083055555555557], [86.71244444444444, 25.083333333333336], [86.71216666666668, 25.083333333333336], [86.71216666666668, 25.08361111111111], [86.7118888888889, 25.08361111111111], [86.7118888888889, 25.08388888888889], [86.71161111111111, 25.08388888888889], [86.71161111111111, 25.08416666666667], [86.71133333333333, 25.08416666666667], [86.71133333333333, 25.084444444444447], [86.71105555555556, 25.084444444444447], [86.71105555555556, 25.084722222222222], [86.71077777777778, 25.084722222222222], [86.71077777777778, 25.085], [86.57772222222222, 25.085]], [[86.71772222222222, 25.014444444444447], [86.718, 25.014444444444447], [86.718, 25.014166666666668], [86.71772222222222, 25.014166666666668], [86.71772222222222, 25.014444444444447]], [[86.71744444444445, 25.014166666666668], [86.71772222222222, 25.014166666666668], [86.71772222222222, 25.01388888888889], [86.71744444444445, 25.01388888888889], [86.71744444444445, 25.014166666666668]], [[86.71716666666667, 25.01388888888889], [86.71744444444445, 25.01388888888889], [86.71744444444445, 25.01361111111111], [86.71716666666667, 25.01361111111111], [86.71716666666667, 25.01388888888889]], [[86.71355555555556, 25.011388888888888], [86.71411111111111, 25.011388888888888], [86.71411111111111, 25.011111111111113], [86.71383333333334, 25.011111111111113], [86.71383333333334, 25.010833333333334], [86.71327777777778, 25.010833333333334], [86.71327777777778, 25.010555555555555], [86.71272222222223, 25.010555555555555], [86.71272222222223, 25.010833333333334], [86.71300000000001, 25.010833333333334], [86.71300000000001, 25.011111111111113], [86.71355555555556, 25.011111111111113], [86.71355555555556, 25.011388888888888]], [[86.71022222222223, 25.009722222222223], [86.71077777777778, 25.009722222222223], [86.71077777777778, 25.009444444444444], [86.7105, 25.009444444444444], [86.7105, 25.00916666666667], [86.70994444444445, 25.00916666666667], [86.70994444444445, 25.00888888888889], [86.7093888888889, 25.00888888888889], [86.7093888888889, 25.00916666666667], [86.70966666666666, 25.00916666666667], [86.70966666666666, 25.009444444444444], [86.71022222222223, 25.009444444444444], [86.71022222222223, 25.009722222222223]], [[86.70883333333333, 25.00888888888889], [86.7093888888889, 25.00888888888889], [86.7093888888889, 25.00861111111111], [86.70883333333333, 25.00861111111111], [86.70883333333333, 25.00888888888889]], [[86.69744444444444, 25.002222222222223], [86.69800000000001, 25.002222222222223], [86.69800000000001, 25.001944444444444], [86.69744444444444, 25.001944444444444], [86.69744444444444, 25.002222222222223]], [[86.69688888888889, 25.001944444444444], [86.69744444444444, 25.001944444444444], [86.69744444444444, 25.00166666666667], [86.69716666666667, 25.00166666666667], [86.69716666666667, 25.00138888888889], [86.69688888888889, 25.00138888888889], [86.69688888888889, 25.00111111111111], [86.69633333333334, 25.00111111111111], [86.69633333333334, 25.000833333333333], [86.69605555555556, 25.000833333333333], [86.69605555555556, 25.000555555555557], [86.69577777777778, 25.000555555555557], [86.69577777777778, 25.00027777777778], [86.69522222222223, 25.00027777777778], [86.69522222222223, 25.0], [86.69411111111111, 25.0], [86.69411111111111, 24.999722222222225], [86.69355555555556, 24.999722222222225], [86.69355555555556, 24.999444444444446], [86.693, 24.999444444444446], [86.693, 24.999166666666667], [86.69272222222223, 24.999166666666667], [86.69272222222223, 24.99888888888889], [86.69244444444445, 24.99888888888889], [86.69244444444445, 24.998611111111114], [86.6918888888889, 24.998611111111114], [86.6918888888889, 24.998333333333335], [86.69161111111111, 24.998333333333335], [86.69161111111111, 24.998055555555556], [86.69133333333333, 24.998055555555556], [86.69133333333333, 24.997777777777777], [86.69077777777778, 24.997777777777777], [86.69077777777778, 24.997500000000002], [86.6905, 24.997500000000002], [86.6905, 24.996944444444445], [86.69022222222222, 24.996944444444445], [86.69022222222222, 24.996666666666666], [86.68966666666667, 24.996666666666666], [86.68966666666667, 24.99638888888889], [86.68911111111112, 24.99638888888889], [86.68911111111112, 24.996111111111112], [86.68883333333333, 24.996111111111112], [86.68883333333333, 24.995833333333334], [86.68827777777778, 24.995833333333334], [86.68827777777778, 24.995555555555555], [86.68772222222222, 24.995555555555555], [86.68772222222222, 24.99527777777778], [86.68744444444445, 24.99527777777778], [86.68744444444445, 24.995555555555555], [86.68716666666667, 24.995555555555555], [86.68716666666667, 24.995833333333334], [86.68772222222222, 24.995833333333334], [86.68772222222222, 24.996111111111112], [86.688, 24.996111111111112], [86.688, 24.99638888888889], [86.68855555555555, 24.99638888888889], [86.68855555555555, 24.996666666666666], [86.68883333333333, 24.996666666666666], [86.68883333333333, 24.996944444444445], [86.68911111111112, 24.996944444444445], [86.68911111111112, 24.997222222222224], [86.68938888888889, 24.997222222222224], [86.68938888888889, 24.997500000000002], [86.68994444444445, 24.997500000000002], [86.68994444444445, 24.997777777777777], [86.69022222222222, 24.997777777777777], [86.69022222222222, 24.998055555555556], [86.6905, 24.998055555555556], [86.6905, 24.998333333333335], [86.69077777777778, 24.998333333333335], [86.69077777777778, 24.998611111111114], [86.69105555555556, 24.998611111111114], [86.69105555555556, 24.99888888888889], [86.69161111111111, 24.99888888888889], [86.69161111111111, 24.999166666666667], [86.6918888888889, 24.999166666666667], [86.6918888888889, 24.999444444444446], [86.69272222222223, 24.999444444444446], [86.69272222222223, 24.999722222222225], [86.693, 24.999722222222225], [86.693, 25.0], [86.69327777777778, 25.0], [86.69327777777778, 25.00027777777778], [86.69383333333333, 25.00027777777778], [86.69383333333333, 25.000555555555557], [86.69494444444445, 25.000555555555557], [86.69494444444445, 25.000833333333333], [86.6955, 25.000833333333333], [86.6955, 25.00111111111111], [86.69605555555556, 25.00111111111111], [86.69605555555556, 25.00138888888889], [86.69661111111111, 25.00138888888889], [86.69661111111111, 25.00166666666667], [86.69688888888889, 25.00166666666667], [86.69688888888889, 25.001944444444444]], [[86.70772222222223, 25.000555555555557], [86.70883333333333, 25.000555555555557], [86.70883333333333, 25.00027777777778], [86.70855555555556, 25.00027777777778], [86.70855555555556, 25.0], [86.70827777777778, 25.0], [86.70827777777778, 24.999722222222225], [86.708, 24.999722222222225], [86.708, 24.999444444444446], [86.70744444444445, 24.999444444444446], [86.70744444444445, 24.999166666666667], [86.70716666666667, 24.999166666666667], [86.70716666666667, 24.999444444444446], [86.70661111111112, 24.999444444444446], [86.70661111111112, 24.999722222222225], [86.7068888888889, 24.999722222222225], [86.7068888888889, 25.0], [86.70716666666667, 25.0], [86.70716666666667, 25.00027777777778], [86.70772222222223, 25.00027777777778], [86.70772222222223, 25.000555555555557]], [[86.68161111111111, 24.994722222222222], [86.68216666666667, 24.994722222222222], [86.68216666666667, 24.994444444444444], [86.68188888888889, 24.994444444444444], [86.68188888888889, 24.99416666666667], [86.68133333333334, 24.99416666666667], [86.68133333333334, 24.99388888888889], [86.68105555555556, 24.99388888888889], [86.68105555555556, 24.99361111111111], [86.68077777777778, 24.99361111111111], [86.68077777777778, 24.993333333333336], [86.68050000000001, 24.993333333333336], [86.68050000000001, 24.993055555555557], [86.68022222222223, 24.993055555555557], [86.68022222222223, 24.99277777777778], [86.67966666666666, 24.99277777777778], [86.67966666666666, 24.9925], [86.67911111111111, 24.9925], [86.67911111111111, 24.992222222222225], [86.67827777777778, 24.992222222222225], [86.67827777777778, 24.991944444444446], [86.67716666666666, 24.991944444444446], [86.67716666666666, 24.9925], [86.67744444444445, 24.9925], [86.67744444444445, 24.99277777777778], [86.678, 24.99277777777778], [86.678, 24.993055555555557], [86.67911111111111, 24.993055555555557], [86.67911111111111, 24.993333333333336], [86.6793888888889, 24.993333333333336], [86.6793888888889, 24.99361111111111], [86.67966666666666, 24.99361111111111], [86.67966666666666, 24.99388888888889], [86.68022222222223, 24.99388888888889], [86.68022222222223, 24.99416666666667], [86.68050000000001, 24.99416666666667], [86.68050000000001, 24.994444444444444], [86.68161111111111, 24.994444444444444], [86.68161111111111, 24.994722222222222]], [[86.69855555555556, 24.99388888888889], [86.69883333333334, 24.99388888888889], [86.69883333333334, 24.99361111111111], [86.69855555555556, 24.99361111111111], [86.69855555555556, 24.99388888888889]], [[86.6955, 24.99361111111111], [86.69661111111111, 24.99361111111111], [86.69661111111111, 24.993333333333336], [86.69633333333334, 24.993333333333336], [86.69633333333334, 24.993055555555557], [86.69605555555556, 24.993055555555557], [86.69605555555556, 24.99277777777778], [86.69716666666667, 24.99277777777778], [86.69716666666667, 24.992222222222225], [86.69661111111111, 24.992222222222225], [86.69661111111111, 24.991944444444446], [86.69605555555556, 24.991944444444446], [86.69605555555556, 24.991666666666667], [86.69577777777778, 24.991666666666667], [86.69577777777778, 24.99138888888889], [86.6955, 24.99138888888889], [86.6955, 24.991111111111113], [86.69466666666666, 24.991111111111113], [86.69466666666666, 24.990000000000002], [86.69411111111111, 24.990000000000002], [86.69411111111111, 24.989722222222223], [86.69327777777778, 24.989722222222223], [86.69327777777778, 24.989166666666666], [86.69244444444445, 24.989166666666666], [86.69244444444445, 24.98888888888889], [86.6918888888889, 24.98888888888889], [86.6918888888889, 24.988611111111112], [86.69161111111111, 24.988611111111112], [86.69161111111111, 24.988333333333333], [86.69133333333333, 24.988333333333333], [86.69133333333333, 24.988055555555558], [86.69077777777778, 24.988055555555558], [86.69077777777778, 24.98777777777778], [86.6905, 24.98777777777778], [86.6905, 24.9875], [86.68938888888889, 24.9875], [86.68938888888889, 24.987222222222222], [86.68911111111112, 24.987222222222222], [86.68911111111112, 24.9875], [86.68883333333333, 24.9875], [86.68883333333333, 24.98777777777778], [86.68938888888889, 24.98777777777778], [86.68938888888889, 24.988055555555558], [86.68994444444445, 24.988055555555558], [86.68994444444445, 24.988333333333333], [86.69022222222222, 24.988333333333333], [86.69022222222222, 24.988611111111112], [86.6905, 24.988611111111112], [86.6905, 24.98888888888889], [86.69077777777778, 24.98888888888889], [86.69077777777778, 24.989166666666666], [86.69105555555556, 24.989166666666666], [86.69105555555556, 24.989444444444445], [86.69161111111111, 24.989444444444445], [86.69161111111111, 24.989722222222223], [86.6905, 24.989722222222223], [86.6905, 24.989444444444445], [86.68994444444445, 24.989444444444445], [86.68994444444445, 24.989722222222223], [86.69022222222222, 24.989722222222223], [86.69022222222222, 24.990000000000002], [86.69077777777778, 24.990000000000002], [86.69077777777778, 24.990277777777777], [86.69244444444445, 24.990277777777777], [86.69244444444445, 24.990555555555556], [86.69216666666667, 24.990555555555556], [86.69216666666667, 24.991111111111113], [86.69244444444445, 24.991111111111113], [86.69244444444445, 24.99138888888889], [86.69272222222223, 24.99138888888889], [86.69272222222223, 24.991666666666667], [86.693, 24.991666666666667], [86.693, 24.991944444444446], [86.69327777777778, 24.991944444444446], [86.69327777777778, 24.991666666666667], [86.69355555555556, 24.991666666666667], [86.69355555555556, 24.991944444444446], [86.69383333333333, 24.991944444444446], [86.69383333333333, 24.991666666666667], [86.69411111111111, 24.991666666666667], [86.69411111111111, 24.99138888888889], [86.69466666666666, 24.99138888888889], [86.69466666666666, 24.991666666666667], [86.69494444444445, 24.991666666666667], [86.69494444444445, 24.991944444444446], [86.6943888888889, 24.991944444444446], [86.6943888888889, 24.993055555555557], [86.69494444444445, 24.993055555555557], [86.69494444444445, 24.993333333333336], [86.6955, 24.993333333333336], [86.6955, 24.99361111111111]], [[86.69827777777778, 24.99361111111111], [86.69855555555556, 24.99361111111111], [86.69855555555556, 24.993333333333336], [86.69827777777778, 24.993333333333336], [86.69827777777778, 24.99361111111111]], [[86.69772222222223, 24.993333333333336], [86.69800000000001, 24.993333333333336], [86.69800000000001, 24.993055555555557], [86.69772222222223, 24.993055555555557], [86.69772222222223, 24.993333333333336]], [[86.67633333333333, 24.991944444444446], [86.67716666666666, 24.991944444444446], [86.67716666666666, 24.991666666666667], [86.6768888888889, 24.991666666666667], [86.6768888888889, 24.99138888888889], [86.67661111111111, 24.99138888888889], [86.67661111111111, 24.991111111111113], [86.67577777777778, 24.991111111111113], [86.67577777777778, 24.990833333333335], [86.6755, 24.990833333333335], [86.6755, 24.990555555555556], [86.67466666666667, 24.990555555555556], [86.67466666666667, 24.990833333333335], [86.67494444444445, 24.990833333333335], [86.67494444444445, 24.991111111111113], [86.6755, 24.991111111111113], [86.6755, 24.99138888888889], [86.67577777777778, 24.99138888888889], [86.67577777777778, 24.991666666666667], [86.67633333333333, 24.991666666666667], [86.67633333333333, 24.991944444444446]], [[86.673, 24.989722222222223], [86.67355555555555, 24.989722222222223], [86.67355555555555, 24.989444444444445], [86.67327777777778, 24.989444444444445], [86.67327777777778, 24.989166666666666], [86.67272222222222, 24.989166666666666], [86.67272222222222, 24.98888888888889], [86.67244444444445, 24.98888888888889], [86.67244444444445, 24.988611111111112], [86.67216666666667, 24.988611111111112], [86.67216666666667, 24.988333333333333], [86.67188888888889, 24.988333333333333], [86.67188888888889, 24.988055555555558], [86.67161111111112, 24.988055555555558], [86.67161111111112, 24.98777777777778], [86.67133333333334, 24.98777777777778], [86.67133333333334, 24.9875], [86.67077777777779, 24.9875], [86.67077777777779, 24.987222222222222], [86.6705, 24.987222222222222], [86.6705, 24.986944444444447], [86.67022222222222, 24.986944444444447], [86.67022222222222, 24.986666666666668], [86.66994444444445, 24.986666666666668], [86.66994444444445, 24.98638888888889], [86.66938888888889, 24.98638888888889], [86.66938888888889, 24.985833333333336], [86.66883333333334, 24.985833333333336], [86.66883333333334, 24.985555555555557], [86.66855555555556, 24.985555555555557], [86.66855555555556, 24.985277777777778], [86.66827777777777, 24.985277777777778], [86.66827777777777, 24.985], [86.668, 24.985], [86.668, 24.984722222222224], [86.66772222222222, 24.984722222222224], [86.66772222222222, 24.984444444444446], [86.66744444444444, 24.984444444444446], [86.66744444444444, 24.984166666666667], [86.66716666666667, 24.984166666666667], [86.66716666666667, 24.983888888888888], [86.66688888888889, 24.983888888888888], [86.66688888888889, 24.983611111111113], [86.66661111111111, 24.983611111111113], [86.66661111111111, 24.983333333333334], [86.66633333333334, 24.983333333333334], [86.66633333333334, 24.983055555555556], [86.66605555555556, 24.983055555555556], [86.66605555555556, 24.982777777777777], [86.66550000000001, 24.982777777777777], [86.66550000000001, 24.983055555555556], [86.66577777777778, 24.983055555555556], [86.66577777777778, 24.983333333333334], [86.66605555555556, 24.983333333333334], [86.66605555555556, 24.984166666666667], [86.66633333333334, 24.984166666666667], [86.66633333333334, 24.984444444444446], [86.66661111111111, 24.984444444444446], [86.66661111111111, 24.984722222222224], [86.66688888888889, 24.984722222222224], [86.66688888888889, 24.985], [86.66716666666667, 24.985], [86.66716666666667, 24.985277777777778], [86.66744444444444, 24.985277777777778], [86.66744444444444, 24.985555555555557], [86.66772222222222, 24.985555555555557], [86.66772222222222, 24.985833333333336], [86.668, 24.985833333333336], [86.668, 24.98611111111111], [86.66827777777777, 24.98611111111111], [86.66827777777777, 24.98638888888889], [86.66855555555556, 24.98638888888889], [86.66855555555556, 24.986666666666668], [86.6691111111111, 24.986666666666668], [86.6691111111111, 24.986944444444447], [86.66966666666667, 24.986944444444447], [86.66966666666667, 24.987222222222222], [86.66994444444445, 24.987222222222222], [86.66994444444445, 24.9875], [86.67022222222222, 24.9875], [86.67022222222222, 24.98777777777778], [86.6705, 24.98777777777778], [86.6705, 24.988055555555558], [86.67077777777779, 24.988055555555558], [86.67077777777779, 24.988611111111112], [86.67133333333334, 24.988611111111112], [86.67133333333334, 24.98888888888889], [86.67161111111112, 24.98888888888889], [86.67161111111112, 24.989166666666666], [86.67244444444445, 24.989166666666666], [86.67244444444445, 24.989444444444445], [86.673, 24.989444444444445], [86.673, 24.989722222222223]], [[86.68605555555555, 24.986944444444447], [86.68633333333334, 24.986944444444447], [86.68633333333334, 24.98638888888889], [86.68605555555555, 24.98638888888889], [86.68605555555555, 24.98611111111111], [86.68577777777779, 24.98611111111111], [86.68577777777779, 24.985833333333336], [86.6855, 24.985833333333336], [86.6855, 24.985555555555557], [86.68522222222222, 24.985555555555557], [86.68522222222222, 24.985277777777778], [86.68494444444444, 24.985277777777778], [86.68494444444444, 24.985], [86.68466666666667, 24.985], [86.68466666666667, 24.984722222222224], [86.68438888888889, 24.984722222222224], [86.68438888888889, 24.984166666666667], [86.68383333333334, 24.984166666666667], [86.68383333333334, 24.983888888888888], [86.68355555555556, 24.983888888888888], [86.68355555555556, 24.983611111111113], [86.68327777777777, 24.983611111111113], [86.68327777777777, 24.983333333333334], [86.683, 24.983333333333334], [86.683, 24.983055555555556], [86.68272222222222, 24.983055555555556], [86.68272222222222, 24.982777777777777], [86.68216666666667, 24.982777777777777], [86.68216666666667, 24.9825], [86.68161111111111, 24.9825], [86.68161111111111, 24.981944444444444], [86.68133333333334, 24.981944444444444], [86.68133333333334, 24.98166666666667], [86.68077777777778, 24.98166666666667], [86.68077777777778, 24.98138888888889], [86.67994444444444, 24.98138888888889], [86.67994444444444, 24.98111111111111], [86.6793888888889, 24.98111111111111], [86.6793888888889, 24.980833333333333], [86.67966666666666, 24.980833333333333], [86.67966666666666, 24.980555555555558], [86.67911111111111, 24.980555555555558], [86.67911111111111, 24.98027777777778], [86.67883333333333, 24.98027777777778], [86.67883333333333, 24.980555555555558], [86.67827777777778, 24.980555555555558], [86.67827777777778, 24.979444444444447], [86.678, 24.979444444444447], [86.678, 24.979166666666668], [86.67744444444445, 24.979166666666668], [86.67744444444445, 24.97888888888889], [86.67716666666666, 24.97888888888889], [86.67716666666666, 24.97861111111111], [86.67661111111111, 24.97861111111111], [86.67661111111111, 24.978333333333335], [86.67633333333333, 24.978333333333335], [86.67633333333333, 24.978055555555557], [86.67605555555556, 24.978055555555557], [86.67605555555556, 24.977777777777778], [86.6755, 24.977777777777778], [86.6755, 24.9775], [86.67522222222223, 24.9775], [86.67522222222223, 24.976944444444445], [86.67411111111112, 24.976944444444445], [86.67411111111112, 24.976666666666667], [86.67383333333333, 24.976666666666667], [86.67383333333333, 24.975555555555555], [86.67244444444445, 24.975555555555555], [86.67244444444445, 24.97527777777778], [86.67188888888889, 24.97527777777778], [86.67188888888889, 24.975], [86.67161111111112, 24.975], [86.67161111111112, 24.974722222222223], [86.67105555555555, 24.974722222222223], [86.67105555555555, 24.974444444444444], [86.67077777777779, 24.974444444444444], [86.67077777777779, 24.97416666666667], [86.66966666666667, 24.97416666666667], [86.66966666666667, 24.97388888888889], [86.66938888888889, 24.97388888888889], [86.66938888888889, 24.97361111111111], [86.6691111111111, 24.97361111111111], [86.6691111111111, 24.973333333333333], [86.66883333333334, 24.973333333333333], [86.66883333333334, 24.973055555555558], [86.66855555555556, 24.973055555555558], [86.66855555555556, 24.97277777777778], [86.66827777777777, 24.97277777777778], [86.66827777777777, 24.973055555555558], [86.66772222222222, 24.973055555555558], [86.66772222222222, 24.973333333333333], [86.66744444444444, 24.973333333333333], [86.66744444444444, 24.9725], [86.66688888888889, 24.9725], [86.66688888888889, 24.97277777777778], [86.66661111111111, 24.97277777777778], [86.66661111111111, 24.971666666666668], [86.66605555555556, 24.971666666666668], [86.66605555555556, 24.97138888888889], [86.66550000000001, 24.97138888888889], [86.66550000000001, 24.971111111111114], [86.66522222222223, 24.971111111111114], [86.66522222222223, 24.970833333333335], [86.66494444444444, 24.970833333333335], [86.66494444444444, 24.970555555555556], [86.66466666666668, 24.970555555555556], [86.66466666666668, 24.970277777777778], [86.66411111111111, 24.970277777777778], [86.66411111111111, 24.970555555555556], [86.66383333333333, 24.970555555555556], [86.66383333333333, 24.970277777777778], [86.66327777777778, 24.970277777777778], [86.66327777777778, 24.969444444444445], [86.66272222222223, 24.969444444444445], [86.66272222222223, 24.970000000000002], [86.6618888888889, 24.970000000000002], [86.6618888888889, 24.970277777777778], [86.66216666666666, 24.970277777777778], [86.66216666666666, 24.970555555555556], [86.66244444444445, 24.970555555555556], [86.66244444444445, 24.970833333333335], [86.66272222222223, 24.970833333333335], [86.66272222222223, 24.971111111111114], [86.66161111111111, 24.971111111111114], [86.66161111111111, 24.970833333333335], [86.66105555555556, 24.970833333333335], [86.66105555555556, 24.970555555555556], [86.6605, 24.970555555555556], [86.6605, 24.970277777777778], [86.65966666666667, 24.970277777777778], [86.65966666666667, 24.970000000000002], [86.65911111111112, 24.970000000000002], [86.65911111111112, 24.969722222222224], [86.65883333333333, 24.969722222222224], [86.65883333333333, 24.969444444444445], [86.65994444444445, 24.969444444444445], [86.65994444444445, 24.96888888888889], [86.6593888888889, 24.96888888888889], [86.6593888888889, 24.968611111111112], [86.65855555555555, 24.968611111111112], [86.65855555555555, 24.96888888888889], [86.65827777777778, 24.96888888888889], [86.65827777777778, 24.969444444444445], [86.65772222222222, 24.969444444444445], [86.65772222222222, 24.968333333333334], [86.65716666666667, 24.968333333333334], [86.65716666666667, 24.968055555555555], [86.65688888888889, 24.968055555555555], [86.65688888888889, 24.96888888888889], [86.65716666666667, 24.96888888888889], [86.65716666666667, 24.969444444444445], [86.65661111111112, 24.969444444444445], [86.65661111111112, 24.969166666666666], [86.65605555555555, 24.969166666666666], [86.65605555555555, 24.969444444444445], [86.65633333333334, 24.969444444444445], [86.65633333333334, 24.969722222222224], [86.65605555555555, 24.969722222222224], [86.65605555555555, 24.970277777777778], [86.65688888888889, 24.970277777777778], [86.65688888888889, 24.970833333333335], [86.65827777777778, 24.970833333333335], [86.65827777777778, 24.970555555555556], [86.6593888888889, 24.970555555555556], [86.6593888888889, 24.970833333333335], [86.65994444444445, 24.970833333333335], [86.65994444444445, 24.971111111111114], [86.66077777777778, 24.971111111111114], [86.66077777777778, 24.97138888888889], [86.66161111111111, 24.97138888888889], [86.66161111111111, 24.971666666666668], [86.66216666666666, 24.971666666666668], [86.66216666666666, 24.97222222222222], [86.66272222222223, 24.97222222222222], [86.66272222222223, 24.9725], [86.66383333333333, 24.9725], [86.66383333333333, 24.97277777777778], [86.66411111111111, 24.97277777777778], [86.66411111111111, 24.973333333333333], [86.6643888888889, 24.973333333333333], [86.6643888888889, 24.97388888888889], [86.66466666666668, 24.97388888888889], [86.66466666666668, 24.97416666666667], [86.66494444444444, 24.97416666666667], [86.66494444444444, 24.974444444444444], [86.66550000000001, 24.974444444444444], [86.66550000000001, 24.974722222222223], [86.66633333333334, 24.974722222222223], [86.66633333333334, 24.975], [86.66688888888889, 24.975], [86.66688888888889, 24.975555555555555], [86.66716666666667, 24.975555555555555], [86.66716666666667, 24.97638888888889], [86.66744444444444, 24.97638888888889], [86.66744444444444, 24.976666666666667], [86.66772222222222, 24.976666666666667], [86.66772222222222, 24.976944444444445], [86.668, 24.976944444444445], [86.668, 24.977222222222224], [86.66855555555556, 24.977222222222224], [86.66855555555556, 24.9775], [86.66938888888889, 24.9775], [86.66938888888889, 24.977777777777778], [86.66966666666667, 24.977777777777778], [86.66966666666667, 24.978055555555557], [86.66994444444445, 24.978055555555557], [86.66994444444445, 24.978333333333335], [86.67022222222222, 24.978333333333335], [86.67022222222222, 24.97861111111111], [86.67077777777779, 24.97861111111111], [86.67077777777779, 24.97972222222222], [86.67188888888889, 24.97972222222222], [86.67188888888889, 24.98], [86.67216666666667, 24.98], [86.67216666666667, 24.98027777777778], [86.673, 24.98027777777778], [86.673, 24.980555555555558], [86.67327777777778, 24.980555555555558], [86.67327777777778, 24.980833333333333], [86.67355555555555, 24.980833333333333], [86.67355555555555, 24.98166666666667], [86.67383333333333, 24.98166666666667], [86.67383333333333, 24.981944444444444], [86.67494444444445, 24.981944444444444], [86.67494444444445, 24.982222222222223], [86.67577777777778, 24.982222222222223], [86.67577777777778, 24.9825], [86.67633333333333, 24.9825], [86.67633333333333, 24.982777777777777], [86.67661111111111, 24.982777777777777], [86.67661111111111, 24.983333333333334], [86.6768888888889, 24.983333333333334], [86.6768888888889, 24.983611111111113], [86.67744444444445, 24.983611111111113], [86.67744444444445, 24.983888888888888], [86.678, 24.983888888888888], [86.678, 24.984166666666667], [86.67827777777778, 24.984166666666667], [86.67827777777778, 24.984444444444446], [86.67883333333333, 24.984444444444446], [86.67883333333333, 24.984166666666667], [86.67855555555556, 24.984166666666667], [86.67855555555556, 24.983888888888888], [86.67966666666666, 24.983888888888888], [86.67966666666666, 24.984166666666667], [86.68022222222223, 24.984166666666667], [86.68022222222223, 24.984444444444446], [86.68050000000001, 24.984444444444446], [86.68050000000001, 24.984722222222224], [86.68105555555556, 24.984722222222224], [86.68105555555556, 24.985], [86.68161111111111, 24.985], [86.68161111111111, 24.985277777777778], [86.68188888888889, 24.985277777777778], [86.68188888888889, 24.985555555555557], [86.68216666666667, 24.985555555555557], [86.68216666666667, 24.985833333333336], [86.68244444444444, 24.985833333333336], [86.68244444444444, 24.98611111111111], [86.68272222222222, 24.98611111111111], [86.68272222222222, 24.98638888888889], [86.68327777777777, 24.98638888888889], [86.68327777777777, 24.985555555555557], [86.68383333333334, 24.985555555555557], [86.68383333333334, 24.985833333333336], [86.68438888888889, 24.985833333333336], [86.68438888888889, 24.98611111111111], [86.68494444444444, 24.98611111111111], [86.68494444444444, 24.98638888888889], [86.68522222222222, 24.98638888888889], [86.68522222222222, 24.986666666666668], [86.6855, 24.986666666666668], [86.6855, 24.98638888888889], [86.68577777777779, 24.98638888888889], [86.68577777777779, 24.986666666666668], [86.68605555555555, 24.986666666666668], [86.68605555555555, 24.986944444444447]], [[86.5441111111111, 24.984722222222224], [86.54466666666667, 24.984722222222224], [86.54466666666667, 24.983888888888888], [86.54438888888889, 24.983888888888888], [86.54438888888889, 24.983333333333334], [86.54466666666667, 24.983333333333334], [86.54466666666667, 24.9825], [86.54438888888889, 24.9825], [86.54438888888889, 24.982222222222223], [86.5441111111111, 24.982222222222223], [86.5441111111111, 24.981944444444444], [86.54438888888889, 24.981944444444444], [86.54438888888889, 24.98166666666667], [86.5441111111111, 24.98166666666667], [86.5441111111111, 24.98138888888889], [86.54383333333334, 24.98138888888889], [86.54383333333334, 24.98166666666667], [86.54188888888889, 24.98166666666667], [86.54188888888889, 24.981944444444444], [86.54216666666667, 24.981944444444444], [86.54216666666667, 24.982222222222223], [86.54244444444444, 24.982222222222223], [86.54244444444444, 24.9825], [86.54272222222222, 24.9825], [86.54272222222222, 24.983055555555556], [86.543, 24.983055555555556], [86.543, 24.983333333333334], [86.54355555555556, 24.983333333333334], [86.54355555555556, 24.984166666666667], [86.54383333333334, 24.984166666666667], [86.54383333333334, 24.984444444444446], [86.5441111111111, 24.984444444444446], [86.5441111111111, 24.984722222222224]], [[86.51883333333333, 24.984444444444446], [86.51911111111112, 24.984444444444446], [86.51911111111112, 24.983888888888888], [86.51855555555555, 24.983888888888888], [86.51855555555555, 24.984166666666667], [86.51883333333333, 24.984166666666667], [86.51883333333333, 24.984444444444446]], [[86.54105555555556, 24.984444444444446], [86.54133333333334, 24.984444444444446], [86.54133333333334, 24.984166666666667], [86.54105555555556, 24.984166666666667], [86.54105555555556, 24.984444444444446]], [[86.54188888888889, 24.984444444444446], [86.54216666666667, 24.984444444444446], [86.54216666666667, 24.983333333333334], [86.54161111111111, 24.983333333333334], [86.54161111111111, 24.984166666666667], [86.54188888888889, 24.984166666666667], [86.54188888888889, 24.984444444444446]], [[86.5441111111111, 24.98138888888889], [86.54466666666667, 24.98138888888889], [86.54466666666667, 24.98111111111111], [86.54438888888889, 24.98111111111111], [86.54438888888889, 24.980833333333333], [86.5441111111111, 24.980833333333333], [86.5441111111111, 24.98138888888889]], [[86.52633333333334, 24.98111111111111], [86.52661111111111, 24.98111111111111], [86.52661111111111, 24.980833333333333], [86.52633333333334, 24.980833333333333], [86.52633333333334, 24.98111111111111]], [[86.75577777777778, 24.98111111111111], [86.75661111111111, 24.98111111111111], [86.75661111111111, 24.980555555555558], [86.75633333333333, 24.980555555555558], [86.75633333333333, 24.98027777777778], [86.75605555555556, 24.98027777777778], [86.75605555555556, 24.98], [86.75577777777778, 24.98], [86.75577777777778, 24.98027777777778], [86.7555, 24.98027777777778], [86.7555, 24.980555555555558], [86.75577777777778, 24.980555555555558], [86.75577777777778, 24.98111111111111]], [[86.6618888888889, 24.979444444444447], [86.66216666666666, 24.979444444444447], [86.66216666666666, 24.97861111111111], [86.6618888888889, 24.97861111111111], [86.6618888888889, 24.978333333333335], [86.66161111111111, 24.978333333333335], [86.66161111111111, 24.977777777777778], [86.66133333333333, 24.977777777777778], [86.66133333333333, 24.9775], [86.66105555555556, 24.9775], [86.66105555555556, 24.977222222222224], [86.66077777777778, 24.977222222222224], [86.66077777777778, 24.976944444444445], [86.6605, 24.976944444444445], [86.6605, 24.976666666666667], [86.66022222222223, 24.976666666666667], [86.66022222222223, 24.97638888888889], [86.65966666666667, 24.97638888888889], [86.65966666666667, 24.976111111111113], [86.65883333333333, 24.976111111111113], [86.65883333333333, 24.975833333333334], [86.658, 24.975833333333334], [86.658, 24.975555555555555], [86.65716666666667, 24.975555555555555], [86.65716666666667, 24.975], [86.65744444444445, 24.975], [86.65744444444445, 24.974722222222223], [86.65688888888889, 24.974722222222223], [86.65688888888889, 24.974444444444444], [86.65716666666667, 24.974444444444444], [86.65716666666667, 24.97416666666667], [86.65661111111112, 24.97416666666667], [86.65661111111112, 24.974444444444444], [86.65605555555555, 24.974444444444444], [86.65605555555555, 24.974722222222223], [86.65577777777779, 24.974722222222223], [86.65577777777779, 24.974444444444444], [86.6555, 24.974444444444444], [86.6555, 24.974722222222223], [86.65522222222222, 24.974722222222223], [86.65522222222222, 24.974444444444444], [86.65438888888889, 24.974444444444444], [86.65438888888889, 24.97416666666667], [86.65355555555556, 24.97416666666667], [86.65355555555556, 24.97388888888889], [86.653, 24.97388888888889], [86.653, 24.97361111111111], [86.65188888888889, 24.97361111111111], [86.65188888888889, 24.973333333333333], [86.65161111111111, 24.973333333333333], [86.65161111111111, 24.973055555555558], [86.65133333333334, 24.973055555555558], [86.65133333333334, 24.97277777777778], [86.65105555555556, 24.97277777777778], [86.65105555555556, 24.97222222222222], [86.65077777777778, 24.97222222222222], [86.65077777777778, 24.971666666666668], [86.64883333333333, 24.971666666666668], [86.64883333333333, 24.971944444444446], [86.64744444444445, 24.971944444444446], [86.64744444444445, 24.97222222222222], [86.6468888888889, 24.97222222222222], [86.6468888888889, 24.973055555555558], [86.64744444444445, 24.973055555555558], [86.64744444444445, 24.973333333333333], [86.64966666666668, 24.973333333333333], [86.64966666666668, 24.97361111111111], [86.65022222222223, 24.97361111111111], [86.65022222222223, 24.97388888888889], [86.65077777777778, 24.97388888888889], [86.65077777777778, 24.97416666666667], [86.65161111111111, 24.97416666666667], [86.65161111111111, 24.974444444444444], [86.65244444444444, 24.974444444444444], [86.65244444444444, 24.974722222222223], [86.653, 24.974722222222223], [86.653, 24.975], [86.65383333333334, 24.975], [86.65383333333334, 24.97527777777778], [86.65438888888889, 24.97527777777778], [86.65438888888889, 24.975], [86.65466666666667, 24.975], [86.65466666666667, 24.97527777777778], [86.65494444444445, 24.97527777777778], [86.65494444444445, 24.975833333333334], [86.6555, 24.975833333333334], [86.6555, 24.976111111111113], [86.65577777777779, 24.976111111111113], [86.65577777777779, 24.97638888888889], [86.65744444444445, 24.97638888888889], [86.65744444444445, 24.976666666666667], [86.65827777777778, 24.976666666666667], [86.65827777777778, 24.976944444444445], [86.65911111111112, 24.976944444444445], [86.65911111111112, 24.977222222222224], [86.6593888888889, 24.977222222222224], [86.6593888888889, 24.9775], [86.66022222222223, 24.9775], [86.66022222222223, 24.977777777777778], [86.6605, 24.977777777777778], [86.6605, 24.978055555555557], [86.66077777777778, 24.978055555555557], [86.66077777777778, 24.978333333333335], [86.66105555555556, 24.978333333333335], [86.66105555555556, 24.97861111111111], [86.66133333333333, 24.97861111111111], [86.66133333333333, 24.97888888888889], [86.66161111111111, 24.97888888888889], [86.66161111111111, 24.979166666666668], [86.6618888888889, 24.979166666666668], [86.6618888888889, 24.979444444444447]], [[86.74911111111112, 24.978333333333335], [86.75022222222222, 24.978333333333335], [86.75022222222222, 24.978055555555557], [86.7505, 24.978055555555557], [86.7505, 24.9775], [86.74911111111112, 24.9775], [86.74911111111112, 24.978333333333335]], [[86.66744444444444, 24.978055555555557], [86.668, 24.978055555555557], [86.668, 24.977777777777778], [86.66744444444444, 24.977777777777778], [86.66744444444444, 24.978055555555557]], [[86.75161111111112, 24.978055555555557], [86.75188888888889, 24.978055555555557], [86.75188888888889, 24.977777777777778], [86.75216666666667, 24.977777777777778], [86.75216666666667, 24.9775], [86.75272222222222, 24.9775], [86.75272222222222, 24.977777777777778], [86.75383333333333, 24.977777777777778], [86.75383333333333, 24.978055555555557], [86.7543888888889, 24.978055555555557], [86.7543888888889, 24.976666666666667], [86.75522222222223, 24.976666666666667], [86.75522222222223, 24.976111111111113], [86.75494444444445, 24.976111111111113], [86.75494444444445, 24.975833333333334], [86.75466666666667, 24.975833333333334], [86.75466666666667, 24.975], [86.75494444444445, 24.975], [86.75494444444445, 24.974444444444444], [86.75605555555556, 24.974444444444444], [86.75605555555556, 24.973333333333333], [86.75577777777778, 24.973333333333333], [86.75577777777778, 24.973055555555558], [86.7555, 24.973055555555558], [86.7555, 24.97277777777778], [86.75522222222223, 24.97277777777778], [86.75522222222223, 24.9725], [86.75466666666667, 24.9725], [86.75466666666667, 24.97222222222222], [86.75411111111111, 24.97222222222222], [86.75411111111111, 24.971944444444446], [86.75383333333333, 24.971944444444446], [86.75383333333333, 24.971666666666668], [86.75355555555556, 24.971666666666668], [86.75355555555556, 24.97138888888889], [86.75327777777778, 24.97138888888889], [86.75327777777778, 24.971111111111114], [86.75244444444445, 24.971111111111114], [86.75244444444445, 24.97138888888889], [86.75216666666667, 24.97138888888889], [86.75216666666667, 24.971944444444446], [86.75188888888889, 24.971944444444446], [86.75188888888889, 24.97277777777778], [86.75161111111112, 24.97277777777778], [86.75161111111112, 24.97361111111111], [86.75133333333333, 24.97361111111111], [86.75133333333333, 24.975555555555555], [86.75161111111112, 24.975555555555555], [86.75161111111112, 24.976944444444445], [86.75133333333333, 24.976944444444445], [86.75133333333333, 24.9775], [86.75161111111112, 24.9775], [86.75161111111112, 24.978055555555557]], [[86.54188888888889, 24.97638888888889], [86.54216666666667, 24.97638888888889], [86.54216666666667, 24.976111111111113], [86.54188888888889, 24.976111111111113], [86.54188888888889, 24.97638888888889]], [[86.54244444444444, 24.976111111111113], [86.54272222222222, 24.976111111111113], [86.54272222222222, 24.975833333333334], [86.54244444444444, 24.975833333333334], [86.54244444444444, 24.976111111111113]], [[86.54633333333334, 24.976111111111113], [86.54661111111112, 24.976111111111113], [86.54661111111112, 24.975555555555555], [86.54633333333334, 24.975555555555555], [86.54633333333334, 24.976111111111113]], [[86.54522222222222, 24.97527777777778], [86.5455, 24.97527777777778], [86.5455, 24.975], [86.54522222222222, 24.975], [86.54522222222222, 24.97527777777778]], [[86.54188888888889, 24.975], [86.54216666666667, 24.975], [86.54216666666667, 24.974722222222223], [86.54188888888889, 24.974722222222223], [86.54188888888889, 24.975]], [[86.67383333333333, 24.975], [86.67438888888888, 24.975], [86.67438888888888, 24.974722222222223], [86.67383333333333, 24.974722222222223], [86.67383333333333, 24.975]], [[86.67355555555555, 24.974444444444444], [86.67411111111112, 24.974444444444444], [86.67411111111112, 24.97388888888889], [86.67383333333333, 24.97388888888889], [86.67383333333333, 24.97416666666667], [86.67355555555555, 24.97416666666667], [86.67355555555555, 24.974444444444444]], [[86.50022222222222, 24.97388888888889], [86.5005, 24.97388888888889], [86.5005, 24.97361111111111], [86.50077777777778, 24.97361111111111], [86.50077777777778, 24.973055555555558], [86.5005, 24.973055555555558], [86.5005, 24.97277777777778], [86.50077777777778, 24.97277777777778], [86.50077777777778, 24.9725], [86.50022222222222, 24.9725], [86.50022222222222, 24.973055555555558], [86.49994444444445, 24.973055555555558], [86.49994444444445, 24.97361111111111], [86.50022222222222, 24.97361111111111], [86.50022222222222, 24.97388888888889]], [[86.50216666666667, 24.97361111111111], [86.503, 24.97361111111111], [86.503, 24.973055555555558], [86.50355555555556, 24.973055555555558], [86.50355555555556, 24.9725], [86.50327777777778, 24.9725], [86.50327777777778, 24.97222222222222], [86.50272222222222, 24.97222222222222], [86.50272222222222, 24.9725], [86.50188888888889, 24.9725], [86.50188888888889, 24.97277777777778], [86.50105555555555, 24.97277777777778], [86.50105555555555, 24.973055555555558], [86.50244444444445, 24.973055555555558], [86.50244444444445, 24.973333333333333], [86.50216666666667, 24.973333333333333], [86.50216666666667, 24.97361111111111]], [[86.54272222222222, 24.97361111111111], [86.54327777777777, 24.97361111111111], [86.54327777777777, 24.973333333333333], [86.54272222222222, 24.973333333333333], [86.54272222222222, 24.97361111111111]], [[86.64466666666667, 24.973333333333333], [86.64522222222223, 24.973333333333333], [86.64522222222223, 24.9725], [86.64383333333333, 24.9725], [86.64383333333333, 24.97222222222222], [86.64327777777778, 24.97222222222222], [86.64327777777778, 24.971944444444446], [86.643, 24.971944444444446], [86.643, 24.97138888888889], [86.64216666666667, 24.97138888888889], [86.64216666666667, 24.971111111111114], [86.64188888888889, 24.971111111111114], [86.64188888888889, 24.971666666666668], [86.64244444444445, 24.971666666666668], [86.64244444444445, 24.971944444444446], [86.64272222222222, 24.971944444444446], [86.64272222222222, 24.97222222222222], [86.643, 24.97222222222222], [86.643, 24.9725], [86.64355555555555, 24.9725], [86.64355555555555, 24.97277777777778], [86.64411111111112, 24.97277777777778], [86.64411111111112, 24.973055555555558], [86.64466666666667, 24.973055555555558], [86.64466666666667, 24.973333333333333]], [[86.67411111111112, 24.973333333333333], [86.67466666666667, 24.973333333333333], [86.67466666666667, 24.973055555555558], [86.67522222222223, 24.973055555555558], [86.67522222222223, 24.971944444444446], [86.67438888888888, 24.971944444444446], [86.67438888888888, 24.97222222222222], [86.67383333333333, 24.97222222222222], [86.67383333333333, 24.97277777777778], [86.67411111111112, 24.97277777777778], [86.67411111111112, 24.973333333333333]], [[86.498, 24.973055555555558], [86.49827777777779, 24.973055555555558], [86.49827777777779, 24.97277777777778], [86.49855555555555, 24.97277777777778], [86.49855555555555, 24.9725], [86.498, 24.9725], [86.498, 24.973055555555558]], [[86.52494444444444, 24.973055555555558], [86.52522222222223, 24.973055555555558], [86.52522222222223, 24.9725], [86.52494444444444, 24.9725], [86.52494444444444, 24.973055555555558]], [[86.65633333333334, 24.973055555555558], [86.65661111111112, 24.973055555555558], [86.65661111111112, 24.97277777777778], [86.65716666666667, 24.97277777777778], [86.65716666666667, 24.97222222222222], [86.65744444444445, 24.97222222222222], [86.65744444444445, 24.971944444444446], [86.65688888888889, 24.971944444444446], [86.65688888888889, 24.971666666666668], [86.65633333333334, 24.971666666666668], [86.65633333333334, 24.971944444444446], [86.6555, 24.971944444444446], [86.6555, 24.97222222222222], [86.65522222222222, 24.97222222222222], [86.65522222222222, 24.9725], [86.6555, 24.9725], [86.6555, 24.97277777777778], [86.65633333333334, 24.97277777777778], [86.65633333333334, 24.973055555555558]], [[86.75772222222223, 24.973055555555558], [86.75827777777778, 24.973055555555558], [86.75827777777778, 24.971944444444446], [86.758, 24.971944444444446], [86.758, 24.97138888888889], [86.75772222222223, 24.97138888888889], [86.75772222222223, 24.970833333333335], [86.75744444444445, 24.970833333333335], [86.75744444444445, 24.970000000000002], [86.75716666666666, 24.970000000000002], [86.75716666666666, 24.969166666666666], [86.7568888888889, 24.969166666666666], [86.7568888888889, 24.96888888888889], [86.75661111111111, 24.96888888888889], [86.75661111111111, 24.968611111111112], [86.75633333333333, 24.968611111111112], [86.75633333333333, 24.968333333333334], [86.75605555555556, 24.968333333333334], [86.75605555555556, 24.968055555555555], [86.75522222222223, 24.968055555555555], [86.75522222222223, 24.969166666666666], [86.7555, 24.969166666666666], [86.7555, 24.969722222222224], [86.75522222222223, 24.969722222222224], [86.75522222222223, 24.969444444444445], [86.75466666666667, 24.969444444444445], [86.75466666666667, 24.969166666666666], [86.7543888888889, 24.969166666666666], [86.7543888888889, 24.969444444444445], [86.75411111111111, 24.969444444444445], [86.75411111111111, 24.969722222222224], [86.75383333333333, 24.969722222222224], [86.75383333333333, 24.970277777777778], [86.75411111111111, 24.970277777777778], [86.75411111111111, 24.970555555555556], [86.7543888888889, 24.970555555555556], [86.7543888888889, 24.970833333333335], [86.75466666666667, 24.970833333333335], [86.75466666666667, 24.97138888888889], [86.75494444444445, 24.97138888888889], [86.75494444444445, 24.971666666666668], [86.75522222222223, 24.971666666666668], [86.75522222222223, 24.971944444444446], [86.7555, 24.971944444444446], [86.7555, 24.9725], [86.75577777777778, 24.9725], [86.75577777777778, 24.97222222222222], [86.75605555555556, 24.97222222222222], [86.75605555555556, 24.970833333333335], [86.75633333333333, 24.970833333333335], [86.75633333333333, 24.971111111111114], [86.75661111111111, 24.971111111111114], [86.75661111111111, 24.971666666666668], [86.7568888888889, 24.971666666666668], [86.7568888888889, 24.971944444444446], [86.75716666666666, 24.971944444444446], [86.75716666666666, 24.9725], [86.75744444444445, 24.9725], [86.75744444444445, 24.97277777777778], [86.75772222222223, 24.97277777777778], [86.75772222222223, 24.973055555555558]], [[86.49883333333334, 24.97277777777778], [86.49938888888889, 24.97277777777778], [86.49938888888889, 24.9725], [86.49911111111112, 24.9725], [86.49911111111112, 24.97222222222222], [86.49855555555555, 24.97222222222222], [86.49855555555555, 24.9725], [86.49883333333334, 24.9725], [86.49883333333334, 24.97277777777778]], [[86.50355555555556, 24.9725], [86.50411111111111, 24.9725], [86.50411111111111, 24.97222222222222], [86.50355555555556, 24.97222222222222], [86.50355555555556, 24.9725]], [[86.54938888888888, 24.9725], [86.55022222222223, 24.9725], [86.55022222222223, 24.971944444444446], [86.5505, 24.971944444444446], [86.5505, 24.971666666666668], [86.54966666666667, 24.971666666666668], [86.54966666666667, 24.97138888888889], [86.54911111111112, 24.97138888888889], [86.54911111111112, 24.971666666666668], [86.54938888888888, 24.971666666666668], [86.54938888888888, 24.971944444444446], [86.54911111111112, 24.971944444444446], [86.54911111111112, 24.97222222222222], [86.54938888888888, 24.97222222222222], [86.54938888888888, 24.9725]], [[86.50244444444445, 24.971944444444446], [86.50355555555556, 24.971944444444446], [86.50355555555556, 24.97138888888889], [86.50327777777778, 24.97138888888889], [86.50327777777778, 24.971111111111114], [86.50272222222222, 24.971111111111114], [86.50272222222222, 24.970833333333335], [86.50327777777778, 24.970833333333335], [86.50327777777778, 24.970555555555556], [86.503, 24.970555555555556], [86.503, 24.970000000000002], [86.50272222222222, 24.970000000000002], [86.50272222222222, 24.969722222222224], [86.50188888888889, 24.969722222222224], [86.50188888888889, 24.970000000000002], [86.50133333333333, 24.970000000000002], [86.50133333333333, 24.970555555555556], [86.50105555555555, 24.970555555555556], [86.50105555555555, 24.970833333333335], [86.50161111111112, 24.970833333333335], [86.50161111111112, 24.971111111111114], [86.50216666666667, 24.971111111111114], [86.50216666666667, 24.971666666666668], [86.50244444444445, 24.971666666666668], [86.50244444444445, 24.971944444444446]], [[86.54744444444445, 24.971111111111114], [86.548, 24.971111111111114], [86.548, 24.970833333333335], [86.54744444444445, 24.970833333333335], [86.54744444444445, 24.971111111111114]], [[86.54883333333333, 24.971111111111114], [86.54911111111112, 24.971111111111114], [86.54911111111112, 24.970833333333335], [86.54883333333333, 24.970833333333335], [86.54883333333333, 24.971111111111114]], [[86.67633333333333, 24.970833333333335], [86.67661111111111, 24.970833333333335], [86.67661111111111, 24.970277777777778], [86.67633333333333, 24.970277777777778], [86.67633333333333, 24.970833333333335]], [[86.67661111111111, 24.970277777777778], [86.6768888888889, 24.970277777777778], [86.6768888888889, 24.970000000000002], [86.67661111111111, 24.970000000000002], [86.67661111111111, 24.970277777777778]], [[86.67772222222223, 24.970277777777778], [86.678, 24.970277777777778], [86.678, 24.970000000000002], [86.67772222222223, 24.970000000000002], [86.67772222222223, 24.970277777777778]], [[86.66161111111111, 24.970000000000002], [86.6618888888889, 24.970000000000002], [86.6618888888889, 24.969722222222224], [86.66161111111111, 24.969722222222224], [86.66161111111111, 24.970000000000002]], [[86.678, 24.970000000000002], [86.67827777777778, 24.970000000000002], [86.67827777777778, 24.969722222222224], [86.678, 24.969722222222224], [86.678, 24.970000000000002]], [[86.6768888888889, 24.969722222222224], [86.67716666666666, 24.969722222222224], [86.67716666666666, 24.969166666666666], [86.6768888888889, 24.969166666666666], [86.6768888888889, 24.969722222222224]], [[86.6755, 24.969444444444445], [86.67577777777778, 24.969444444444445], [86.67577777777778, 24.96888888888889], [86.6755, 24.96888888888889], [86.6755, 24.969444444444445]], [[86.52133333333333, 24.969166666666666], [86.52216666666666, 24.969166666666666], [86.52216666666666, 24.968333333333334], [86.5218888888889, 24.968333333333334], [86.5218888888889, 24.968055555555555], [86.52244444444445, 24.968055555555555], [86.52244444444445, 24.9675], [86.52272222222223, 24.9675], [86.52272222222223, 24.966944444444444], [86.52244444444445, 24.966944444444444], [86.52244444444445, 24.96666666666667], [86.52105555555556, 24.96666666666667], [86.52105555555556, 24.966944444444444], [86.52077777777778, 24.966944444444444], [86.52077777777778, 24.96777777777778], [86.5205, 24.96777777777778], [86.5205, 24.968055555555555], [86.52105555555556, 24.968055555555555], [86.52105555555556, 24.968333333333334], [86.52133333333333, 24.968333333333334], [86.52133333333333, 24.968611111111112], [86.52105555555556, 24.968611111111112], [86.52105555555556, 24.96888888888889], [86.52133333333333, 24.96888888888889], [86.52133333333333, 24.969166666666666]], [[86.67605555555556, 24.969166666666666], [86.67633333333333, 24.969166666666666], [86.67633333333333, 24.96888888888889], [86.67605555555556, 24.96888888888889], [86.67605555555556, 24.969166666666666]], [[86.67716666666666, 24.969166666666666], [86.67744444444445, 24.969166666666666], [86.67744444444445, 24.96888888888889], [86.67716666666666, 24.96888888888889], [86.67716666666666, 24.969166666666666]], [[86.74494444444444, 24.969166666666666], [86.7455, 24.969166666666666], [86.7455, 24.96888888888889], [86.74577777777777, 24.96888888888889], [86.74577777777777, 24.968611111111112], [86.74633333333334, 24.968611111111112], [86.74633333333334, 24.96777777777778], [86.74605555555556, 24.96777777777778], [86.74605555555556, 24.9675], [86.7455, 24.9675], [86.7455, 24.967222222222222], [86.74522222222222, 24.967222222222222], [86.74522222222222, 24.96666666666667], [86.7455, 24.96666666666667], [86.7455, 24.965833333333332], [86.74494444444444, 24.965833333333332], [86.74494444444444, 24.965555555555557], [86.74466666666667, 24.965555555555557], [86.74466666666667, 24.965], [86.74438888888889, 24.965], [86.74438888888889, 24.964722222222225], [86.74411111111111, 24.964722222222225], [86.74411111111111, 24.964444444444446], [86.74383333333334, 24.964444444444446], [86.74383333333334, 24.963055555555556], [86.74411111111111, 24.963055555555556], [86.74411111111111, 24.962777777777777], [86.74327777777778, 24.962777777777777], [86.74327777777778, 24.962222222222223], [86.74355555555556, 24.962222222222223], [86.74355555555556, 24.961944444444445], [86.74327777777778, 24.961944444444445], [86.74327777777778, 24.961666666666666], [86.74272222222223, 24.961666666666666], [86.74272222222223, 24.96138888888889], [86.74216666666666, 24.96138888888889], [86.74216666666666, 24.961666666666666], [86.7418888888889, 24.961666666666666], [86.7418888888889, 24.962222222222223], [86.74105555555556, 24.962222222222223], [86.74105555555556, 24.962500000000002], [86.74133333333333, 24.962500000000002], [86.74133333333333, 24.962777777777777], [86.74161111111111, 24.962777777777777], [86.74161111111111, 24.963055555555556], [86.7418888888889, 24.963055555555556], [86.7418888888889, 24.964166666666667], [86.74216666666666, 24.964166666666667], [86.74216666666666, 24.96527777777778], [86.74244444444444, 24.96527777777778], [86.74244444444444, 24.965833333333332], [86.74300000000001, 24.965833333333332], [86.74300000000001, 24.96611111111111], [86.74355555555556, 24.96611111111111], [86.74355555555556, 24.96666666666667], [86.74383333333334, 24.96666666666667], [86.74383333333334, 24.966944444444444], [86.74411111111111, 24.966944444444444], [86.74411111111111, 24.96777777777778], [86.74438888888889, 24.96777777777778], [86.74438888888889, 24.968611111111112], [86.74466666666667, 24.968611111111112], [86.74466666666667, 24.96888888888889], [86.74494444444444, 24.96888888888889], [86.74494444444444, 24.969166666666666]], [[86.67744444444445, 24.96888888888889], [86.67772222222223, 24.96888888888889], [86.67772222222223, 24.968611111111112], [86.67744444444445, 24.968611111111112], [86.67744444444445, 24.96888888888889]], [[86.54022222222223, 24.968611111111112], [86.54077777777778, 24.968611111111112], [86.54077777777778, 24.968333333333334], [86.54022222222223, 24.968333333333334], [86.54022222222223, 24.968611111111112]], [[86.52827777777777, 24.968333333333334], [86.5291111111111, 24.968333333333334], [86.5291111111111, 24.968055555555555], [86.52827777777777, 24.968055555555555], [86.52827777777777, 24.968333333333334]], [[86.54077777777778, 24.968333333333334], [86.54105555555556, 24.968333333333334], [86.54105555555556, 24.968055555555555], [86.54077777777778, 24.968055555555555], [86.54077777777778, 24.968333333333334]], [[86.5243888888889, 24.968055555555555], [86.52466666666668, 24.968055555555555], [86.52466666666668, 24.96777777777778], [86.52494444444444, 24.96777777777778], [86.52494444444444, 24.967222222222222], [86.52411111111111, 24.967222222222222], [86.52411111111111, 24.96777777777778], [86.5243888888889, 24.96777777777778], [86.5243888888889, 24.968055555555555]], [[86.65661111111112, 24.968055555555555], [86.65688888888889, 24.968055555555555], [86.65688888888889, 24.96777777777778], [86.65661111111112, 24.96777777777778], [86.65661111111112, 24.968055555555555]], [[86.7118888888889, 24.96777777777778], [86.71244444444444, 24.96777777777778], [86.71244444444444, 24.96666666666667], [86.71216666666668, 24.96666666666667], [86.71216666666668, 24.966944444444444], [86.7118888888889, 24.966944444444444], [86.7118888888889, 24.96777777777778]], [[86.69244444444445, 24.966944444444444], [86.693, 24.966944444444444], [86.693, 24.96638888888889], [86.69272222222223, 24.96638888888889], [86.69272222222223, 24.965833333333332], [86.69244444444445, 24.965833333333332], [86.69244444444445, 24.965555555555557], [86.69216666666667, 24.965555555555557], [86.69216666666667, 24.96611111111111], [86.69244444444445, 24.96611111111111], [86.69244444444445, 24.966944444444444]], [[86.72466666666666, 24.966944444444444], [86.7255, 24.966944444444444], [86.7255, 24.96638888888889], [86.72522222222223, 24.96638888888889], [86.72522222222223, 24.96666666666667], [86.72466666666666, 24.96666666666667], [86.72466666666666, 24.966944444444444]], [[86.72077777777778, 24.96638888888889], [86.72105555555555, 24.96638888888889], [86.72105555555555, 24.96611111111111], [86.72077777777778, 24.96611111111111], [86.72077777777778, 24.96638888888889]], [[86.51661111111112, 24.96611111111111], [86.51744444444445, 24.96611111111111], [86.51744444444445, 24.965555555555557], [86.51716666666667, 24.965555555555557], [86.51716666666667, 24.96527777777778], [86.51688888888889, 24.96527777777778], [86.51688888888889, 24.964722222222225], [86.51661111111112, 24.964722222222225], [86.51661111111112, 24.965], [86.51577777777779, 24.965], [86.51577777777779, 24.965555555555557], [86.51605555555555, 24.965555555555557], [86.51605555555555, 24.965833333333332], [86.51661111111112, 24.965833333333332], [86.51661111111112, 24.96611111111111]], [[86.52522222222223, 24.96611111111111], [86.52577777777778, 24.96611111111111], [86.52577777777778, 24.965555555555557], [86.52522222222223, 24.965555555555557], [86.52522222222223, 24.96611111111111]], [[86.73744444444445, 24.96611111111111], [86.73772222222223, 24.96611111111111], [86.73772222222223, 24.965833333333332], [86.73744444444445, 24.965833333333332], [86.73744444444445, 24.96611111111111]], [[86.72605555555556, 24.965833333333332], [86.72633333333333, 24.965833333333332], [86.72633333333333, 24.96527777777778], [86.72605555555556, 24.96527777777778], [86.72605555555556, 24.965833333333332]], [[86.74022222222223, 24.965833333333332], [86.7405, 24.965833333333332], [86.7405, 24.965555555555557], [86.74022222222223, 24.965555555555557], [86.74022222222223, 24.965833333333332]], [[86.7068888888889, 24.965555555555557], [86.70716666666667, 24.965555555555557], [86.70716666666667, 24.96527777777778], [86.7068888888889, 24.96527777777778], [86.7068888888889, 24.965555555555557]], [[86.53633333333333, 24.965], [86.53661111111111, 24.965], [86.53661111111111, 24.964444444444446], [86.53633333333333, 24.964444444444446], [86.53633333333333, 24.965]], [[86.72605555555556, 24.965], [86.72633333333333, 24.965], [86.72633333333333, 24.964722222222225], [86.72605555555556, 24.964722222222225], [86.72605555555556, 24.965]], [[86.5368888888889, 24.964722222222225], [86.538, 24.964722222222225], [86.538, 24.964444444444446], [86.53827777777778, 24.964444444444446], [86.53827777777778, 24.964166666666667], [86.538, 24.964166666666667], [86.538, 24.96388888888889], [86.53772222222223, 24.96388888888889], [86.53772222222223, 24.963611111111113], [86.53744444444445, 24.963611111111113], [86.53744444444445, 24.964166666666667], [86.53716666666666, 24.964166666666667], [86.53716666666666, 24.964444444444446], [86.5368888888889, 24.964444444444446], [86.5368888888889, 24.964722222222225]], [[86.6918888888889, 24.964722222222225], [86.69216666666667, 24.964722222222225], [86.69216666666667, 24.964444444444446], [86.6918888888889, 24.964444444444446], [86.6918888888889, 24.964722222222225]], [[86.73716666666667, 24.964722222222225], [86.73772222222223, 24.964722222222225], [86.73772222222223, 24.964166666666667], [86.73744444444445, 24.964166666666667], [86.73744444444445, 24.96388888888889], [86.73716666666667, 24.96388888888889], [86.73716666666667, 24.963611111111113], [86.73661111111112, 24.963611111111113], [86.73661111111112, 24.963333333333335], [86.73633333333333, 24.963333333333335], [86.73633333333333, 24.963055555555556], [86.73577777777778, 24.963055555555556], [86.73577777777778, 24.96388888888889], [86.73605555555555, 24.96388888888889], [86.73605555555555, 24.964166666666667], [86.73688888888888, 24.964166666666667], [86.73688888888888, 24.964444444444446], [86.73716666666667, 24.964444444444446], [86.73716666666667, 24.964722222222225]], [[86.5368888888889, 24.964166666666667], [86.53716666666666, 24.964166666666667], [86.53716666666666, 24.96388888888889], [86.5368888888889, 24.96388888888889], [86.5368888888889, 24.964166666666667]], [[86.69772222222223, 24.964166666666667], [86.69800000000001, 24.964166666666667], [86.69800000000001, 24.96388888888889], [86.69772222222223, 24.96388888888889], [86.69772222222223, 24.964166666666667]], [[86.72411111111111, 24.964166666666667], [86.72466666666666, 24.964166666666667], [86.72466666666666, 24.96388888888889], [86.72411111111111, 24.96388888888889], [86.72411111111111, 24.964166666666667]], [[86.5305, 24.96388888888889], [86.53077777777779, 24.96388888888889], [86.53077777777779, 24.963611111111113], [86.5305, 24.963611111111113], [86.5305, 24.96388888888889]], [[86.538, 24.96388888888889], [86.53827777777778, 24.96388888888889], [86.53827777777778, 24.963611111111113], [86.538, 24.963611111111113], [86.538, 24.96388888888889]], [[86.71911111111112, 24.963611111111113], [86.71938888888889, 24.963611111111113], [86.71938888888889, 24.963333333333335], [86.71911111111112, 24.963333333333335], [86.71911111111112, 24.963611111111113]], [[86.71883333333334, 24.963333333333335], [86.71911111111112, 24.963333333333335], [86.71911111111112, 24.963055555555556], [86.71883333333334, 24.963055555555556], [86.71883333333334, 24.963333333333335]], [[86.75022222222222, 24.963055555555556], [86.7505, 24.963055555555556], [86.7505, 24.962777777777777], [86.75022222222222, 24.962777777777777], [86.75022222222222, 24.963055555555556]], [[86.69633333333334, 24.962777777777777], [86.69688888888889, 24.962777777777777], [86.69688888888889, 24.962222222222223], [86.69633333333334, 24.962222222222223], [86.69633333333334, 24.962777777777777]], [[86.72911111111111, 24.962222222222223], [86.72938888888889, 24.962222222222223], [86.72938888888889, 24.961666666666666], [86.72911111111111, 24.961666666666666], [86.72911111111111, 24.962222222222223]], [[86.75133333333333, 24.961944444444445], [86.75161111111112, 24.961944444444445], [86.75161111111112, 24.961666666666666], [86.75133333333333, 24.961666666666666], [86.75133333333333, 24.961944444444445]], [[86.71272222222223, 24.961666666666666], [86.71355555555556, 24.961666666666666], [86.71355555555556, 24.96138888888889], [86.71411111111111, 24.96138888888889], [86.71411111111111, 24.961111111111112], [86.71355555555556, 24.961111111111112], [86.71355555555556, 24.960833333333333], [86.71327777777778, 24.960833333333333], [86.71327777777778, 24.960555555555555], [86.71272222222223, 24.960555555555555], [86.71272222222223, 24.960833333333333], [86.71216666666668, 24.960833333333333], [86.71216666666668, 24.96138888888889], [86.71272222222223, 24.96138888888889], [86.71272222222223, 24.961666666666666]], [[86.71411111111111, 24.961666666666666], [86.71438888888889, 24.961666666666666], [86.71438888888889, 24.96138888888889], [86.71411111111111, 24.96138888888889], [86.71411111111111, 24.961666666666666]], [[86.71744444444445, 24.96138888888889], [86.71772222222222, 24.96138888888889], [86.71772222222222, 24.961111111111112], [86.71744444444445, 24.961111111111112], [86.71744444444445, 24.96138888888889]], [[86.74216666666666, 24.961111111111112], [86.74244444444444, 24.961111111111112], [86.74244444444444, 24.960833333333333], [86.74216666666666, 24.960833333333333], [86.74216666666666, 24.961111111111112]], [[86.73633333333333, 24.960555555555555], [86.73688888888888, 24.960555555555555], [86.73688888888888, 24.96], [86.73633333333333, 24.96], [86.73633333333333, 24.960555555555555]], [[86.73716666666667, 24.96], [86.73772222222223, 24.96], [86.73772222222223, 24.959722222222222], [86.73716666666667, 24.959722222222222], [86.73716666666667, 24.96]], [[86.7118888888889, 24.959444444444447], [86.71272222222223, 24.959444444444447], [86.71272222222223, 24.95916666666667], [86.7118888888889, 24.95916666666667], [86.7118888888889, 24.959444444444447]], [[86.73188888888889, 24.95861111111111], [86.73216666666667, 24.95861111111111], [86.73216666666667, 24.958333333333336], [86.73188888888889, 24.958333333333336], [86.73188888888889, 24.95861111111111]], [[86.71466666666667, 24.958333333333336], [86.71494444444444, 24.958333333333336], [86.71494444444444, 24.958055555555557], [86.71466666666667, 24.958055555555557], [86.71466666666667, 24.958333333333336]], [[86.73688888888888, 24.95777777777778], [86.73716666666667, 24.95777777777778], [86.73716666666667, 24.9575], [86.73688888888888, 24.9575], [86.73688888888888, 24.95777777777778]], [[86.6755, 24.9575], [86.67577777777778, 24.9575], [86.67577777777778, 24.957222222222224], [86.6755, 24.957222222222224], [86.6755, 24.9575]], [[86.61744444444444, 24.954444444444444], [86.61800000000001, 24.954444444444444], [86.61800000000001, 24.95416666666667], [86.61744444444444, 24.95416666666667], [86.61744444444444, 24.954444444444444]], [[86.70966666666666, 24.953611111111112], [86.70994444444445, 24.953611111111112], [86.70994444444445, 24.953333333333333], [86.70966666666666, 24.953333333333333], [86.70966666666666, 24.953611111111112]], [[86.68077777777778, 24.95138888888889], [86.68105555555556, 24.95138888888889], [86.68105555555556, 24.95111111111111], [86.68077777777778, 24.95111111111111], [86.68077777777778, 24.95138888888889]], [[86.53827777777778, 24.950555555555557], [86.53855555555556, 24.950555555555557], [86.53855555555556, 24.950277777777778], [86.53827777777778, 24.950277777777778], [86.53827777777778, 24.950555555555557]], [[86.68105555555556, 24.949444444444445], [86.68188888888889, 24.949444444444445], [86.68188888888889, 24.949166666666667], [86.68133333333334, 24.949166666666667], [86.68133333333334, 24.948888888888888], [86.68077777777778, 24.948888888888888], [86.68077777777778, 24.949166666666667], [86.68105555555556, 24.949166666666667], [86.68105555555556, 24.949444444444445]], [[86.52772222222222, 24.94777777777778], [86.528, 24.94777777777778], [86.528, 24.947222222222223], [86.52772222222222, 24.947222222222223], [86.52772222222222, 24.94777777777778]], [[86.52550000000001, 24.947222222222223], [86.52577777777778, 24.947222222222223], [86.52577777777778, 24.94666666666667], [86.52550000000001, 24.94666666666667], [86.52550000000001, 24.947222222222223]], [[86.51633333333334, 24.94611111111111], [86.51661111111112, 24.94611111111111], [86.51661111111112, 24.945555555555558], [86.51688888888889, 24.945555555555558], [86.51688888888889, 24.945], [86.51605555555555, 24.945], [86.51605555555555, 24.945833333333333], [86.51633333333334, 24.945833333333333], [86.51633333333334, 24.94611111111111]], [[86.62188888888889, 24.945833333333333], [86.62216666666667, 24.945833333333333], [86.62216666666667, 24.945555555555558], [86.62244444444444, 24.945555555555558], [86.62244444444444, 24.945833333333333], [86.623, 24.945833333333333], [86.623, 24.945555555555558], [86.62327777777779, 24.945555555555558], [86.62327777777779, 24.94527777777778], [86.62272222222222, 24.94527777777778], [86.62272222222222, 24.945], [86.62244444444444, 24.945], [86.62244444444444, 24.94472222222222], [86.6205, 24.94472222222222], [86.6205, 24.944444444444446], [86.62022222222222, 24.944444444444446], [86.62022222222222, 24.944166666666668], [86.61966666666667, 24.944166666666668], [86.61966666666667, 24.944444444444446], [86.61938888888889, 24.944444444444446], [86.61938888888889, 24.94472222222222], [86.61966666666667, 24.94472222222222], [86.61966666666667, 24.945], [86.6205, 24.945], [86.6205, 24.94527777777778], [86.62077777777777, 24.94527777777778], [86.62077777777777, 24.945555555555558], [86.62188888888889, 24.945555555555558], [86.62188888888889, 24.945833333333333]], [[86.62327777777779, 24.945833333333333], [86.62383333333334, 24.945833333333333], [86.62383333333334, 24.945555555555558], [86.62327777777779, 24.945555555555558], [86.62327777777779, 24.945833333333333]], [[86.52216666666666, 24.94527777777778], [86.52244444444445, 24.94527777777778], [86.52244444444445, 24.945], [86.52216666666666, 24.945], [86.52216666666666, 24.94527777777778]], [[86.61411111111111, 24.945], [86.6143888888889, 24.945], [86.6143888888889, 24.94472222222222], [86.61411111111111, 24.94472222222222], [86.61411111111111, 24.945]], [[86.6168888888889, 24.945], [86.61772222222223, 24.945], [86.61772222222223, 24.94472222222222], [86.6168888888889, 24.94472222222222], [86.6168888888889, 24.945]], [[86.61800000000001, 24.94472222222222], [86.61855555555556, 24.94472222222222], [86.61855555555556, 24.944444444444446], [86.61883333333334, 24.944444444444446], [86.61883333333334, 24.94388888888889], [86.61855555555556, 24.94388888888889], [86.61855555555556, 24.94361111111111], [86.61827777777778, 24.94361111111111], [86.61827777777778, 24.94388888888889], [86.61800000000001, 24.94388888888889], [86.61800000000001, 24.94472222222222]], [[86.59216666666667, 24.943333333333335], [86.59244444444445, 24.943333333333335], [86.59244444444445, 24.943055555555556], [86.59216666666667, 24.943055555555556], [86.59216666666667, 24.943333333333335]], [[86.61355555555556, 24.943333333333335], [86.61383333333333, 24.943333333333335], [86.61383333333333, 24.943055555555556], [86.61494444444445, 24.943055555555556], [86.61494444444445, 24.942222222222224], [86.61411111111111, 24.942222222222224], [86.61411111111111, 24.942500000000003], [86.61327777777778, 24.942500000000003], [86.61327777777778, 24.942777777777778], [86.61355555555556, 24.942777777777778], [86.61355555555556, 24.943333333333335]], [[86.54911111111112, 24.942777777777778], [86.5505, 24.942777777777778], [86.5505, 24.942500000000003], [86.55105555555556, 24.942500000000003], [86.55105555555556, 24.942222222222224], [86.55161111111111, 24.942222222222224], [86.55161111111111, 24.941944444444445], [86.55272222222223, 24.941944444444445], [86.55272222222223, 24.941666666666666], [86.553, 24.941666666666666], [86.553, 24.94138888888889], [86.55327777777778, 24.94138888888889], [86.55327777777778, 24.941111111111113], [86.55355555555556, 24.941111111111113], [86.55355555555556, 24.940833333333334], [86.55383333333333, 24.940833333333334], [86.55383333333333, 24.940555555555555], [86.55411111111111, 24.940555555555555], [86.55411111111111, 24.94027777777778], [86.5543888888889, 24.94027777777778], [86.5543888888889, 24.94], [86.55577777777778, 24.94], [86.55577777777778, 24.939722222222223], [86.55605555555556, 24.939722222222223], [86.55605555555556, 24.94], [86.55688888888889, 24.94], [86.55688888888889, 24.94027777777778], [86.558, 24.94027777777778], [86.558, 24.940555555555555], [86.55855555555556, 24.940555555555555], [86.55855555555556, 24.94027777777778], [86.55966666666667, 24.94027777777778], [86.55966666666667, 24.94], [86.55994444444444, 24.94], [86.55994444444444, 24.939722222222223], [86.55966666666667, 24.939722222222223], [86.55966666666667, 24.939444444444444], [86.55883333333334, 24.939444444444444], [86.55883333333334, 24.93916666666667], [86.55827777777777, 24.93916666666667], [86.55827777777777, 24.93888888888889], [86.55744444444444, 24.93888888888889], [86.55744444444444, 24.93861111111111], [86.55633333333334, 24.93861111111111], [86.55633333333334, 24.938333333333333], [86.55577777777778, 24.938333333333333], [86.55577777777778, 24.938055555555557], [86.5543888888889, 24.938055555555557], [86.5543888888889, 24.938333333333333], [86.55383333333333, 24.938333333333333], [86.55383333333333, 24.93861111111111], [86.55355555555556, 24.93861111111111], [86.55355555555556, 24.93888888888889], [86.553, 24.93888888888889], [86.553, 24.93916666666667], [86.55272222222223, 24.93916666666667], [86.55272222222223, 24.939444444444444], [86.55161111111111, 24.939444444444444], [86.55161111111111, 24.93916666666667], [86.5518888888889, 24.93916666666667], [86.5518888888889, 24.93888888888889], [86.55244444444445, 24.93888888888889], [86.55244444444445, 24.93861111111111], [86.55272222222223, 24.93861111111111], [86.55272222222223, 24.938333333333333], [86.553, 24.938333333333333], [86.553, 24.938055555555557], [86.55327777777778, 24.938055555555557], [86.55327777777778, 24.93777777777778], [86.55355555555556, 24.93777777777778], [86.55355555555556, 24.9375], [86.55411111111111, 24.9375], [86.55411111111111, 24.937222222222225], [86.55522222222223, 24.937222222222225], [86.55522222222223, 24.936944444444446], [86.55605555555556, 24.936944444444446], [86.55605555555556, 24.936666666666667], [86.55411111111111, 24.936666666666667], [86.55411111111111, 24.936111111111114], [86.55355555555556, 24.936111111111114], [86.55355555555556, 24.935833333333335], [86.55327777777778, 24.935833333333335], [86.55327777777778, 24.935555555555556], [86.55355555555556, 24.935555555555556], [86.55355555555556, 24.935000000000002], [86.55411111111111, 24.935000000000002], [86.55411111111111, 24.934722222222224], [86.55466666666666, 24.934722222222224], [86.55466666666666, 24.934444444444445], [86.55494444444444, 24.934444444444445], [86.55494444444444, 24.934166666666666], [86.5543888888889, 24.934166666666666], [86.5543888888889, 24.934444444444445], [86.55244444444445, 24.934444444444445], [86.55244444444445, 24.933611111111112], [86.553, 24.933611111111112], [86.553, 24.933333333333334], [86.5518888888889, 24.933333333333334], [86.5518888888889, 24.933055555555555], [86.55105555555556, 24.933055555555555], [86.55105555555556, 24.933333333333334], [86.5505, 24.933333333333334], [86.5505, 24.933611111111112], [86.55022222222223, 24.933611111111112], [86.55022222222223, 24.93388888888889], [86.54994444444445, 24.93388888888889], [86.54994444444445, 24.934166666666666], [86.54938888888888, 24.934166666666666], [86.54938888888888, 24.934444444444445], [86.54966666666667, 24.934444444444445], [86.54966666666667, 24.934722222222224], [86.5505, 24.934722222222224], [86.5505, 24.935000000000002], [86.55077777777778, 24.935000000000002], [86.55077777777778, 24.935277777777777], [86.55022222222223, 24.935277777777777], [86.55022222222223, 24.935555555555556], [86.54994444444445, 24.935555555555556], [86.54994444444445, 24.935833333333335], [86.54911111111112, 24.935833333333335], [86.54911111111112, 24.936111111111114], [86.54938888888888, 24.936111111111114], [86.54938888888888, 24.93638888888889], [86.54966666666667, 24.93638888888889], [86.54966666666667, 24.936666666666667], [86.55077777777778, 24.936666666666667], [86.55077777777778, 24.93638888888889], [86.55105555555556, 24.93638888888889], [86.55105555555556, 24.936111111111114], [86.55133333333333, 24.936111111111114], [86.55133333333333, 24.935833333333335], [86.5518888888889, 24.935833333333335], [86.5518888888889, 24.936944444444446], [86.55161111111111, 24.936944444444446], [86.55161111111111, 24.93777777777778], [86.5505, 24.93777777777778], [86.5505, 24.938055555555557], [86.54966666666667, 24.938055555555557], [86.54966666666667, 24.938333333333333], [86.54938888888888, 24.938333333333333], [86.54938888888888, 24.93888888888889], [86.54911111111112, 24.93888888888889], [86.54911111111112, 24.93916666666667], [86.54938888888888, 24.93916666666667], [86.54938888888888, 24.939444444444444], [86.5505, 24.939444444444444], [86.5505, 24.939722222222223], [86.55105555555556, 24.939722222222223], [86.55105555555556, 24.94], [86.55077777777778, 24.94], [86.55077777777778, 24.94027777777778], [86.5505, 24.94027777777778], [86.5505, 24.940555555555555], [86.55022222222223, 24.940555555555555], [86.55022222222223, 24.940833333333334], [86.54966666666667, 24.940833333333334], [86.54966666666667, 24.941111111111113], [86.54911111111112, 24.941111111111113], [86.54911111111112, 24.94138888888889], [86.54883333333333, 24.94138888888889], [86.54883333333333, 24.941666666666666], [86.54855555555555, 24.941666666666666], [86.54855555555555, 24.942500000000003], [86.54911111111112, 24.942500000000003], [86.54911111111112, 24.942777777777778]], [[86.56605555555556, 24.94138888888889], [86.56633333333333, 24.94138888888889], [86.56633333333333, 24.941111111111113], [86.56605555555556, 24.941111111111113], [86.56605555555556, 24.94138888888889]], [[86.6793888888889, 24.940833333333334], [86.67966666666666, 24.940833333333334], [86.67966666666666, 24.940555555555555], [86.6793888888889, 24.940555555555555], [86.6793888888889, 24.940833333333334]], [[86.67911111111111, 24.940555555555555], [86.6793888888889, 24.940555555555555], [86.6793888888889, 24.94027777777778], [86.67911111111111, 24.94027777777778], [86.67911111111111, 24.940555555555555]], [[86.51216666666667, 24.94], [86.51244444444444, 24.94], [86.51244444444444, 24.939722222222223], [86.51216666666667, 24.939722222222223], [86.51216666666667, 24.94]], [[86.51161111111111, 24.939722222222223], [86.51216666666667, 24.939722222222223], [86.51216666666667, 24.93916666666667], [86.51188888888889, 24.93916666666667], [86.51188888888889, 24.939444444444444], [86.51161111111111, 24.939444444444444], [86.51161111111111, 24.939722222222223]], [[86.68383333333334, 24.939722222222223], [86.68411111111111, 24.939722222222223], [86.68411111111111, 24.939444444444444], [86.68383333333334, 24.939444444444444], [86.68383333333334, 24.939722222222223]], [[86.57522222222222, 24.938333333333333], [86.57577777777777, 24.938333333333333], [86.57577777777777, 24.93777777777778], [86.57522222222222, 24.93777777777778], [86.57522222222222, 24.938333333333333]], [[86.52577777777778, 24.938055555555557], [86.52633333333334, 24.938055555555557], [86.52633333333334, 24.93777777777778], [86.52661111111111, 24.93777777777778], [86.52661111111111, 24.936944444444446], [86.52633333333334, 24.936944444444446], [86.52633333333334, 24.936666666666667], [86.52466666666668, 24.936666666666667], [86.52466666666668, 24.936944444444446], [86.52411111111111, 24.936944444444446], [86.52411111111111, 24.937222222222225], [86.52383333333333, 24.937222222222225], [86.52383333333333, 24.9375], [86.52411111111111, 24.9375], [86.52411111111111, 24.93777777777778], [86.52494444444444, 24.93777777777778], [86.52494444444444, 24.9375], [86.52550000000001, 24.9375], [86.52550000000001, 24.93777777777778], [86.52577777777778, 24.93777777777778], [86.52577777777778, 24.938055555555557]], [[86.67438888888888, 24.936666666666667], [86.67466666666667, 24.936666666666667], [86.67466666666667, 24.93638888888889], [86.67438888888888, 24.93638888888889], [86.67438888888888, 24.936666666666667]], [[86.61661111111111, 24.933055555555555], [86.6168888888889, 24.933055555555555], [86.6168888888889, 24.93277777777778], [86.61716666666666, 24.93277777777778], [86.61716666666666, 24.932222222222222], [86.61744444444444, 24.932222222222222], [86.61744444444444, 24.93166666666667], [86.6168888888889, 24.93166666666667], [86.6168888888889, 24.93138888888889], [86.61633333333333, 24.93138888888889], [86.61633333333333, 24.93166666666667], [86.61605555555556, 24.93166666666667], [86.61605555555556, 24.932222222222222], [86.61577777777778, 24.932222222222222], [86.61577777777778, 24.9325], [86.61605555555556, 24.9325], [86.61605555555556, 24.93277777777778], [86.61661111111111, 24.93277777777778], [86.61661111111111, 24.933055555555555]], [[86.67772222222223, 24.933055555555555], [86.678, 24.933055555555555], [86.678, 24.93277777777778], [86.67772222222223, 24.93277777777778], [86.67772222222223, 24.933055555555555]], [[86.61383333333333, 24.93277777777778], [86.6143888888889, 24.93277777777778], [86.6143888888889, 24.9325], [86.61494444444445, 24.9325], [86.61494444444445, 24.93166666666667], [86.61466666666666, 24.93166666666667], [86.61466666666666, 24.93138888888889], [86.6143888888889, 24.93138888888889], [86.6143888888889, 24.93111111111111], [86.61327777777778, 24.93111111111111], [86.61327777777778, 24.93166666666667], [86.613, 24.93166666666667], [86.613, 24.931944444444444], [86.61244444444445, 24.931944444444444], [86.61244444444445, 24.9325], [86.61383333333333, 24.9325], [86.61383333333333, 24.93277777777778]], [[86.553, 24.931944444444444], [86.55327777777778, 24.931944444444444], [86.55327777777778, 24.93166666666667], [86.553, 24.93166666666667], [86.553, 24.931944444444444]], [[86.67355555555555, 24.93166666666667], [86.67411111111112, 24.93166666666667], [86.67411111111112, 24.93138888888889], [86.67355555555555, 24.93138888888889], [86.67355555555555, 24.93166666666667]], [[86.66966666666667, 24.929166666666667], [86.6705, 24.929166666666667], [86.6705, 24.92888888888889], [86.66966666666667, 24.92888888888889], [86.66966666666667, 24.929166666666667]], [[86.66688888888889, 24.92888888888889], [86.66716666666667, 24.92888888888889], [86.66716666666667, 24.928611111111113], [86.66688888888889, 24.928611111111113], [86.66688888888889, 24.92888888888889]], [[86.66494444444444, 24.928611111111113], [86.66522222222223, 24.928611111111113], [86.66522222222223, 24.928333333333335], [86.66494444444444, 24.928333333333335], [86.66494444444444, 24.928611111111113]], [[86.65716666666667, 24.927222222222223], [86.65744444444445, 24.927222222222223], [86.65744444444445, 24.926944444444445], [86.65716666666667, 24.926944444444445], [86.65716666666667, 24.927222222222223]], [[86.54911111111112, 24.926944444444445], [86.54938888888888, 24.926944444444445], [86.54938888888888, 24.926666666666666], [86.54966666666667, 24.926666666666666], [86.54966666666667, 24.926111111111112], [86.54855555555555, 24.926111111111112], [86.54855555555555, 24.92638888888889], [86.54827777777778, 24.92638888888889], [86.54827777777778, 24.926111111111112], [86.548, 24.926111111111112], [86.548, 24.926666666666666], [86.54911111111112, 24.926666666666666], [86.54911111111112, 24.926944444444445]], [[86.57772222222222, 24.924166666666668], [86.578, 24.924166666666668], [86.578, 24.92361111111111], [86.57827777777779, 24.92361111111111], [86.57827777777779, 24.923055555555557], [86.578, 24.923055555555557], [86.578, 24.923333333333336], [86.57772222222222, 24.923333333333336], [86.57772222222222, 24.924166666666668]], [[86.57161111111111, 24.92388888888889], [86.57188888888889, 24.92388888888889], [86.57188888888889, 24.92361111111111], [86.57161111111111, 24.92361111111111], [86.57161111111111, 24.92388888888889]], [[86.57272222222223, 24.92388888888889], [86.57300000000001, 24.92388888888889], [86.57300000000001, 24.92361111111111], [86.57438888888889, 24.92361111111111], [86.57438888888889, 24.923333333333336], [86.57494444444444, 24.923333333333336], [86.57494444444444, 24.9225], [86.57383333333334, 24.9225], [86.57383333333334, 24.922777777777778], [86.57244444444444, 24.922777777777778], [86.57244444444444, 24.92361111111111], [86.57272222222223, 24.92361111111111], [86.57272222222223, 24.92388888888889]], [[86.6555, 24.92388888888889], [86.65577777777779, 24.92388888888889], [86.65577777777779, 24.92361111111111], [86.6555, 24.92361111111111], [86.6555, 24.92388888888889]], [[86.59966666666666, 24.92361111111111], [86.59994444444445, 24.92361111111111], [86.59994444444445, 24.923333333333336], [86.59966666666666, 24.923333333333336], [86.59966666666666, 24.92361111111111]], [[86.59994444444445, 24.923333333333336], [86.60022222222223, 24.923333333333336], [86.60022222222223, 24.923055555555557], [86.59994444444445, 24.923055555555557], [86.59994444444445, 24.923333333333336]], [[86.64716666666666, 24.923333333333336], [86.64744444444445, 24.923333333333336], [86.64744444444445, 24.922777777777778], [86.648, 24.922777777777778], [86.648, 24.9225], [86.64744444444445, 24.9225], [86.64744444444445, 24.922222222222224], [86.64716666666666, 24.922222222222224], [86.64716666666666, 24.9225], [86.6468888888889, 24.9225], [86.6468888888889, 24.922777777777778], [86.64716666666666, 24.922777777777778], [86.64716666666666, 24.923333333333336]], [[86.66661111111111, 24.923333333333336], [86.66688888888889, 24.923333333333336], [86.66688888888889, 24.923055555555557], [86.66661111111111, 24.923055555555557], [86.66661111111111, 24.923333333333336]], [[86.578, 24.922777777777778], [86.57827777777779, 24.922777777777778], [86.57827777777779, 24.9225], [86.578, 24.9225], [86.578, 24.922777777777778]], [[86.60883333333334, 24.921666666666667], [86.60911111111112, 24.921666666666667], [86.60911111111112, 24.921388888888888], [86.60883333333334, 24.921388888888888], [86.60883333333334, 24.921666666666667]], [[86.60855555555555, 24.921388888888888], [86.60883333333334, 24.921388888888888], [86.60883333333334, 24.921111111111113], [86.60855555555555, 24.921111111111113], [86.60855555555555, 24.921388888888888]], [[86.64661111111111, 24.921111111111113], [86.64716666666666, 24.921111111111113], [86.64716666666666, 24.920833333333334], [86.64661111111111, 24.920833333333334], [86.64661111111111, 24.921111111111113]], [[86.5805, 24.920555555555556], [86.58077777777778, 24.920555555555556], [86.58077777777778, 24.920277777777777], [86.5805, 24.920277777777777], [86.5805, 24.920555555555556]], [[86.55716666666667, 24.920277777777777], [86.55744444444444, 24.920277777777777], [86.55744444444444, 24.92], [86.55716666666667, 24.92], [86.55716666666667, 24.920277777777777]], [[86.64661111111111, 24.919722222222223], [86.64716666666666, 24.919722222222223], [86.64716666666666, 24.91916666666667], [86.6468888888889, 24.91916666666667], [86.6468888888889, 24.919444444444444], [86.64661111111111, 24.919444444444444], [86.64661111111111, 24.919722222222223]], [[86.64272222222222, 24.919444444444444], [86.643, 24.919444444444444], [86.643, 24.91916666666667], [86.64272222222222, 24.91916666666667], [86.64272222222222, 24.919444444444444]], [[86.64633333333333, 24.91916666666667], [86.6468888888889, 24.91916666666667], [86.6468888888889, 24.91861111111111], [86.64605555555556, 24.91861111111111], [86.64605555555556, 24.91888888888889], [86.64633333333333, 24.91888888888889], [86.64633333333333, 24.91916666666667]], [[86.64744444444445, 24.91916666666667], [86.648, 24.91916666666667], [86.648, 24.91888888888889], [86.64744444444445, 24.91888888888889], [86.64744444444445, 24.91916666666667]], [[86.56022222222222, 24.91722222222222], [86.5605, 24.91722222222222], [86.5605, 24.916944444444447], [86.56022222222222, 24.916944444444447], [86.56022222222222, 24.91722222222222]], [[86.65133333333334, 24.916944444444447], [86.65161111111111, 24.916944444444447], [86.65161111111111, 24.916666666666668], [86.65133333333334, 24.916666666666668], [86.65133333333334, 24.916944444444447]], [[86.55744444444444, 24.916666666666668], [86.55772222222222, 24.916666666666668], [86.55772222222222, 24.91638888888889], [86.55744444444444, 24.91638888888889], [86.55744444444444, 24.916666666666668]], [[86.5605, 24.916666666666668], [86.56077777777779, 24.916666666666668], [86.56077777777779, 24.91638888888889], [86.5605, 24.91638888888889], [86.5605, 24.916666666666668]], [[86.64883333333333, 24.916666666666668], [86.64911111111111, 24.916666666666668], [86.64911111111111, 24.91638888888889], [86.64883333333333, 24.91638888888889], [86.64883333333333, 24.916666666666668]], [[86.65161111111111, 24.91611111111111], [86.65188888888889, 24.91611111111111], [86.65188888888889, 24.915833333333335], [86.65161111111111, 24.915833333333335], [86.65161111111111, 24.91611111111111]], [[86.598, 24.915555555555557], [86.59883333333333, 24.915555555555557], [86.59883333333333, 24.915277777777778], [86.59855555555556, 24.915277777777778], [86.59855555555556, 24.915], [86.59772222222223, 24.915], [86.59772222222223, 24.914722222222224], [86.59716666666667, 24.914722222222224], [86.59716666666667, 24.915277777777778], [86.598, 24.915277777777778], [86.598, 24.915555555555557]], [[86.65688888888889, 24.913611111111113], [86.65744444444445, 24.913611111111113], [86.65744444444445, 24.913333333333334], [86.65688888888889, 24.913333333333334], [86.65688888888889, 24.913611111111113]], [[86.568, 24.9125], [86.56827777777778, 24.9125], [86.56827777777778, 24.912222222222223], [86.568, 24.912222222222223], [86.568, 24.9125]], [[86.56383333333333, 24.912222222222223], [86.56411111111112, 24.912222222222223], [86.56411111111112, 24.911944444444444], [86.56383333333333, 24.911944444444444], [86.56383333333333, 24.912222222222223]], [[86.56716666666667, 24.91138888888889], [86.56744444444445, 24.91138888888889], [86.56744444444445, 24.91111111111111], [86.56716666666667, 24.91111111111111], [86.56716666666667, 24.91138888888889]], [[86.55994444444444, 24.91111111111111], [86.56022222222222, 24.91111111111111], [86.56022222222222, 24.910833333333333], [86.55994444444444, 24.910833333333333], [86.55994444444444, 24.91111111111111]], [[86.6018888888889, 24.90888888888889], [86.60272222222223, 24.90888888888889], [86.60272222222223, 24.908333333333335], [86.60300000000001, 24.908333333333335], [86.60300000000001, 24.908055555555556], [86.60327777777778, 24.908055555555556], [86.60327777777778, 24.907777777777778], [86.60244444444444, 24.907777777777778], [86.60244444444444, 24.908055555555556], [86.60216666666668, 24.908055555555556], [86.60216666666668, 24.908611111111114], [86.6018888888889, 24.908611111111114], [86.6018888888889, 24.90888888888889]], [[86.6443888888889, 24.908333333333335], [86.64466666666667, 24.908333333333335], [86.64466666666667, 24.908055555555556], [86.6443888888889, 24.908055555555556], [86.6443888888889, 24.908333333333335]], [[86.59994444444445, 24.907222222222224], [86.60022222222223, 24.907222222222224], [86.60022222222223, 24.906944444444445], [86.59994444444445, 24.906944444444445], [86.59994444444445, 24.907222222222224]], [[86.60383333333334, 24.906944444444445], [86.60411111111111, 24.906944444444445], [86.60411111111111, 24.906666666666666], [86.60383333333334, 24.906666666666666], [86.60383333333334, 24.906944444444445]], [[86.59966666666666, 24.90638888888889], [86.59994444444445, 24.90638888888889], [86.59994444444445, 24.906111111111112], [86.59966666666666, 24.906111111111112], [86.59966666666666, 24.90638888888889]], [[86.6593888888889, 24.905555555555555], [86.65966666666667, 24.905555555555555], [86.65966666666667, 24.90527777777778], [86.6593888888889, 24.90527777777778], [86.6593888888889, 24.905555555555555]], [[86.63244444444445, 24.904722222222222], [86.633, 24.904722222222222], [86.633, 24.904444444444444], [86.63244444444445, 24.904444444444444], [86.63244444444445, 24.904722222222222]], [[86.66411111111111, 24.90388888888889], [86.6643888888889, 24.90388888888889], [86.6643888888889, 24.90361111111111], [86.66411111111111, 24.90361111111111], [86.66411111111111, 24.90388888888889]], [[86.62438888888889, 24.901111111111113], [86.62494444444445, 24.901111111111113], [86.62494444444445, 24.900833333333335], [86.62438888888889, 24.900833333333335], [86.62438888888889, 24.901111111111113]], [[86.65022222222223, 24.900833333333335], [86.65050000000001, 24.900833333333335], [86.65050000000001, 24.900277777777777], [86.64994444444444, 24.900277777777777], [86.64994444444444, 24.900555555555556], [86.65022222222223, 24.900555555555556], [86.65022222222223, 24.900833333333335]], [[86.62105555555556, 24.900277777777777], [86.62133333333334, 24.900277777777777], [86.62133333333334, 24.900000000000002], [86.62105555555556, 24.900000000000002], [86.62105555555556, 24.900277777777777]], [[86.62244444444444, 24.900000000000002], [86.62272222222222, 24.900000000000002], [86.62272222222222, 24.899722222222223], [86.62244444444444, 24.899722222222223], [86.62244444444444, 24.900000000000002]], [[86.62411111111112, 24.899722222222223], [86.62494444444445, 24.899722222222223], [86.62494444444445, 24.899444444444445], [86.62438888888889, 24.899444444444445], [86.62438888888889, 24.899166666666666], [86.62383333333334, 24.899166666666666], [86.62383333333334, 24.899444444444445], [86.62411111111112, 24.899444444444445], [86.62411111111112, 24.899722222222223]], [[86.62772222222222, 24.89888888888889], [86.628, 24.89888888888889], [86.628, 24.898611111111112], [86.62772222222222, 24.898611111111112], [86.62772222222222, 24.89888888888889]], [[86.6455, 24.8975], [86.64577777777778, 24.8975], [86.64577777777778, 24.896944444444447], [86.64522222222223, 24.896944444444447], [86.64522222222223, 24.897222222222222], [86.6455, 24.897222222222222], [86.6455, 24.8975]], [[86.65633333333334, 24.8975], [86.65688888888889, 24.8975], [86.65688888888889, 24.897222222222222], [86.65716666666667, 24.897222222222222], [86.65716666666667, 24.89666666666667], [86.65688888888889, 24.89666666666667], [86.65688888888889, 24.89638888888889], [86.65661111111112, 24.89638888888889], [86.65661111111112, 24.89611111111111], [86.65577777777779, 24.89611111111111], [86.65577777777779, 24.895833333333336], [86.65383333333334, 24.895833333333336], [86.65383333333334, 24.89638888888889], [86.65438888888889, 24.89638888888889], [86.65438888888889, 24.89666666666667], [86.65494444444445, 24.89666666666667], [86.65494444444445, 24.896944444444447], [86.6555, 24.896944444444447], [86.6555, 24.897222222222222], [86.65633333333334, 24.897222222222222], [86.65633333333334, 24.8975]], [[86.64633333333333, 24.89638888888889], [86.6468888888889, 24.89638888888889], [86.6468888888889, 24.89611111111111], [86.64633333333333, 24.89611111111111], [86.64633333333333, 24.89638888888889]], [[86.64161111111112, 24.89611111111111], [86.64188888888889, 24.89611111111111], [86.64188888888889, 24.895833333333336], [86.64161111111112, 24.895833333333336], [86.64161111111112, 24.89611111111111]], [[86.64188888888889, 24.894722222222224], [86.64216666666667, 24.894722222222224], [86.64216666666667, 24.894444444444446], [86.64188888888889, 24.894444444444446], [86.64188888888889, 24.894722222222224]]]}}, {"id": "1", "type": "Feature", "properties": {"zone_id": 2, "lead_time": "30 - 60 mins (High Hazard)", "color": "#f97316"}, "geometry": {"type": "MultiPolygon", "coordinates": [[[[86.5755, 24.90138888888889], [86.57605555555556, 24.90138888888889], [86.57605555555556, 24.901111111111113], [86.5755, 24.901111111111113], [86.5755, 24.90138888888889]]], [[[86.57272222222223, 24.90138888888889], [86.57244444444444, 24.90138888888889], [86.57244444444444, 24.901111111111113], [86.57272222222223, 24.901111111111113], [86.57272222222223, 24.900833333333335], [86.57161111111111, 24.900833333333335], [86.57161111111111, 24.90138888888889], [86.57188888888889, 24.90138888888889], [86.57188888888889, 24.901666666666667], [86.57216666666667, 24.901666666666667], [86.57216666666667, 24.901944444444446], [86.57244444444444, 24.901944444444446], [86.57244444444444, 24.901666666666667], [86.57272222222223, 24.901666666666667], [86.57272222222223, 24.90138888888889]]], [[[86.57688888888889, 24.90277777777778], [86.57744444444445, 24.90277777777778], [86.57744444444445, 24.9025], [86.57688888888889, 24.9025], [86.57688888888889, 24.90277777777778]]], [[[86.5441111111111, 24.909166666666668], [86.54383333333334, 24.909166666666668], [86.54383333333334, 24.909444444444446], [86.5441111111111, 24.909444444444446], [86.5441111111111, 24.909166666666668]]], [[[86.5441111111111, 24.90972222222222], [86.54438888888889, 24.90972222222222], [86.54438888888889, 24.909444444444446], [86.5441111111111, 24.909444444444446], [86.5441111111111, 24.90972222222222]]], [[[86.5393888888889, 24.91388888888889], [86.53966666666668, 24.91388888888889], [86.53966666666668, 24.913611111111113], [86.53994444444444, 24.913611111111113], [86.53994444444444, 24.913333333333334], [86.54022222222223, 24.913333333333334], [86.54022222222223, 24.913055555555555], [86.54077777777778, 24.913055555555555], [86.54077777777778, 24.913333333333334], [86.54105555555556, 24.913333333333334], [86.54105555555556, 24.9125], [86.54188888888889, 24.9125], [86.54188888888889, 24.912222222222223], [86.54133333333334, 24.912222222222223], [86.54133333333334, 24.911944444444444], [86.54105555555556, 24.911944444444444], [86.54105555555556, 24.91138888888889], [86.54133333333334, 24.91138888888889], [86.54133333333334, 24.91111111111111], [86.54161111111111, 24.91111111111111], [86.54161111111111, 24.910833333333333], [86.54188888888889, 24.910833333333333], [86.54188888888889, 24.910555555555558], [86.54216666666667, 24.910555555555558], [86.54216666666667, 24.91027777777778], [86.54272222222222, 24.91027777777778], [86.54272222222222, 24.91], [86.543, 24.91], [86.543, 24.909444444444446], [86.54327777777777, 24.909444444444446], [86.54327777777777, 24.909166666666668], [86.54383333333334, 24.909166666666668], [86.54383333333334, 24.907777777777778], [86.54355555555556, 24.907777777777778], [86.54355555555556, 24.907222222222224], [86.54383333333334, 24.907222222222224], [86.54383333333334, 24.906944444444445], [86.54327777777777, 24.906944444444445], [86.54327777777777, 24.906666666666666], [86.54355555555556, 24.906666666666666], [86.54355555555556, 24.90638888888889], [86.54383333333334, 24.90638888888889], [86.54383333333334, 24.906111111111112], [86.54327777777777, 24.906111111111112], [86.54327777777777, 24.90638888888889], [86.54272222222222, 24.90638888888889], [86.54272222222222, 24.906666666666666], [86.54244444444444, 24.906666666666666], [86.54244444444444, 24.906944444444445], [86.54272222222222, 24.906944444444445], [86.54272222222222, 24.907222222222224], [86.543, 24.907222222222224], [86.543, 24.907500000000002], [86.54272222222222, 24.907500000000002], [86.54272222222222, 24.908055555555556], [86.54244444444444, 24.908055555555556], [86.54244444444444, 24.908611111111114], [86.54272222222222, 24.908611111111114], [86.54272222222222, 24.90888888888889], [86.543, 24.90888888888889], [86.543, 24.909166666666668], [86.54244444444444, 24.909166666666668], [86.54244444444444, 24.909444444444446], [86.54216666666667, 24.909444444444446], [86.54216666666667, 24.90972222222222], [86.54244444444444, 24.90972222222222], [86.54244444444444, 24.91], [86.54105555555556, 24.91], [86.54105555555556, 24.91027777777778], [86.54077777777778, 24.91027777777778], [86.54077777777778, 24.91], [86.54022222222223, 24.91], [86.54022222222223, 24.91111111111111], [86.53994444444444, 24.91111111111111], [86.53994444444444, 24.91166666666667], [86.5393888888889, 24.91166666666667], [86.5393888888889, 24.911944444444444], [86.53855555555556, 24.911944444444444], [86.53855555555556, 24.9125], [86.53827777777778, 24.9125], [86.53827777777778, 24.91277777777778], [86.53744444444445, 24.91277777777778], [86.53744444444445, 24.913055555555555], [86.53661111111111, 24.913055555555555], [86.53661111111111, 24.91277777777778], [86.53605555555556, 24.91277777777778], [86.53605555555556, 24.913333333333334], [86.53661111111111, 24.913333333333334], [86.53661111111111, 24.913611111111113], [86.53633333333333, 24.913611111111113], [86.53633333333333, 24.914166666666667], [86.53772222222223, 24.914166666666667], [86.53772222222223, 24.91388888888889], [86.53855555555556, 24.91388888888889], [86.53855555555556, 24.914166666666667], [86.53883333333333, 24.914166666666667], [86.53883333333333, 24.914444444444445], [86.53911111111111, 24.914444444444445], [86.53911111111111, 24.914166666666667], [86.5393888888889, 24.914166666666667], [86.5393888888889, 24.91388888888889]]], [[[86.58133333333333, 24.91027777777778], [86.58105555555555, 24.91027777777778], [86.58105555555555, 24.910833333333333], [86.58133333333333, 24.910833333333333], [86.58133333333333, 24.91111111111111], [86.58161111111112, 24.91111111111111], [86.58161111111112, 24.910555555555558], [86.58133333333333, 24.910555555555558], [86.58133333333333, 24.91027777777778]]], [[[86.51994444444445, 24.925], [86.52022222222223, 24.925], [86.52022222222223, 24.924166666666668], [86.51994444444445, 24.924166666666668], [86.51994444444445, 24.92388888888889], [86.51966666666667, 24.92388888888889], [86.51966666666667, 24.923055555555557], [86.5193888888889, 24.923055555555557], [86.5193888888889, 24.923333333333336], [86.51911111111112, 24.923333333333336], [86.51911111111112, 24.924166666666668], [86.51883333333333, 24.924166666666668], [86.51883333333333, 24.924444444444447], [86.51911111111112, 24.924444444444447], [86.51911111111112, 24.924722222222222], [86.5193888888889, 24.924722222222222], [86.5193888888889, 24.925555555555558], [86.51966666666667, 24.925555555555558], [86.51966666666667, 24.92527777777778], [86.51994444444445, 24.92527777777778], [86.51994444444445, 24.925]]], [[[86.51327777777777, 24.927777777777777], [86.51327777777777, 24.927500000000002], [86.51272222222222, 24.927500000000002], [86.51272222222222, 24.927222222222223], [86.51161111111111, 24.927222222222223], [86.51161111111111, 24.927500000000002], [86.51105555555556, 24.927500000000002], [86.51105555555556, 24.927777777777777], [86.51244444444444, 24.927777777777777], [86.51244444444444, 24.928055555555556], [86.51272222222222, 24.928055555555556], [86.51272222222222, 24.928333333333335], [86.51327777777777, 24.928333333333335], [86.51327777777777, 24.928055555555556], [86.51355555555556, 24.928055555555556], [86.51355555555556, 24.927777777777777], [86.51327777777777, 24.927777777777777]]], [[[86.50411111111111, 24.937222222222225], [86.50411111111111, 24.9375], [86.5043888888889, 24.9375], [86.5043888888889, 24.93777777777778], [86.50466666666667, 24.93777777777778], [86.50466666666667, 24.936944444444446], [86.50327777777778, 24.936944444444446], [86.50327777777778, 24.937222222222225], [86.50411111111111, 24.937222222222225]]], [[[86.58272222222223, 24.907500000000002], [86.58244444444445, 24.907500000000002], [86.58244444444445, 24.908055555555556], [86.583, 24.908055555555556], [86.583, 24.907777777777778], [86.58272222222223, 24.907777777777778], [86.58272222222223, 24.907500000000002]]], [[[86.74744444444444, 24.96027777777778], [86.74772222222222, 24.96027777777778], [86.74772222222222, 24.96], [86.74827777777779, 24.96], [86.74827777777779, 24.959722222222222], [86.748, 24.959722222222222], [86.748, 24.95916666666667], [86.74772222222222, 24.95916666666667], [86.74772222222222, 24.95888888888889], [86.74744444444444, 24.95888888888889], [86.74744444444444, 24.958055555555557], [86.74716666666667, 24.958055555555557], [86.74716666666667, 24.95861111111111], [86.74688888888889, 24.95861111111111], [86.74688888888889, 24.95916666666667], [86.74633333333334, 24.95916666666667], [86.74633333333334, 24.95888888888889], [86.74605555555556, 24.95888888888889], [86.74605555555556, 24.959444444444447], [86.74633333333334, 24.959444444444447], [86.74633333333334, 24.959722222222222], [86.74661111111111, 24.959722222222222], [86.74661111111111, 24.96], [86.74688888888889, 24.96], [86.74688888888889, 24.960833333333333], [86.74716666666667, 24.960833333333333], [86.74716666666667, 24.960555555555555], [86.74744444444444, 24.960555555555555], [86.74744444444444, 24.96027777777778]]], [[[86.75577777777778, 24.960555555555555], [86.75605555555556, 24.960555555555555], [86.75605555555556, 24.96027777777778], [86.75633333333333, 24.96027777777778], [86.75633333333333, 24.96], [86.7568888888889, 24.96], [86.7568888888889, 24.959722222222222], [86.75661111111111, 24.959722222222222], [86.75661111111111, 24.959444444444447], [86.75633333333333, 24.959444444444447], [86.75633333333333, 24.95916666666667], [86.75605555555556, 24.95916666666667], [86.75605555555556, 24.95888888888889], [86.75577777777778, 24.95888888888889], [86.75577777777778, 24.95861111111111], [86.7555, 24.95861111111111], [86.7555, 24.96027777777778], [86.75522222222223, 24.96027777777778], [86.75522222222223, 24.960555555555555], [86.75494444444445, 24.960555555555555], [86.75494444444445, 24.960833333333333], [86.7555, 24.960833333333333], [86.7555, 24.961111111111112], [86.75605555555556, 24.961111111111112], [86.75605555555556, 24.960833333333333], [86.75577777777778, 24.960833333333333], [86.75577777777778, 24.960555555555555]]], [[[86.76383333333334, 24.96138888888889], [86.76383333333334, 24.960833333333333], [86.76327777777777, 24.960833333333333], [86.76327777777777, 24.960555555555555], [86.763, 24.960555555555555], [86.763, 24.96], [86.76216666666667, 24.96], [86.76216666666667, 24.959722222222222], [86.76161111111111, 24.959722222222222], [86.76161111111111, 24.959444444444447], [86.76133333333334, 24.959444444444447], [86.76133333333334, 24.95888888888889], [86.76105555555556, 24.95888888888889], [86.76105555555556, 24.95861111111111], [86.76022222222223, 24.95861111111111], [86.76022222222223, 24.958333333333336], [86.75911111111111, 24.958333333333336], [86.75911111111111, 24.95861111111111], [86.75938888888889, 24.95861111111111], [86.75938888888889, 24.95888888888889], [86.75994444444444, 24.95888888888889], [86.75994444444444, 24.959444444444447], [86.76022222222223, 24.959444444444447], [86.76022222222223, 24.96], [86.76050000000001, 24.96], [86.76050000000001, 24.960555555555555], [86.76077777777778, 24.960555555555555], [86.76077777777778, 24.96027777777778], [86.76133333333334, 24.96027777777778], [86.76133333333334, 24.960555555555555], [86.76161111111111, 24.960555555555555], [86.76161111111111, 24.960833333333333], [86.76188888888889, 24.960833333333333], [86.76188888888889, 24.961111111111112], [86.76216666666667, 24.961111111111112], [86.76216666666667, 24.961666666666666], [86.76244444444444, 24.961666666666666], [86.76244444444444, 24.96138888888889], [86.76327777777777, 24.96138888888889], [86.76327777777777, 24.961666666666666], [86.76411111111112, 24.961666666666666], [86.76411111111112, 24.961944444444445], [86.76494444444445, 24.961944444444445], [86.76494444444445, 24.961666666666666], [86.76438888888889, 24.961666666666666], [86.76438888888889, 24.96138888888889], [86.76383333333334, 24.96138888888889]]], [[[86.76272222222222, 24.964166666666667], [86.76272222222222, 24.964444444444446], [86.763, 24.964444444444446], [86.763, 24.963611111111113], [86.76244444444444, 24.963611111111113], [86.76244444444444, 24.964166666666667], [86.76272222222222, 24.964166666666667]]], [[[86.76855555555555, 24.96611111111111], [86.76855555555555, 24.965833333333332], [86.76883333333333, 24.965833333333332], [86.76883333333333, 24.965555555555557], [86.76827777777778, 24.965555555555557], [86.76827777777778, 24.96611111111111], [86.76855555555555, 24.96611111111111]]], [[[86.7693888888889, 24.96638888888889], [86.7693888888889, 24.96666666666667], [86.76966666666667, 24.96666666666667], [86.76966666666667, 24.96611111111111], [86.7693888888889, 24.96611111111111], [86.7693888888889, 24.965833333333332], [86.76883333333333, 24.965833333333332], [86.76883333333333, 24.96611111111111], [86.76911111111112, 24.96611111111111], [86.76911111111112, 24.96638888888889], [86.7693888888889, 24.96638888888889]]], [[[86.76966666666667, 24.966944444444444], [86.7693888888889, 24.966944444444444], [86.7693888888889, 24.967222222222222], [86.76994444444445, 24.967222222222222], [86.76994444444445, 24.96666666666667], [86.76966666666667, 24.96666666666667], [86.76966666666667, 24.966944444444444]]], [[[86.7705, 24.966944444444444], [86.7705, 24.967222222222222], [86.77022222222223, 24.967222222222222], [86.77022222222223, 24.96777777777778], [86.77105555555556, 24.96777777777778], [86.77105555555556, 24.9675], [86.77077777777778, 24.9675], [86.77077777777778, 24.966944444444444], [86.7705, 24.966944444444444]]], [[[86.79188888888889, 24.986666666666668], [86.79188888888889, 24.98638888888889], [86.79216666666667, 24.98638888888889], [86.79216666666667, 24.98611111111111], [86.79244444444444, 24.98611111111111], [86.79244444444444, 24.985833333333336], [86.79272222222222, 24.985833333333336], [86.79272222222222, 24.985555555555557], [86.793, 24.985555555555557], [86.793, 24.985277777777778], [86.79327777777777, 24.985277777777778], [86.79327777777777, 24.985], [86.79355555555556, 24.985], [86.79355555555556, 24.984722222222224], [86.79383333333334, 24.984722222222224], [86.79383333333334, 24.984444444444446], [86.7941111111111, 24.984444444444446], [86.7941111111111, 24.984166666666667], [86.79438888888889, 24.984166666666667], [86.79438888888889, 24.983888888888888], [86.79466666666667, 24.983888888888888], [86.79466666666667, 24.983611111111113], [86.79494444444445, 24.983611111111113], [86.79494444444445, 24.983333333333334], [86.79522222222222, 24.983333333333334], [86.79522222222222, 24.983055555555556], [86.7955, 24.983055555555556], [86.7955, 24.982777777777777], [86.79577777777779, 24.982777777777777], [86.79577777777779, 24.9825], [86.79605555555555, 24.9825], [86.79605555555555, 24.982222222222223], [86.79633333333334, 24.982222222222223], [86.79633333333334, 24.981944444444444], [86.79661111111112, 24.981944444444444], [86.79661111111112, 24.98166666666667], [86.79688888888889, 24.98166666666667], [86.79688888888889, 24.98138888888889], [86.79661111111112, 24.98138888888889], [86.79661111111112, 24.98111111111111], [86.79633333333334, 24.98111111111111], [86.79633333333334, 24.980833333333333], [86.79605555555555, 24.980833333333333], [86.79605555555555, 24.980555555555558], [86.79577777777779, 24.980555555555558], [86.79577777777779, 24.98027777777778], [86.7955, 24.98027777777778], [86.7955, 24.98], [86.79522222222222, 24.98], [86.79522222222222, 24.97972222222222], [86.79494444444445, 24.97972222222222], [86.79494444444445, 24.979444444444447], [86.79466666666667, 24.979444444444447], [86.79466666666667, 24.979166666666668], [86.79438888888889, 24.979166666666668], [86.79438888888889, 24.97888888888889], [86.7941111111111, 24.97888888888889], [86.7941111111111, 24.97861111111111], [86.79383333333334, 24.97861111111111], [86.79383333333334, 24.978333333333335], [86.79355555555556, 24.978333333333335], [86.79355555555556, 24.978055555555557], [86.79327777777777, 24.978055555555557], [86.79327777777777, 24.977777777777778], [86.793, 24.977777777777778], [86.793, 24.9775], [86.79272222222222, 24.9775], [86.79272222222222, 24.977222222222224], [86.79244444444444, 24.977222222222224], [86.79244444444444, 24.976944444444445], [86.79216666666667, 24.976944444444445], [86.79216666666667, 24.976666666666667], [86.79188888888889, 24.976666666666667], [86.79188888888889, 24.97638888888889], [86.79161111111111, 24.97638888888889], [86.79161111111111, 24.976111111111113], [86.79133333333334, 24.976111111111113], [86.79133333333334, 24.975833333333334], [86.79105555555556, 24.975833333333334], [86.79105555555556, 24.975555555555555], [86.79077777777778, 24.975555555555555], [86.79077777777778, 24.97527777777778], [86.79050000000001, 24.97527777777778], [86.79050000000001, 24.975], [86.79022222222223, 24.975], [86.79022222222223, 24.974722222222223], [86.78994444444444, 24.974722222222223], [86.78994444444444, 24.974444444444444], [86.78966666666668, 24.974444444444444], [86.78966666666668, 24.97416666666667], [86.7893888888889, 24.97416666666667], [86.7893888888889, 24.97388888888889], [86.78911111111111, 24.97388888888889], [86.78911111111111, 24.97361111111111], [86.78883333333333, 24.97361111111111], [86.78883333333333, 24.973333333333333], [86.78827777777778, 24.973333333333333], [86.78827777777778, 24.973055555555558], [86.788, 24.973055555555558], [86.788, 24.97277777777778], [86.78744444444445, 24.97277777777778], [86.78744444444445, 24.9725], [86.7868888888889, 24.9725], [86.7868888888889, 24.971944444444446], [86.78716666666666, 24.971944444444446], [86.78716666666666, 24.971666666666668], [86.7868888888889, 24.971666666666668], [86.7868888888889, 24.97138888888889], [86.78661111111111, 24.97138888888889], [86.78661111111111, 24.971111111111114], [86.78633333333333, 24.971111111111114], [86.78633333333333, 24.970833333333335], [86.78605555555556, 24.970833333333335], [86.78605555555556, 24.971666666666668], [86.7855, 24.971666666666668], [86.7855, 24.97138888888889], [86.78494444444445, 24.97138888888889], [86.78494444444445, 24.971111111111114], [86.78466666666667, 24.971111111111114], [86.78466666666667, 24.970833333333335], [86.7855, 24.970833333333335], [86.7855, 24.970555555555556], [86.78577777777778, 24.970555555555556], [86.78577777777778, 24.970277777777778], [86.7855, 24.970277777777778], [86.7855, 24.970000000000002], [86.78522222222223, 24.970000000000002], [86.78522222222223, 24.969722222222224], [86.78411111111112, 24.969722222222224], [86.78411111111112, 24.969166666666666], [86.78355555555555, 24.969166666666666], [86.78355555555555, 24.968611111111112], [86.78383333333333, 24.968611111111112], [86.78383333333333, 24.968333333333334], [86.78355555555555, 24.968333333333334], [86.78355555555555, 24.968055555555555], [86.78327777777778, 24.968055555555555], [86.78327777777778, 24.96777777777778], [86.783, 24.96777777777778], [86.783, 24.9675], [86.78272222222222, 24.9675], [86.78272222222222, 24.967222222222222], [86.78244444444445, 24.967222222222222], [86.78244444444445, 24.966944444444444], [86.78216666666667, 24.966944444444444], [86.78216666666667, 24.96666666666667], [86.78188888888889, 24.96666666666667], [86.78188888888889, 24.96638888888889], [86.78161111111112, 24.96638888888889], [86.78161111111112, 24.96611111111111], [86.78133333333334, 24.96611111111111], [86.78133333333334, 24.965833333333332], [86.78105555555555, 24.965833333333332], [86.78105555555555, 24.965555555555557], [86.78077777777779, 24.965555555555557], [86.78077777777779, 24.96527777777778], [86.7805, 24.96527777777778], [86.7805, 24.965], [86.78022222222222, 24.965], [86.78022222222222, 24.964722222222225], [86.77994444444445, 24.964722222222225], [86.77994444444445, 24.964444444444446], [86.77966666666667, 24.964444444444446], [86.77966666666667, 24.964166666666667], [86.77938888888889, 24.964166666666667], [86.77938888888889, 24.96388888888889], [86.7791111111111, 24.96388888888889], [86.7791111111111, 24.963611111111113], [86.77883333333334, 24.963611111111113], [86.77883333333334, 24.963333333333335], [86.77855555555556, 24.963333333333335], [86.77855555555556, 24.963055555555556], [86.77827777777777, 24.963055555555556], [86.77827777777777, 24.962777777777777], [86.778, 24.962777777777777], [86.778, 24.962500000000002], [86.77772222222222, 24.962500000000002], [86.77772222222222, 24.962222222222223], [86.77744444444444, 24.962222222222223], [86.77744444444444, 24.962500000000002], [86.77716666666667, 24.962500000000002], [86.77716666666667, 24.962777777777777], [86.77688888888889, 24.962777777777777], [86.77688888888889, 24.963055555555556], [86.77661111111111, 24.963055555555556], [86.77661111111111, 24.963333333333335], [86.77633333333334, 24.963333333333335], [86.77633333333334, 24.963611111111113], [86.77605555555556, 24.963611111111113], [86.77605555555556, 24.96388888888889], [86.77577777777778, 24.96388888888889], [86.77577777777778, 24.964166666666667], [86.77550000000001, 24.964166666666667], [86.77550000000001, 24.964444444444446], [86.77522222222223, 24.964444444444446], [86.77522222222223, 24.964722222222225], [86.77494444444444, 24.964722222222225], [86.77494444444444, 24.965], [86.77466666666668, 24.965], [86.77466666666668, 24.96527777777778], [86.7743888888889, 24.96527777777778], [86.7743888888889, 24.965555555555557], [86.77411111111111, 24.965555555555557], [86.77411111111111, 24.965833333333332], [86.77383333333333, 24.965833333333332], [86.77383333333333, 24.96611111111111], [86.77355555555556, 24.96611111111111], [86.77355555555556, 24.96638888888889], [86.77327777777778, 24.96638888888889], [86.77327777777778, 24.966944444444444], [86.77355555555556, 24.966944444444444], [86.77355555555556, 24.968055555555555], [86.77383333333333, 24.968055555555555], [86.77383333333333, 24.968333333333334], [86.77411111111111, 24.968333333333334], [86.77411111111111, 24.968611111111112], [86.7743888888889, 24.968611111111112], [86.7743888888889, 24.96888888888889], [86.77494444444444, 24.96888888888889], [86.77494444444444, 24.969166666666666], [86.77522222222223, 24.969166666666666], [86.77522222222223, 24.969444444444445], [86.77550000000001, 24.969444444444445], [86.77550000000001, 24.970000000000002], [86.77577777777778, 24.970000000000002], [86.77577777777778, 24.969166666666666], [86.77605555555556, 24.969166666666666], [86.77605555555556, 24.96888888888889], [86.77633333333334, 24.96888888888889], [86.77633333333334, 24.968611111111112], [86.77661111111111, 24.968611111111112], [86.77661111111111, 24.968333333333334], [86.77688888888889, 24.968333333333334], [86.77688888888889, 24.968055555555555], [86.77716666666667, 24.968055555555555], [86.77716666666667, 24.96777777777778], [86.77744444444444, 24.96777777777778], [86.77744444444444, 24.9675], [86.77772222222222, 24.9675], [86.77772222222222, 24.967222222222222], [86.778, 24.967222222222222], [86.778, 24.9675], [86.77855555555556, 24.9675], [86.77855555555556, 24.96777777777778], [86.7791111111111, 24.96777777777778], [86.7791111111111, 24.968055555555555], [86.77938888888889, 24.968055555555555], [86.77938888888889, 24.968333333333334], [86.77966666666667, 24.968333333333334], [86.77966666666667, 24.968611111111112], [86.77994444444445, 24.968611111111112], [86.77994444444445, 24.96888888888889], [86.78022222222222, 24.96888888888889], [86.78022222222222, 24.969166666666666], [86.7805, 24.969166666666666], [86.7805, 24.969444444444445], [86.78077777777779, 24.969444444444445], [86.78077777777779, 24.969722222222224], [86.78105555555555, 24.969722222222224], [86.78105555555555, 24.970000000000002], [86.78133333333334, 24.970000000000002], [86.78133333333334, 24.970277777777778], [86.78161111111112, 24.970277777777778], [86.78161111111112, 24.970555555555556], [86.78188888888889, 24.970555555555556], [86.78188888888889, 24.970833333333335], [86.78216666666667, 24.970833333333335], [86.78216666666667, 24.971111111111114], [86.78244444444445, 24.971111111111114], [86.78244444444445, 24.97138888888889], [86.78355555555555, 24.97138888888889], [86.78355555555555, 24.971666666666668], [86.78411111111112, 24.971666666666668], [86.78411111111112, 24.971944444444446], [86.78494444444445, 24.971944444444446], [86.78494444444445, 24.97222222222222], [86.78522222222223, 24.97222222222222], [86.78522222222223, 24.9725], [86.7855, 24.9725], [86.7855, 24.97277777777778], [86.78577777777778, 24.97277777777778], [86.78577777777778, 24.973055555555558], [86.78633333333333, 24.973055555555558], [86.78633333333333, 24.973333333333333], [86.78661111111111, 24.973333333333333], [86.78661111111111, 24.97361111111111], [86.7868888888889, 24.97361111111111], [86.7868888888889, 24.97388888888889], [86.78716666666666, 24.97388888888889], [86.78716666666666, 24.97416666666667], [86.78744444444445, 24.97416666666667], [86.78744444444445, 24.974444444444444], [86.78772222222223, 24.974444444444444], [86.78772222222223, 24.974722222222223], [86.788, 24.974722222222223], [86.788, 24.975], [86.78827777777778, 24.975], [86.78827777777778, 24.97527777777778], [86.78855555555556, 24.97527777777778], [86.78855555555556, 24.975555555555555], [86.78883333333333, 24.975555555555555], [86.78883333333333, 24.976111111111113], [86.78911111111111, 24.976111111111113], [86.78911111111111, 24.97638888888889], [86.78883333333333, 24.97638888888889], [86.78883333333333, 24.976666666666667], [86.78855555555556, 24.976666666666667], [86.78855555555556, 24.976944444444445], [86.78827777777778, 24.976944444444445], [86.78827777777778, 24.977222222222224], [86.78883333333333, 24.977222222222224], [86.78883333333333, 24.9775], [86.78911111111111, 24.9775], [86.78911111111111, 24.977777777777778], [86.7893888888889, 24.977777777777778], [86.7893888888889, 24.9775], [86.78966666666668, 24.9775], [86.78966666666668, 24.977777777777778], [86.78994444444444, 24.977777777777778], [86.78994444444444, 24.978055555555557], [86.79022222222223, 24.978055555555557], [86.79022222222223, 24.978333333333335], [86.79188888888889, 24.978333333333335], [86.79188888888889, 24.97861111111111], [86.79244444444444, 24.97861111111111], [86.79244444444444, 24.97888888888889], [86.79272222222222, 24.97888888888889], [86.79272222222222, 24.979166666666668], [86.793, 24.979166666666668], [86.793, 24.979444444444447], [86.79327777777777, 24.979444444444447], [86.79327777777777, 24.98], [86.79355555555556, 24.98], [86.79355555555556, 24.98027777777778], [86.79383333333334, 24.98027777777778], [86.79383333333334, 24.980555555555558], [86.7941111111111, 24.980555555555558], [86.7941111111111, 24.980833333333333], [86.79438888888889, 24.980833333333333], [86.79438888888889, 24.98111111111111], [86.79466666666667, 24.98111111111111], [86.79466666666667, 24.981944444444444], [86.79438888888889, 24.981944444444444], [86.79438888888889, 24.982222222222223], [86.7941111111111, 24.982222222222223], [86.7941111111111, 24.982777777777777], [86.79383333333334, 24.982777777777777], [86.79383333333334, 24.983055555555556], [86.79355555555556, 24.983055555555556], [86.79355555555556, 24.983333333333334], [86.79327777777777, 24.983333333333334], [86.79327777777777, 24.983888888888888], [86.793, 24.983888888888888], [86.793, 24.984166666666667], [86.79272222222222, 24.984166666666667], [86.79272222222222, 24.984444444444446], [86.79244444444444, 24.984444444444446], [86.79244444444444, 24.984722222222224], [86.79216666666667, 24.984722222222224], [86.79216666666667, 24.985277777777778], [86.79188888888889, 24.985277777777778], [86.79188888888889, 24.985555555555557], [86.79161111111111, 24.985555555555557], [86.79161111111111, 24.985833333333336], [86.79133333333334, 24.985833333333336], [86.79133333333334, 24.98611111111111], [86.79105555555556, 24.98611111111111], [86.79105555555556, 24.98638888888889], [86.79077777777778, 24.98638888888889], [86.79077777777778, 24.986666666666668], [86.79050000000001, 24.986666666666668], [86.79050000000001, 24.986944444444447], [86.79077777777778, 24.986944444444447], [86.79077777777778, 24.987222222222222], [86.79133333333334, 24.987222222222222], [86.79133333333334, 24.986944444444447], [86.79161111111111, 24.986944444444447], [86.79161111111111, 24.986666666666668], [86.79188888888889, 24.986666666666668]]]]}}]}