<?xml version="1.0" encoding="utf-8" ?>
<kml xmlns="http://www.opengis.net/kml/2.2">
<Document id="root_doc">
<Schema name="Bhakra_Dam_flood_extent" id="Bhakra_Dam_flood_extent">
	<SimpleField name="flooded" type="float"></SimpleField>
</Schema>
<Folder><name>Bhakra_Dam_flood_extent</name>
  <Placemark id="Bhakra_Dam_flood_extent.1">
	<Style><LineStyle><color>ff0000ff</color></LineStyle><PolyStyle><fill>0</fill></PolyStyle></Style>
	<ExtendedData><SchemaData schemaUrl="#Bhakra_Dam_flood_extent">
		<SimpleData name="flooded">1</SimpleData>
	</SchemaData></ExtendedData>
      <Polygon><outerBoundaryIs><LinearRing><coordinates>76.4227744444444,31.5180522222222 76.4227744444444,31.5174966666667 76.4230522222222,31.5174966666667 76.4230522222222,31.5163855555556 76.42333,31.5163855555556 76.42333,31.51583 76.4236077777778,31.51583 76.4236077777778,31.5152744444444 76.42333,31.5152744444444 76.42333,31.5138855555556 76.4236077777778,31.5138855555556 76.4236077777778,31.5127744444444 76.4230522222222,31.5127744444444 76.4230522222222,31.5124966666667 76.4227744444444,31.5124966666667 76.4227744444444,31.5119411111111 76.4222188888889,31.5119411111111 76.4222188888889,31.5122188888889 76.4202744444444,31.5122188888889 76.4202744444444,31.5119411111111 76.4194411111111,31.5119411111111 76.4194411111111,31.5122188888889 76.4191633333333,31.5122188888889 76.4191633333333,31.5124966666667 76.4186077777778,31.5124966666667 76.4186077777778,31.5113855555556 76.4188855555555,31.5113855555556 76.4188855555555,31.5111077777778 76.4186077777778,31.5111077777778 76.4186077777778,31.51083 76.4188855555555,31.51083 76.4188855555555,31.5105522222222 76.4186077777778,31.5105522222222 76.4186077777778,31.5102744444444 76.41833,31.5102744444444 76.41833,31.51083 76.4180522222222,31.51083 76.4180522222222,31.5111077777778 76.4177744444444,31.5111077777778 76.4177744444444,31.5113855555556 76.4174966666667,31.5113855555556 76.4174966666667,31.5111077777778 76.4172188888889,31.5111077777778 76.4172188888889,31.5113855555556 76.4169411111111,31.5113855555556 76.4169411111111,31.5116633333333 76.4166633333333,31.5116633333333 76.4166633333333,31.5119411111111 76.4161077777778,31.5119411111111 76.4161077777778,31.5124966666667 76.41583,31.5124966666667 76.41583,31.51333 76.4155522222222,31.51333 76.4155522222222,31.5130522222222 76.4152744444444,31.5130522222222 76.4152744444444,31.5127744444444 76.4149966666667,31.5127744444444 76.4149966666667,31.5124966666667 76.4147188888889,31.5124966666667 76.4147188888889,31.5122188888889 76.4144411111111,31.5122188888889 76.4144411111111,31.5119411111111 76.4141633333333,31.5119411111111 76.4141633333333,31.5116633333333 76.4138855555556,31.5116633333333 76.4138855555556,31.5113855555556 76.4136077777778,31.5113855555556 76.4136077777778,31.5111077777778 76.41333,31.5111077777778 76.41333,31.51083 76.4130522222222,31.51083 76.4130522222222,31.5105522222222 76.4127744444444,31.5105522222222 76.4127744444444,31.5102744444444 76.4124966666667,31.5102744444444 76.4124966666667,31.5099966666667 76.4122188888889,31.5099966666667 76.4122188888889,31.5097188888889 76.4119411111111,31.5097188888889 76.4119411111111,31.5094411111111 76.4116633333333,31.5094411111111 76.4116633333333,31.5091633333333 76.4113855555556,31.5091633333333 76.4113855555556,31.5088855555556 76.4111077777778,31.5088855555556 76.4111077777778,31.5086077777778 76.41083,31.5086077777778 76.41083,31.50833 76.4105522222222,31.50833 76.4105522222222,31.5080522222222 76.4102744444444,31.5080522222222 76.4102744444444,31.5077744444444 76.4099966666667,31.5077744444444 76.4099966666667,31.5074966666667 76.4097188888889,31.5074966666667 76.4097188888889,31.5072188888889 76.4094411111111,31.5072188888889 76.4094411111111,31.5069411111111 76.4091633333333,31.5069411111111 76.4091633333333,31.5066633333333 76.4088855555556,31.5066633333333 76.4088855555556,31.5063855555556 76.4086077777778,31.5063855555556 76.4086077777778,31.5061077777778 76.40833,31.5061077777778 76.40833,31.50583 76.4080522222222,31.50583 76.4080522222222,31.5055522222222 76.4077744444444,31.5055522222222 76.4077744444444,31.5052744444444 76.4074966666667,31.5052744444444 76.4074966666667,31.5049966666667 76.4072188888889,31.5049966666667 76.4072188888889,31.5047188888889 76.4069411111111,31.5047188888889 76.4069411111111,31.5044411111111 76.4066633333333,31.5044411111111 76.4066633333333,31.5041633333333 76.4063855555555,31.5041633333333 76.4063855555555,31.5038855555556 76.4061077777778,31.5038855555556 76.4061077777778,31.5036077777778 76.40583,31.5036077777778 76.40583,31.50333 76.4055522222222,31.50333 76.4055522222222,31.5030522222222 76.4052744444444,31.5030522222222 76.4052744444444,31.5027744444444 76.4049966666667,31.5027744444444 76.4049966666667,31.5024966666667 76.4047188888889,31.5024966666667 76.4047188888889,31.5022188888889 76.4044411111111,31.5022188888889 76.4044411111111,31.5019411111111 76.4041633333333,31.5019411111111 76.4041633333333,31.5016633333333 76.4038855555555,31.5016633333333 76.4038855555555,31.5013855555556 76.4036077777778,31.5013855555556 76.4036077777778,31.5005522222222 76.4038855555555,31.5005522222222 76.4038855555555,31.4999966666667 76.4041633333333,31.4999966666667 76.4041633333333,31.4997188888889 76.4044411111111,31.4997188888889 76.4044411111111,31.4994411111111 76.4041633333333,31.4994411111111 76.4041633333333,31.4986077777778 76.4038855555555,31.4986077777778 76.4038855555555,31.49833 76.4036077777778,31.49833 76.4036077777778,31.4977744444444 76.40333,31.4977744444444 76.40333,31.4972188888889 76.4030522222222,31.4972188888889 76.4030522222222,31.4963855555556 76.4027744444444,31.4963855555556 76.4027744444444,31.4961077777778 76.4024966666667,31.4961077777778 76.4024966666667,31.4955522222222 76.4030522222222,31.4955522222222 76.4030522222222,31.4952744444444 76.4036077777778,31.4952744444444 76.4036077777778,31.4955522222222 76.4041633333333,31.4955522222222 76.4041633333333,31.4952744444444 76.4052744444444,31.4952744444444 76.4052744444444,31.4949966666667 76.4055522222222,31.4949966666667 76.4055522222222,31.4952744444444 76.4063855555555,31.4952744444444 76.4063855555555,31.4944411111111 76.4061077777778,31.4944411111111 76.4061077777778,31.4941633333333 76.40583,31.4941633333333 76.40583,31.4938855555556 76.4055522222222,31.4938855555556 76.4055522222222,31.4936077777778 76.4052744444444,31.4936077777778 76.4052744444444,31.49333 76.4049966666667,31.49333 76.4049966666667,31.4930522222222 76.4036077777778,31.4930522222222 76.4036077777778,31.49333 76.4016633333333,31.49333 76.4016633333333,31.4930522222222 76.4011077777778,31.4930522222222 76.4011077777778,31.4922188888889 76.4016633333333,31.4922188888889 76.4016633333333,31.4919411111111 76.4022188888889,31.4919411111111 76.4022188888889,31.4913855555556 76.4024966666667,31.4913855555556 76.4024966666667,31.49083 76.4027744444444,31.49083 76.4027744444444,31.4899966666667 76.4030522222222,31.4899966666667 76.4030522222222,31.4886077777778 76.4036077777778,31.4886077777778 76.4036077777778,31.48833 76.4038855555555,31.48833 76.4038855555555,31.4880522222222 76.4041633333333,31.4880522222222 76.4041633333333,31.4869411111111 76.4038855555555,31.4869411111111 76.4038855555555,31.48583 76.4041633333333,31.48583 76.4041633333333,31.4855522222222 76.4044411111111,31.4855522222222 76.4044411111111,31.48583 76.4052744444444,31.48583 76.4052744444444,31.4855522222222 76.40583,31.4855522222222 76.40583,31.4852744444444 76.4066633333333,31.4852744444444 76.4066633333333,31.4849966666667 76.4072188888889,31.4849966666667 76.4072188888889,31.4847188888889 76.4074966666667,31.4847188888889 76.4074966666667,31.4844411111111 76.4063855555555,31.4844411111111 76.4063855555555,31.48333 76.4061077777778,31.48333 76.4061077777778,31.4830522222222 76.4066633333333,31.4830522222222 76.4066633333333,31.4819411111111 76.4072188888889,31.4819411111111 76.4072188888889,31.4816633333333 76.4074966666667,31.4816633333333 76.4074966666667,31.4813855555556 76.40833,31.4813855555556 76.40833,31.4816633333333 76.4088855555556,31.4816633333333 76.4088855555556,31.4813855555556 76.4091633333333,31.4813855555556 76.4091633333333,31.4805522222222 76.4094411111111,31.4805522222222 76.4094411111111,31.4802744444444 76.4097188888889,31.4802744444444 76.4097188888889,31.4797188888889 76.4099966666667,31.4797188888889 76.4099966666667,31.4791633333333 76.4102744444444,31.4791633333333 76.4102744444444,31.4786077777778 76.4113855555556,31.4786077777778 76.4113855555556,31.47833 76.4116633333333,31.47833 76.4116633333333,31.4774966666667 76.4119411111111,31.4774966666667 76.4119411111111,31.4766633333333 76.4116633333333,31.4766633333333 76.4116633333333,31.4763855555556 76.4113855555556,31.4763855555556 76.4113855555556,31.47583 76.4111077777778,31.47583 76.4111077777778,31.4755522222222 76.41083,31.4755522222222 76.41083,31.4752744444444 76.4105522222222,31.4752744444444 76.4105522222222,31.4749966666667 76.4088855555556,31.4749966666667 76.4088855555556,31.4752744444444 76.4080522222222,31.4752744444444 76.4080522222222,31.4749966666667 76.4086077777778,31.4749966666667 76.4086077777778,31.4747188888889 76.4088855555556,31.4747188888889 76.4088855555556,31.4741633333333 76.4091633333333,31.4741633333333 76.4091633333333,31.4738855555556 76.4094411111111,31.4738855555556 76.4094411111111,31.4736077777778 76.4097188888889,31.4736077777778 76.4097188888889,31.4738855555556 76.4105522222222,31.4738855555556 76.4105522222222,31.4741633333333 76.4111077777778,31.4741633333333 76.4111077777778,31.4744411111111 76.4113855555556,31.4744411111111 76.4113855555556,31.4747188888889 76.4124966666667,31.4747188888889 76.4124966666667,31.4749966666667 76.4127744444444,31.4749966666667 76.4127744444444,31.4752744444444 76.4144411111111,31.4752744444444 76.4144411111111,31.4755522222222 76.4149966666667,31.4755522222222 76.4149966666667,31.47583 76.41583,31.47583 76.41583,31.4761077777778 76.4163855555556,31.4761077777778 76.4163855555556,31.4763855555556 76.4166633333333,31.4763855555556 76.4166633333333,31.4766633333333 76.4163855555556,31.4766633333333 76.4163855555556,31.4769411111111 76.4169411111111,31.4769411111111 76.4169411111111,31.4772188888889 76.4172188888889,31.4772188888889 76.4172188888889,31.4774966666667 76.4174966666667,31.4774966666667 76.4174966666667,31.4780522222222 76.4191633333333,31.4780522222222 76.4191633333333,31.47833 76.4197188888889,31.47833 76.4197188888889,31.4780522222222 76.4205522222222,31.4780522222222 76.4205522222222,31.47833 76.42083,31.47833 76.42083,31.4777744444444 76.4216633333333,31.4777744444444 76.4216633333333,31.4772188888889 76.4222188888889,31.4772188888889 76.4222188888889,31.4769411111111 76.4219411111111,31.4769411111111 76.4219411111111,31.4766633333333 76.4222188888889,31.4766633333333 76.4222188888889,31.47583 76.4227744444444,31.47583 76.4227744444444,31.4755522222222 76.4230522222222,31.4755522222222 76.4230522222222,31.4752744444444 76.4199966666667,31.4752744444444 76.4199966666667,31.4749966666667 76.4191633333333,31.4749966666667 76.4191633333333,31.4747188888889 76.41833,31.4747188888889 76.41833,31.4744411111111 76.4188855555555,31.4744411111111 76.4188855555555,31.4741633333333 76.4191633333333,31.4741633333333 76.4191633333333,31.47333 76.4197188888889,31.47333 76.4197188888889,31.4730522222222 76.4199966666667,31.4730522222222 76.4199966666667,31.4722188888889 76.4197188888889,31.4722188888889 76.4197188888889,31.4716633333333 76.4194411111111,31.4716633333333 76.4194411111111,31.4705522222222 76.4197188888889,31.4705522222222 76.4197188888889,31.4697188888889 76.4199966666667,31.4697188888889 76.4199966666667,31.4694411111111 76.4197188888889,31.4694411111111 76.4197188888889,31.4691633333333 76.4194411111111,31.4691633333333 76.4194411111111,31.4688855555556 76.4191633333333,31.4688855555556 76.4191633333333,31.4686077777778 76.4194411111111,31.4686077777778 76.4194411111111,31.46833 76.4191633333333,31.46833 76.4191633333333,31.4680522222222 76.4188855555555,31.4680522222222 76.4188855555555,31.4677744444444 76.4186077777778,31.4677744444444 76.4186077777778,31.4674966666667 76.41833,31.4674966666667 76.41833,31.4672188888889 76.4180522222222,31.4672188888889 76.4180522222222,31.4669411111111 76.4174966666667,31.4669411111111 76.4174966666667,31.4666633333333 76.4177744444444,31.4666633333333 76.4177744444444,31.4663855555556 76.4188855555555,31.4663855555556 76.4188855555555,31.4661077777778 76.4202744444444,31.4661077777778 76.4202744444444,31.46583 76.42083,31.46583 76.42083,31.4655522222222 76.4213855555555,31.4655522222222 76.4213855555555,31.4652744444444 76.4219411111111,31.4652744444444 76.4219411111111,31.4647188888889 76.4222188888889,31.4647188888889 76.4222188888889,31.4644411111111 76.4227744444444,31.4644411111111 76.4227744444444,31.4641633333333 76.4230522222222,31.4641633333333 76.4230522222222,31.4638855555556 76.42333,31.4638855555556 76.42333,31.4636077777778 76.4244411111111,31.4636077777778 76.4244411111111,31.4638855555556 76.4247188888889,31.4638855555556 76.4247188888889,31.4644411111111 76.4249966666667,31.4644411111111 76.4249966666667,31.4647188888889 76.4255522222222,31.4647188888889 76.4255522222222,31.4649966666667 76.4261077777778,31.4649966666667 76.4261077777778,31.4652744444444 76.4272188888889,31.4652744444444 76.4272188888889,31.4649966666667 76.4288855555556,31.4649966666667 76.4288855555556,31.4647188888889 76.4294411111111,31.4647188888889 76.4294411111111,31.4641633333333 76.4291633333333,31.4641633333333 76.4291633333333,31.4638855555556 76.4288855555556,31.4638855555556 76.4288855555556,31.4636077777778 76.4286077777778,31.4636077777778 76.4286077777778,31.4630522222222 76.4291633333333,31.4630522222222 76.4291633333333,31.4627744444444 76.4286077777778,31.4627744444444 76.4286077777778,31.4619411111111 76.42833,31.4619411111111 76.42833,31.4616633333333 76.4277744444444,31.4616633333333 76.4277744444444,31.4613855555556 76.4263855555556,31.4613855555556 76.4263855555556,31.4616633333333 76.4247188888889,31.4616633333333 76.4247188888889,31.4619411111111 76.4236077777778,31.4619411111111 76.4236077777778,31.4616633333333 76.42333,31.4616633333333 76.42333,31.4613855555556 76.4238855555556,31.4613855555556 76.4238855555556,31.4611077777778 76.4241633333333,31.4611077777778 76.4241633333333,31.46083 76.4244411111111,31.46083 76.4244411111111,31.4602744444444 76.4247188888889,31.4602744444444 76.4247188888889,31.4599966666667 76.4249966666667,31.4599966666667 76.4249966666667,31.4591633333333 76.4252744444444,31.4591633333333 76.4252744444444,31.4588855555556 76.42583,31.4588855555556 76.42583,31.4586077777778 76.4266633333333,31.4586077777778 76.4266633333333,31.45833 76.4269411111111,31.45833 76.4269411111111,31.4580522222222 76.4274966666667,31.4580522222222 76.4274966666667,31.4572188888889 76.42833,31.4572188888889 76.42833,31.4569411111111 76.4288855555556,31.4569411111111 76.4288855555556,31.4566633333333 76.4291633333333,31.4566633333333 76.4291633333333,31.4563855555556 76.4288855555556,31.4563855555556 76.4288855555556,31.4561077777778 76.42833,31.4561077777778 76.42833,31.45583 76.4280522222222,31.45583 76.4280522222222,31.4555522222222 76.4291633333333,31.4555522222222 76.4291633333333,31.45583 76.4294411111111,31.45583 76.4294411111111,31.4555522222222 76.4299966666667,31.4555522222222 76.4299966666667,31.4552744444444 76.4294411111111,31.4552744444444 76.4294411111111,31.4547188888889 76.4299966666667,31.4547188888889 76.4299966666667,31.4541633333333 76.43083,31.4541633333333 76.43083,31.4538855555556 76.4311077777778,31.4538855555556 76.4311077777778,31.4530522222222 76.4313855555556,31.4530522222222 76.4313855555556,31.4519411111111 76.4311077777778,31.4519411111111 76.4311077777778,31.4522188888889 76.43083,31.4522188888889 76.43083,31.4527744444444 76.4302744444444,31.4527744444444 76.4302744444444,31.4524966666667 76.4299966666667,31.4524966666667 76.4299966666667,31.4522188888889 76.4294411111111,31.4522188888889 76.4294411111111,31.4516633333333 76.4297188888889,31.4516633333333 76.4297188888889,31.45083 76.4294411111111,31.45083 76.4294411111111,31.4505522222222 76.4291633333333,31.4505522222222 76.4291633333333,31.4499966666667 76.4288855555556,31.4499966666667 76.4288855555556,31.4488855555556 76.4294411111111,31.4488855555556 76.4294411111111,31.4497188888889 76.4297188888889,31.4497188888889 76.4297188888889,31.4499966666667 76.4299966666667,31.4499966666667 76.4299966666667,31.4497188888889 76.4305522222222,31.4497188888889 76.4305522222222,31.4494411111111 76.4311077777778,31.4494411111111 76.4311077777778,31.4491633333333 76.4313855555556,31.4491633333333 76.4313855555556,31.4488855555556 76.4319411111111,31.4488855555556 76.4319411111111,31.4486077777778 76.4322188888889,31.4486077777778 76.4322188888889,31.44833 76.4324966666667,31.44833 76.4324966666667,31.4480522222222 76.4327744444444,31.4480522222222 76.4327744444444,31.4488855555556 76.4330522222222,31.4488855555556 76.4330522222222,31.4486077777778 76.43333,31.4486077777778 76.43333,31.44833 76.4336077777778,31.44833 76.4336077777778,31.4477744444444 76.43333,31.4477744444444 76.43333,31.4474966666667 76.4327744444444,31.4474966666667 76.4327744444444,31.4472188888889 76.4330522222222,31.4472188888889 76.4330522222222,31.4466633333333 76.43333,31.4466633333333 76.43333,31.44583 76.4324966666667,31.44583 76.4324966666667,31.4455522222222 76.4327744444444,31.4455522222222 76.4327744444444,31.4452744444444 76.4330522222222,31.4452744444444 76.4330522222222,31.4449966666667 76.43333,31.4449966666667 76.43333,31.4447188888889 76.4341633333333,31.4447188888889 76.4341633333333,31.4441633333333 76.4344411111111,31.4441633333333 76.4344411111111,31.4436077777778 76.4336077777778,31.4436077777778 76.4336077777778,31.4430522222222 76.4341633333333,31.4430522222222 76.4341633333333,31.4427744444444 76.4338855555555,31.4427744444444 76.4338855555555,31.4424966666667 76.4336077777778,31.4424966666667 76.4336077777778,31.4422188888889 76.43333,31.4422188888889 76.43333,31.4411077777778 76.4336077777778,31.4411077777778 76.4336077777778,31.4402744444444 76.4347188888889,31.4402744444444 76.4347188888889,31.4397188888889 76.4349966666667,31.4397188888889 76.4349966666667,31.4394411111111 76.43583,31.4394411111111 76.43583,31.4397188888889 76.4363855555555,31.4397188888889 76.4363855555555,31.4394411111111 76.4366633333333,31.4394411111111 76.4366633333333,31.4391633333333 76.4369411111111,31.4391633333333 76.4369411111111,31.4397188888889 76.4372188888889,31.4397188888889 76.4372188888889,31.4405522222222 76.4377744444444,31.4405522222222 76.4377744444444,31.4399966666667 76.4380522222222,31.4399966666667 76.4380522222222,31.4394411111111 76.43833,31.4394411111111 76.43833,31.4380522222222 76.4377744444444,31.4380522222222 76.4377744444444,31.4363855555556 76.4374966666667,31.4363855555556 76.4374966666667,31.4361077777778 76.4366633333333,31.4361077777778 76.4366633333333,31.4366633333333 76.4363855555555,31.4366633333333 76.4363855555555,31.4372188888889 76.4361077777778,31.4372188888889 76.4361077777778,31.4361077777778 76.4349966666667,31.4361077777778 76.4349966666667,31.43583 76.4324966666667,31.43583 76.4324966666667,31.4361077777778 76.4316633333333,31.4361077777778 76.4316633333333,31.43583 76.4319411111111,31.43583 76.4319411111111,31.4355522222222 76.4322188888889,31.4355522222222 76.4322188888889,31.4352744444444 76.4324966666667,31.4352744444444 76.4324966666667,31.4349966666667 76.43333,31.4349966666667 76.43333,31.4347188888889 76.4341633333333,31.4347188888889 76.4341633333333,31.4344411111111 76.4347188888889,31.4344411111111 76.4347188888889,31.4349966666667 76.4352744444444,31.4349966666667 76.4352744444444,31.4347188888889 76.4355522222222,31.4347188888889 76.4355522222222,31.4344411111111 76.43583,31.4344411111111 76.43583,31.4341633333333 76.4361077777778,31.4341633333333 76.4361077777778,31.4338855555556 76.4363855555555,31.4338855555556 76.4363855555555,31.43333 76.4366633333333,31.43333 76.4366633333333,31.4330522222222 76.4372188888889,31.4330522222222 76.4372188888889,31.4336077777778 76.4374966666667,31.4336077777778 76.4374966666667,31.43333 76.4377744444444,31.43333 76.4377744444444,31.4341633333333 76.4380522222222,31.4341633333333 76.4380522222222,31.4344411111111 76.43833,31.4344411111111 76.43833,31.4338855555556 76.4388855555555,31.4338855555556 76.4388855555555,31.4336077777778 76.4391633333333,31.4336077777778 76.4391633333333,31.4330522222222 76.4397188888889,31.4330522222222 76.4397188888889,31.4327744444444 76.4394411111111,31.4327744444444 76.4394411111111,31.4322188888889 76.4402744444444,31.4322188888889 76.4402744444444,31.4319411111111 76.4405522222222,31.4319411111111 76.4405522222222,31.4316633333333 76.44083,31.4316633333333 76.44083,31.4305522222222 76.4405522222222,31.4305522222222 76.4405522222222,31.4299966666667 76.4402744444444,31.4299966666667 76.4402744444444,31.4297188888889 76.4405522222222,31.4297188888889 76.4405522222222,31.4294411111111 76.44083,31.4294411111111 76.44083,31.4288855555556 76.4405522222222,31.4288855555556 76.4405522222222,31.4286077777778 76.4399966666667,31.4286077777778 76.4399966666667,31.42833 76.4391633333333,31.42833 76.4391633333333,31.4274966666667 76.4388855555555,31.4274966666667 76.4388855555555,31.4272188888889 76.4386077777778,31.4272188888889 76.4386077777778,31.4269411111111 76.43833,31.4269411111111 76.43833,31.4266633333333 76.4386077777778,31.4266633333333 76.4386077777778,31.4263855555556 76.4388855555555,31.4263855555556 76.4388855555555,31.4255522222222 76.4386077777778,31.4255522222222 76.4386077777778,31.4252744444444 76.4388855555555,31.4252744444444 76.4388855555555,31.4247188888889 76.4391633333333,31.4247188888889 76.4391633333333,31.42333 76.4394411111111,31.42333 76.4394411111111,31.4230522222222 76.4391633333333,31.4230522222222 76.4391633333333,31.4227744444444 76.4388855555555,31.4227744444444 76.4388855555555,31.4230522222222 76.4377744444444,31.4230522222222 76.4377744444444,31.4227744444444 76.4380522222222,31.4227744444444 76.4380522222222,31.4224966666667 76.4377744444444,31.4224966666667 76.4377744444444,31.4222188888889 76.4380522222222,31.4222188888889 76.4380522222222,31.4216633333333 76.4377744444444,31.4216633333333 76.4377744444444,31.4211077777778 76.4374966666667,31.4211077777778 76.4374966666667,31.4205522222222 76.4372188888889,31.4205522222222 76.4372188888889,31.4199966666667 76.4369411111111,31.4199966666667 76.4369411111111,31.4191633333333 76.4366633333333,31.4191633333333 76.4366633333333,31.4186077777778 76.4363855555555,31.4186077777778 76.4363855555555,31.41833 76.4361077777778,31.41833 76.4361077777778,31.4180522222222 76.43583,31.4180522222222 76.43583,31.4174966666667 76.4355522222222,31.4174966666667 76.4355522222222,31.4169411111111 76.4352744444444,31.4169411111111 76.4352744444444,31.4166633333333 76.4355522222222,31.4166633333333 76.4355522222222,31.41583 76.4352744444444,31.41583 76.4352744444444,31.4155522222222 76.4347188888889,31.4155522222222 76.4347188888889,31.4149966666667 76.4344411111111,31.4149966666667 76.4344411111111,31.4147188888889 76.4347188888889,31.4147188888889 76.4347188888889,31.4144411111111 76.4341633333333,31.4144411111111 76.4341633333333,31.4141633333333 76.4336077777778,31.4141633333333 76.4336077777778,31.4138855555556 76.4330522222222,31.4138855555556 76.4330522222222,31.4136077777778 76.4327744444444,31.4136077777778 76.4327744444444,31.4127744444444 76.4294411111111,31.4127744444444 76.4294411111111,31.4119411111111 76.4291633333333,31.4119411111111 76.4291633333333,31.4116633333333 76.4288855555556,31.4116633333333 76.4288855555556,31.4119411111111 76.42833,31.4119411111111 76.42833,31.4122188888889 76.4280522222222,31.4122188888889 76.4280522222222,31.4124966666667 76.4277744444444,31.4124966666667 76.4277744444444,31.4127744444444 76.4272188888889,31.4127744444444 76.4272188888889,31.4130522222222 76.4266633333333,31.4130522222222 76.4266633333333,31.4116633333333 76.4263855555556,31.4116633333333 76.4263855555556,31.4119411111111 76.4255522222222,31.4119411111111 76.4255522222222,31.4122188888889 76.4249966666667,31.4122188888889 76.4249966666667,31.4124966666667 76.4244411111111,31.4124966666667 76.4244411111111,31.4127744444444 76.4241633333333,31.4127744444444 76.4241633333333,31.4130522222222 76.4236077777778,31.4130522222222 76.4236077777778,31.41333 76.42333,31.41333 76.42333,31.4138855555556 76.4241633333333,31.4138855555556 76.4241633333333,31.4141633333333 76.4244411111111,31.4141633333333 76.4244411111111,31.4147188888889 76.4238855555556,31.4147188888889 76.4238855555556,31.4149966666667 76.4219411111111,31.4149966666667 76.4219411111111,31.4152744444444 76.4213855555555,31.4152744444444 76.4213855555555,31.4155522222222 76.4194411111111,31.4155522222222 76.4194411111111,31.41583 76.4191633333333,31.41583 76.4191633333333,31.4161077777778 76.4188855555555,31.4161077777778 76.4188855555555,31.4163855555556 76.41833,31.4163855555556 76.41833,31.4166633333333 76.4180522222222,31.4166633333333 76.4180522222222,31.4169411111111 76.4177744444444,31.4169411111111 76.4177744444444,31.4174966666667 76.4174966666667,31.4174966666667 76.4174966666667,31.4177744444444 76.4163855555556,31.4177744444444 76.4163855555556,31.4180522222222 76.4166633333333,31.4180522222222 76.4166633333333,31.41833 76.4169411111111,31.41833 76.4169411111111,31.4186077777778 76.41583,31.4186077777778 76.41583,31.4188855555556 76.4155522222222,31.4188855555556 76.4155522222222,31.4191633333333 76.4152744444444,31.4191633333333 76.4152744444444,31.4197188888889 76.4149966666667,31.4197188888889 76.4149966666667,31.4202744444444 76.4152744444444,31.4202744444444 76.4152744444444,31.4199966666667 76.41583,31.4199966666667 76.41583,31.4197188888889 76.4163855555556,31.4197188888889 76.4163855555556,31.4194411111111 76.4169411111111,31.4194411111111 76.4169411111111,31.42083 76.4174966666667,31.42083 76.4174966666667,31.4211077777778 76.4188855555555,31.4211077777778 76.4188855555555,31.4213855555556 76.4194411111111,31.4213855555556 76.4194411111111,31.4211077777778 76.4199966666667,31.4211077777778 76.4199966666667,31.4216633333333 76.4202744444444,31.4216633333333 76.4202744444444,31.4219411111111 76.4194411111111,31.4219411111111 76.4194411111111,31.4222188888889 76.4188855555555,31.4222188888889 76.4188855555555,31.4224966666667 76.4180522222222,31.4224966666667 76.4180522222222,31.4227744444444 76.4169411111111,31.4227744444444 76.4169411111111,31.4230522222222 76.4166633333333,31.4230522222222 76.4166633333333,31.42333 76.4163855555556,31.42333 76.4163855555556,31.4236077777778 76.4161077777778,31.4236077777778 76.4161077777778,31.4238855555556 76.4155522222222,31.4238855555556 76.4155522222222,31.42333 76.4152744444444,31.42333 76.4152744444444,31.4230522222222 76.4149966666667,31.4230522222222 76.4149966666667,31.42333 76.4147188888889,31.42333 76.4147188888889,31.4236077777778 76.4138855555556,31.4236077777778 76.4138855555556,31.4230522222222 76.4141633333333,31.4230522222222 76.4141633333333,31.4227744444444 76.4138855555556,31.4227744444444 76.4138855555556,31.4224966666667 76.41333,31.4224966666667 76.41333,31.4227744444444 76.4127744444444,31.4227744444444 76.4127744444444,31.42333 76.4124966666667,31.42333 76.4124966666667,31.4236077777778 76.4122188888889,31.4236077777778 76.4122188888889,31.4244411111111 76.4138855555556,31.4244411111111 76.4138855555556,31.42583 76.4144411111111,31.42583 76.4144411111111,31.4263855555556 76.4147188888889,31.4263855555556 76.4147188888889,31.4266633333333 76.4149966666667,31.4266633333333 76.4149966666667,31.4272188888889 76.4147188888889,31.4272188888889 76.4147188888889,31.4274966666667 76.4144411111111,31.4274966666667 76.4144411111111,31.4272188888889 76.4138855555556,31.4272188888889 76.4138855555556,31.4274966666667 76.41333,31.4274966666667 76.41333,31.4269411111111 76.4122188888889,31.4269411111111 76.4122188888889,31.4272188888889 76.4119411111111,31.4272188888889 76.4119411111111,31.4288855555556 76.4122188888889,31.4288855555556 76.4122188888889,31.4294411111111 76.4130522222222,31.4294411111111 76.4130522222222,31.4297188888889 76.41333,31.4297188888889 76.41333,31.4302744444444 76.4124966666667,31.4302744444444 76.4124966666667,31.4305522222222 76.4122188888889,31.4305522222222 76.4122188888889,31.43083 76.4116633333333,31.43083 76.4116633333333,31.4305522222222 76.41083,31.4305522222222 76.41083,31.4299966666667 76.4102744444444,31.4299966666667 76.4102744444444,31.4297188888889 76.4099966666667,31.4297188888889 76.4099966666667,31.4302744444444 76.4102744444444,31.4302744444444 76.4102744444444,31.4305522222222 76.4105522222222,31.4305522222222 76.4105522222222,31.4311077777778 76.41083,31.4311077777778 76.41083,31.4316633333333 76.4102744444444,31.4316633333333 76.4102744444444,31.4313855555556 76.4097188888889,31.4313855555556 76.4097188888889,31.4311077777778 76.4091633333333,31.4311077777778 76.4091633333333,31.43083 76.4088855555556,31.43083 76.4088855555556,31.4305522222222 76.4080522222222,31.4305522222222 76.4080522222222,31.43083 76.4069411111111,31.43083 76.4069411111111,31.4311077777778 76.4066633333333,31.4311077777778 76.4066633333333,31.4322188888889 76.4069411111111,31.4322188888889 76.4069411111111,31.4324966666667 76.4066633333333,31.4324966666667 76.4066633333333,31.4327744444444 76.4063855555555,31.4327744444444 76.4063855555555,31.43333 76.4052744444444,31.43333 76.4052744444444,31.4330522222222 76.4049966666667,31.4330522222222 76.4049966666667,31.4338855555556 76.4047188888889,31.4338855555556 76.4047188888889,31.4336077777778 76.4044411111111,31.4336077777778 76.4044411111111,31.43333 76.4041633333333,31.43333 76.4041633333333,31.4330522222222 76.40333,31.4330522222222 76.40333,31.43333 76.4030522222222,31.43333 76.4030522222222,31.4338855555556 76.4027744444444,31.4338855555556 76.4027744444444,31.4341633333333 76.4022188888889,31.4341633333333 76.4022188888889,31.43333 76.4019411111111,31.43333 76.4019411111111,31.4330522222222 76.4011077777778,31.4330522222222 76.4011077777778,31.4336077777778 76.40083,31.4336077777778 76.40083,31.4338855555556 76.4005522222222,31.4338855555556 76.4005522222222,31.4336077777778 76.4002744444444,31.4336077777778 76.4002744444444,31.43333 76.3999966666667,31.43333 76.3999966666667,31.4330522222222 76.3994411111111,31.4330522222222 76.3994411111111,31.43333 76.3988855555556,31.43333 76.3988855555556,31.4336077777778 76.3986077777778,31.4336077777778 76.3986077777778,31.4338855555556 76.3977744444444,31.4338855555556 76.3977744444444,31.4349966666667 76.3980522222222,31.4349966666667 76.3980522222222,31.4355522222222 76.3974966666667,31.4355522222222 76.3974966666667,31.4349966666667 76.3966633333333,31.4349966666667 76.3966633333333,31.4347188888889 76.3963855555556,31.4347188888889 76.3963855555556,31.4352744444444 76.3966633333333,31.4352744444444 76.3966633333333,31.4363855555556 76.3969411111111,31.4363855555556 76.3969411111111,31.4369411111111 76.3966633333333,31.4369411111111 76.3966633333333,31.4372188888889 76.3969411111111,31.4372188888889 76.3969411111111,31.4374966666667 76.3972188888889,31.4374966666667 76.3972188888889,31.4380522222222 76.3977744444444,31.4380522222222 76.3977744444444,31.43833 76.3972188888889,31.43833 76.3972188888889,31.4386077777778 76.3969411111111,31.4386077777778 76.3969411111111,31.43833 76.3963855555556,31.43833 76.3963855555556,31.4386077777778 76.3961077777778,31.4386077777778 76.3961077777778,31.4377744444444 76.3955522222222,31.4377744444444 76.3955522222222,31.43833 76.3949966666667,31.43833 76.3949966666667,31.4386077777778 76.3944411111111,31.4386077777778 76.3944411111111,31.43833 76.3947188888889,31.43833 76.3947188888889,31.4380522222222 76.3949966666667,31.4380522222222 76.3949966666667,31.4377744444444 76.3947188888889,31.4377744444444 76.3947188888889,31.4374966666667 76.3941633333333,31.4374966666667 76.3941633333333,31.4380522222222 76.3938855555556,31.4380522222222 76.3938855555556,31.43833 76.3936077777778,31.43833 76.3936077777778,31.4386077777778 76.39333,31.4386077777778 76.39333,31.4388855555556 76.3924966666667,31.4388855555556 76.3924966666667,31.4391633333333 76.3922188888889,31.4391633333333 76.3922188888889,31.4402744444444 76.3924966666667,31.4402744444444 76.3924966666667,31.44083 76.3927744444444,31.44083 76.3927744444444,31.4411077777778 76.3930522222222,31.4411077777778 76.3930522222222,31.4413855555556 76.3936077777778,31.4413855555556 76.3936077777778,31.4422188888889 76.39333,31.4422188888889 76.39333,31.4430522222222 76.3924966666667,31.4430522222222 76.3924966666667,31.4422188888889 76.3916633333333,31.4422188888889 76.3916633333333,31.4424966666667 76.3913855555555,31.4424966666667 76.3913855555555,31.4427744444444 76.3911077777778,31.4427744444444 76.3911077777778,31.4413855555556 76.3899966666667,31.4413855555556 76.3899966666667,31.4422188888889 76.3897188888889,31.4422188888889 76.3897188888889,31.4424966666667 76.3894411111111,31.4424966666667 76.3894411111111,31.4427744444444 76.3888855555555,31.4427744444444 76.3888855555555,31.4430522222222 76.38833,31.4430522222222 76.38833,31.44333 76.3880522222222,31.44333 76.3880522222222,31.4436077777778 76.3877744444444,31.4436077777778 76.3877744444444,31.4444411111111 76.38833,31.4444411111111 76.38833,31.4447188888889 76.3880522222222,31.4447188888889 76.3880522222222,31.4449966666667 76.38833,31.4449966666667 76.38833,31.4452744444444 76.3888855555555,31.4452744444444 76.3888855555555,31.4455522222222 76.3891633333333,31.4455522222222 76.3891633333333,31.44583 76.3894411111111,31.44583 76.3894411111111,31.4461077777778 76.3891633333333,31.4461077777778 76.3891633333333,31.4466633333333 76.3894411111111,31.4466633333333 76.3894411111111,31.4472188888889 76.3891633333333,31.4472188888889 76.3891633333333,31.4474966666667 76.3886077777778,31.4474966666667 76.3886077777778,31.4469411111111 76.38833,31.4469411111111 76.38833,31.4466633333333 76.3877744444444,31.4466633333333 76.3877744444444,31.44583 76.3866633333333,31.44583 76.3866633333333,31.4463855555556 76.3863855555555,31.4463855555556 76.3863855555555,31.4469411111111 76.38583,31.4469411111111 76.38583,31.4474966666667 76.3855522222222,31.4474966666667 76.3855522222222,31.4477744444444 76.3852744444444,31.4477744444444 76.3852744444444,31.4480522222222 76.3849966666667,31.4480522222222 76.3849966666667,31.44833 76.3847188888889,31.44833 76.3847188888889,31.4488855555556 76.3852744444444,31.4488855555556 76.3852744444444,31.4491633333333 76.3855522222222,31.4491633333333 76.3855522222222,31.4505522222222 76.3852744444444,31.4505522222222 76.3852744444444,31.4511077777778 76.3849966666667,31.4511077777778 76.3849966666667,31.4519411111111 76.3847188888889,31.4519411111111 76.3847188888889,31.4522188888889 76.3841633333333,31.4522188888889 76.3841633333333,31.4519411111111 76.3844411111111,31.4519411111111 76.3844411111111,31.4516633333333 76.3847188888889,31.4516633333333 76.3847188888889,31.4499966666667 76.3844411111111,31.4499966666667 76.3844411111111,31.4497188888889 76.3836077777778,31.4497188888889 76.3836077777778,31.4499966666667 76.3830522222222,31.4499966666667 76.3830522222222,31.4502744444444 76.3824966666667,31.4502744444444 76.3824966666667,31.4497188888889 76.3827744444444,31.4497188888889 76.3827744444444,31.4494411111111 76.3822188888889,31.4494411111111 76.3822188888889,31.4497188888889 76.3819411111111,31.4497188888889 76.3819411111111,31.4499966666667 76.3816633333333,31.4499966666667 76.3816633333333,31.4491633333333 76.3822188888889,31.4491633333333 76.3822188888889,31.4488855555556 76.3819411111111,31.4488855555556 76.3819411111111,31.4480522222222 76.3813855555556,31.4480522222222 76.3813855555556,31.44833 76.38083,31.44833 76.38083,31.4494411111111 76.3805522222222,31.4494411111111 76.3805522222222,31.4497188888889 76.3802744444444,31.4497188888889 76.3802744444444,31.4505522222222 76.3797188888889,31.4505522222222 76.3797188888889,31.4511077777778 76.3794411111111,31.4511077777778 76.3794411111111,31.4513855555556 76.3791633333333,31.4513855555556 76.3791633333333,31.4516633333333 76.37833,31.4516633333333 76.37833,31.4511077777778 76.3777744444444,31.4511077777778 76.3777744444444,31.4519411111111 76.3774966666667,31.4519411111111 76.3774966666667,31.4530522222222 76.3777744444444,31.4530522222222 76.3777744444444,31.4527744444444 76.3786077777778,31.4527744444444 76.3786077777778,31.4530522222222 76.3788855555556,31.4530522222222 76.3788855555556,31.45333 76.3794411111111,31.45333 76.3794411111111,31.4530522222222 76.3797188888889,31.4530522222222 76.3797188888889,31.45333 76.3799966666667,31.45333 76.3799966666667,31.4536077777778 76.3797188888889,31.4536077777778 76.3797188888889,31.4544411111111 76.3799966666667,31.4544411111111 76.3799966666667,31.4547188888889 76.3794411111111,31.4547188888889 76.3794411111111,31.4552744444444 76.3791633333333,31.4552744444444 76.3791633333333,31.4555522222222 76.3788855555556,31.4555522222222 76.3788855555556,31.4561077777778 76.37833,31.4561077777778 76.37833,31.4563855555556 76.3780522222222,31.4563855555556 76.3780522222222,31.4566633333333 76.3777744444444,31.4566633333333 76.3777744444444,31.45583 76.3780522222222,31.45583 76.3780522222222,31.4552744444444 76.37833,31.4552744444444 76.37833,31.4549966666667 76.3780522222222,31.4549966666667 76.3780522222222,31.4547188888889 76.3774966666667,31.4547188888889 76.3774966666667,31.4549966666667 76.3769411111111,31.4549966666667 76.3769411111111,31.4552744444444 76.3766633333333,31.4552744444444 76.3766633333333,31.4555522222222 76.3763855555555,31.4555522222222 76.3763855555555,31.4563855555556 76.3761077777778,31.4563855555556 76.3761077777778,31.4566633333333 76.3755522222222,31.4566633333333 76.3755522222222,31.4569411111111 76.3749966666667,31.4569411111111 76.3749966666667,31.4566633333333 76.3741633333333,31.4566633333333 76.3741633333333,31.4569411111111 76.3738855555555,31.4569411111111 76.3738855555555,31.4574966666667 76.3744411111111,31.4574966666667 76.3744411111111,31.45833 76.3738855555555,31.45833 76.3738855555555,31.4588855555556 76.3736077777778,31.4588855555556 76.3736077777778,31.4591633333333 76.37333,31.4591633333333 76.37333,31.4594411111111 76.3738855555555,31.4594411111111 76.3738855555555,31.46083 76.3744411111111,31.46083 76.3744411111111,31.4611077777778 76.3747188888889,31.4611077777778 76.3747188888889,31.46083 76.3752744444444,31.46083 76.3752744444444,31.4611077777778 76.3749966666667,31.4611077777778 76.3749966666667,31.4616633333333 76.3752744444444,31.4616633333333 76.3752744444444,31.4619411111111 76.3744411111111,31.4619411111111 76.3744411111111,31.4622188888889 76.3741633333333,31.4622188888889 76.3741633333333,31.4616633333333 76.3738855555555,31.4616633333333 76.3738855555555,31.4613855555556 76.3730522222222,31.4613855555556 76.3730522222222,31.4616633333333 76.3727744444444,31.4616633333333 76.3727744444444,31.4619411111111 76.3722188888889,31.4619411111111 76.3722188888889,31.4616633333333 76.3719411111111,31.4616633333333 76.3719411111111,31.4611077777778 76.3716633333333,31.4611077777778 76.3716633333333,31.46083 76.37083,31.46083 76.37083,31.4602744444444 76.3702744444444,31.4602744444444 76.3702744444444,31.4605522222222 76.3697188888889,31.4605522222222 76.3697188888889,31.46083 76.3691633333333,31.46083 76.3691633333333,31.4611077777778 76.3688855555556,31.4611077777778 76.3688855555556,31.4613855555556 76.3686077777778,31.4613855555556 76.3686077777778,31.4619411111111 76.36833,31.4619411111111 76.36833,31.4624966666667 76.3688855555556,31.4624966666667 76.3688855555556,31.4627744444444 76.3691633333333,31.4627744444444 76.3691633333333,31.46333 76.3686077777778,31.46333 76.3686077777778,31.4641633333333 76.3688855555556,31.4641633333333 76.3688855555556,31.4644411111111 76.3691633333333,31.4644411111111 76.3691633333333,31.4647188888889 76.3699966666667,31.4647188888889 76.3699966666667,31.4644411111111 76.3702744444444,31.4644411111111 76.3702744444444,31.4649966666667 76.3699966666667,31.4649966666667 76.3699966666667,31.4655522222222 76.3697188888889,31.4655522222222 76.3697188888889,31.4661077777778 76.3699966666667,31.4661077777778 76.3699966666667,31.4663855555556 76.3702744444444,31.4663855555556 76.3702744444444,31.4666633333333 76.3705522222222,31.4666633333333 76.3705522222222,31.4669411111111 76.3702744444444,31.4669411111111 76.3702744444444,31.4672188888889 76.3699966666667,31.4672188888889 76.3699966666667,31.4669411111111 76.3686077777778,31.4669411111111 76.3686077777778,31.4672188888889 76.36833,31.4672188888889 76.36833,31.4663855555556 76.3686077777778,31.4663855555556 76.3686077777778,31.4661077777778 76.36833,31.4661077777778 76.36833,31.46583 76.3680522222222,31.46583 76.3680522222222,31.4649966666667 76.3677744444444,31.4649966666667 76.3677744444444,31.4652744444444 76.3674966666667,31.4652744444444 76.3674966666667,31.4641633333333 76.3669411111111,31.4641633333333 76.3669411111111,31.4644411111111 76.3666633333333,31.4644411111111 76.3666633333333,31.4641633333333 76.3661077777778,31.4641633333333 76.3661077777778,31.4638855555556 76.3655522222222,31.4638855555556 76.3655522222222,31.4641633333333 76.3652744444444,31.4641633333333 76.3652744444444,31.4647188888889 76.3649966666667,31.4647188888889 76.3649966666667,31.4649966666667 76.3641633333333,31.4649966666667 76.3641633333333,31.4655522222222 76.3644411111111,31.4655522222222 76.3644411111111,31.46583 76.3641633333333,31.46583 76.3641633333333,31.4661077777778 76.36333,31.4661077777778 76.36333,31.4663855555556 76.3630522222222,31.4663855555556 76.3630522222222,31.4669411111111 76.3627744444444,31.4669411111111 76.3627744444444,31.4672188888889 76.3624966666667,31.4672188888889 76.3624966666667,31.4674966666667 76.3622188888889,31.4674966666667 76.3622188888889,31.4680522222222 76.3616633333333,31.4680522222222 76.3616633333333,31.4677744444444 76.3619411111111,31.4677744444444 76.3619411111111,31.4666633333333 76.3622188888889,31.4666633333333 76.3622188888889,31.4661077777778 76.3624966666667,31.4661077777778 76.3624966666667,31.46583 76.3627744444444,31.46583 76.3627744444444,31.4652744444444 76.3630522222222,31.4652744444444 76.3630522222222,31.4647188888889 76.36333,31.4647188888889 76.36333,31.4638855555556 76.3630522222222,31.4638855555556 76.3630522222222,31.4641633333333 76.3627744444444,31.4641633333333 76.3627744444444,31.4644411111111 76.3624966666667,31.4644411111111 76.3624966666667,31.4647188888889 76.3619411111111,31.4647188888889 76.3619411111111,31.4644411111111 76.3622188888889,31.4644411111111 76.3622188888889,31.4638855555556 76.3619411111111,31.4638855555556 76.3619411111111,31.4636077777778 76.3613855555556,31.4636077777778 76.3613855555556,31.46333 76.3611077777778,31.46333 76.3611077777778,31.4627744444444 76.36083,31.4627744444444 76.36083,31.4638855555556 76.3605522222222,31.4638855555556 76.3605522222222,31.4641633333333 76.3602744444444,31.4641633333333 76.3602744444444,31.4644411111111 76.3599966666667,31.4644411111111 76.3599966666667,31.4647188888889 76.3591633333333,31.4647188888889 76.3591633333333,31.4649966666667 76.3588855555555,31.4649966666667 76.3588855555555,31.4652744444444 76.35833,31.4652744444444 76.35833,31.4647188888889 76.3577744444444,31.4647188888889 76.3577744444444,31.46583 76.3586077777778,31.46583 76.3586077777778,31.4663855555556 76.35833,31.4663855555556 76.35833,31.4666633333333 76.3588855555555,31.4666633333333 76.3588855555555,31.4669411111111 76.3591633333333,31.4669411111111 76.3591633333333,31.4672188888889 76.3597188888889,31.4672188888889 76.3597188888889,31.4669411111111 76.3599966666667,31.4669411111111 76.3599966666667,31.4672188888889 76.3602744444444,31.4672188888889 76.3602744444444,31.4674966666667 76.3594411111111,31.4674966666667 76.3594411111111,31.4677744444444 76.3591633333333,31.4677744444444 76.3591633333333,31.4674966666667 76.3574966666667,31.4674966666667 76.3574966666667,31.4677744444444 76.3569411111111,31.4677744444444 76.3569411111111,31.4686077777778 76.3563855555555,31.4686077777778 76.3563855555555,31.46833 76.3566633333333,31.46833 76.3566633333333,31.4674966666667 76.3569411111111,31.4674966666667 76.3569411111111,31.4672188888889 76.3566633333333,31.4672188888889 76.3566633333333,31.4669411111111 76.3563855555555,31.4669411111111 76.3563855555555,31.4672188888889 76.3561077777778,31.4672188888889 76.3561077777778,31.4674966666667 76.3555522222222,31.4674966666667 76.3555522222222,31.4672188888889 76.3549966666667,31.4672188888889 76.3549966666667,31.4674966666667 76.3547188888889,31.4674966666667 76.3547188888889,31.4672188888889 76.3544411111111,31.4672188888889 76.3544411111111,31.4669411111111 76.3541633333333,31.4669411111111 76.3541633333333,31.4666633333333 76.3538855555556,31.4666633333333 76.3538855555556,31.4663855555556 76.3536077777778,31.4663855555556 76.3536077777778,31.4652744444444 76.3538855555556,31.4652744444444 76.3538855555556,31.4647188888889 76.3541633333333,31.4647188888889 76.3541633333333,31.4641633333333 76.3536077777778,31.4641633333333 76.3536077777778,31.4644411111111 76.35333,31.4644411111111 76.35333,31.4647188888889 76.3530522222222,31.4647188888889 76.3530522222222,31.4649966666667 76.3527744444444,31.4649966666667 76.3527744444444,31.4652744444444 76.3524966666667,31.4652744444444 76.3524966666667,31.4649966666667 76.3522188888889,31.4649966666667 76.3522188888889,31.4647188888889 76.3519411111111,31.4647188888889 76.3519411111111,31.4641633333333 76.3522188888889,31.4641633333333 76.3522188888889,31.4638855555556 76.3527744444444,31.4638855555556 76.3527744444444,31.4630522222222 76.3524966666667,31.4630522222222 76.3524966666667,31.4627744444444 76.3522188888889,31.4627744444444 76.3522188888889,31.4630522222222 76.3519411111111,31.4630522222222 76.3519411111111,31.46333 76.3513855555556,31.46333 76.3513855555556,31.4638855555556 76.3511077777778,31.4638855555556 76.3511077777778,31.4636077777778 76.35083,31.4636077777778 76.35083,31.46333 76.3505522222222,31.46333 76.3505522222222,31.4630522222222 76.3502744444444,31.4630522222222 76.3502744444444,31.4627744444444 76.3499966666667,31.4627744444444 76.3499966666667,31.4624966666667 76.3497188888889,31.4624966666667 76.3497188888889,31.4622188888889 76.3494411111111,31.4622188888889 76.3494411111111,31.4619411111111 76.3491633333333,31.4619411111111 76.3491633333333,31.4616633333333 76.3488855555556,31.4616633333333 76.3488855555556,31.4613855555556 76.3486077777778,31.4613855555556 76.3486077777778,31.4611077777778 76.34833,31.4611077777778 76.34833,31.46083 76.3480522222222,31.46083 76.3480522222222,31.4605522222222 76.3477744444444,31.4605522222222 76.3477744444444,31.4602744444444 76.3474966666667,31.4602744444444 76.3474966666667,31.4599966666667 76.3472188888889,31.4599966666667 76.3472188888889,31.4597188888889 76.3469411111111,31.4597188888889 76.3469411111111,31.4594411111111 76.3466633333333,31.4594411111111 76.3466633333333,31.4591633333333 76.3463855555556,31.4591633333333 76.3463855555556,31.4588855555556 76.3461077777778,31.4588855555556 76.3461077777778,31.4586077777778 76.34583,31.4586077777778 76.34583,31.45833 76.3461077777778,31.45833 76.3461077777778,31.4580522222222 76.3466633333333,31.4580522222222 76.3466633333333,31.4574966666667 76.3463855555556,31.4574966666667 76.3463855555556,31.4572188888889 76.3461077777778,31.4572188888889 76.3461077777778,31.4569411111111 76.3463855555556,31.4569411111111 76.3463855555556,31.4566633333333 76.3466633333333,31.4566633333333 76.3466633333333,31.4563855555556 76.3469411111111,31.4563855555556 76.3469411111111,31.4561077777778 76.3474966666667,31.4561077777778 76.3474966666667,31.4563855555556 76.3477744444444,31.4563855555556 76.3477744444444,31.4569411111111 76.3480522222222,31.4569411111111 76.3480522222222,31.4572188888889 76.34833,31.4572188888889 76.34833,31.4574966666667 76.3486077777778,31.4574966666667 76.3486077777778,31.4577744444444 76.3488855555556,31.4577744444444 76.3488855555556,31.4574966666667 76.3491633333333,31.4574966666667 76.3491633333333,31.4569411111111 76.3486077777778,31.4569411111111 76.3486077777778,31.4563855555556 76.3488855555556,31.4563855555556 76.3488855555556,31.45583 76.3494411111111,31.45583 76.3494411111111,31.4566633333333 76.3499966666667,31.4566633333333 76.3499966666667,31.4563855555556 76.3502744444444,31.4563855555556 76.3502744444444,31.4552744444444 76.3497188888889,31.4552744444444 76.3497188888889,31.4549966666667 76.3494411111111,31.4549966666667 76.3494411111111,31.4544411111111 76.3491633333333,31.4544411111111 76.3491633333333,31.4538855555556 76.3497188888889,31.4538855555556 76.3497188888889,31.4536077777778 76.3505522222222,31.4536077777778 76.3505522222222,31.45333 76.3502744444444,31.45333 76.3502744444444,31.4530522222222 76.3499966666667,31.4530522222222 76.3499966666667,31.4524966666667 76.3502744444444,31.4524966666667 76.3502744444444,31.4522188888889 76.3505522222222,31.4522188888889 76.3505522222222,31.4513855555556 76.35083,31.4513855555556 76.35083,31.4511077777778 76.3511077777778,31.4511077777778 76.3511077777778,31.45083 76.3516633333333,31.45083 76.3516633333333,31.4499966666667 76.3519411111111,31.4499966666667 76.3519411111111,31.4494411111111 76.3516633333333,31.4494411111111 76.3516633333333,31.4497188888889 76.3513855555556,31.4497188888889 76.3513855555556,31.4502744444444 76.3511077777778,31.4502744444444 76.3511077777778,31.4505522222222 76.3505522222222,31.4505522222222 76.3505522222222,31.45083 76.3502744444444,31.45083 76.3502744444444,31.4511077777778 76.3499966666667,31.4511077777778 76.3499966666667,31.4513855555556 76.3497188888889,31.4513855555556 76.3497188888889,31.4516633333333 76.3494411111111,31.4516633333333 76.3494411111111,31.4519411111111 76.3491633333333,31.4519411111111 76.3491633333333,31.4516633333333 76.3486077777778,31.4516633333333 76.3486077777778,31.4513855555556 76.3477744444444,31.4513855555556 76.3477744444444,31.4511077777778 76.3488855555556,31.4511077777778 76.3488855555556,31.45083 76.3491633333333,31.45083 76.3491633333333,31.4505522222222 76.34833,31.4505522222222 76.34833,31.4502744444444 76.3477744444444,31.4502744444444 76.3477744444444,31.4497188888889 76.3480522222222,31.4497188888889 76.3480522222222,31.4491633333333 76.34833,31.4491633333333 76.34833,31.4494411111111 76.3491633333333,31.4494411111111 76.3491633333333,31.4497188888889 76.3497188888889,31.4497188888889 76.3497188888889,31.4491633333333 76.3494411111111,31.4491633333333 76.3494411111111,31.4480522222222 76.3480522222222,31.4480522222222 76.3480522222222,31.4474966666667 76.3491633333333,31.4474966666667 76.3491633333333,31.4469411111111 76.3488855555556,31.4469411111111 76.3488855555556,31.4466633333333 76.3497188888889,31.4466633333333 76.3497188888889,31.4469411111111 76.3499966666667,31.4469411111111 76.3499966666667,31.4472188888889 76.3502744444444,31.4472188888889 76.3502744444444,31.4469411111111 76.3505522222222,31.4469411111111 76.3505522222222,31.4466633333333 76.3502744444444,31.4466633333333 76.3502744444444,31.4463855555556 76.3499966666667,31.4463855555556 76.3499966666667,31.4461077777778 76.3505522222222,31.4461077777778 76.3505522222222,31.44583 76.35083,31.44583 76.35083,31.4455522222222 76.3505522222222,31.4455522222222 76.3505522222222,31.4452744444444 76.3519411111111,31.4452744444444 76.3519411111111,31.4449966666667 76.3516633333333,31.4449966666667 76.3516633333333,31.4447188888889 76.3513855555556,31.4447188888889 76.3513855555556,31.4444411111111 76.3524966666667,31.4444411111111 76.3524966666667,31.4438855555556 76.3519411111111,31.4438855555556 76.3519411111111,31.44333 76.3527744444444,31.44333 76.3527744444444,31.4430522222222 76.3524966666667,31.4430522222222 76.3524966666667,31.4427744444444 76.3522188888889,31.4427744444444 76.3522188888889,31.4422188888889 76.3524966666667,31.4422188888889 76.3524966666667,31.4424966666667 76.3530522222222,31.4424966666667 76.3530522222222,31.4419411111111 76.3541633333333,31.4419411111111 76.3541633333333,31.4413855555556 76.3536077777778,31.4413855555556 76.3536077777778,31.4411077777778 76.3549966666667,31.4411077777778 76.3549966666667,31.4405522222222 76.3544411111111,31.4405522222222 76.3544411111111,31.4402744444444 76.3549966666667,31.4402744444444 76.3549966666667,31.4397188888889 76.35583,31.4397188888889 76.35583,31.4394411111111 76.3555522222222,31.4394411111111 76.3555522222222,31.4391633333333 76.3549966666667,31.4391633333333 76.3549966666667,31.4388855555556 76.3552744444444,31.4388855555556 76.3552744444444,31.43833 76.35583,31.43833 76.35583,31.4386077777778 76.3561077777778,31.4386077777778 76.3561077777778,31.4380522222222 76.35583,31.4380522222222 76.35583,31.4377744444444 76.3555522222222,31.4377744444444 76.3555522222222,31.4374966666667 76.3563855555555,31.4374966666667 76.3563855555555,31.4377744444444 76.3569411111111,31.4377744444444 76.3569411111111,31.4372188888889 76.3577744444444,31.4372188888889 76.3577744444444,31.4369411111111 76.3572188888889,31.4369411111111 76.3572188888889,31.4366633333333 76.3569411111111,31.4366633333333 76.3569411111111,31.4361077777778 76.3572188888889,31.4361077777778 76.3572188888889,31.4363855555556 76.3577744444444,31.4363855555556 76.3577744444444,31.4355522222222 76.3580522222222,31.4355522222222 76.3580522222222,31.4347188888889 76.3591633333333,31.4347188888889 76.3591633333333,31.4344411111111 76.3597188888889,31.4344411111111 76.3597188888889,31.4341633333333 76.3605522222222,31.4341633333333 76.3605522222222,31.4336077777778 76.3594411111111,31.4336077777778 76.3594411111111,31.43333 76.3597188888889,31.43333 76.3597188888889,31.4324966666667 76.3599966666667,31.4324966666667 76.3599966666667,31.4327744444444 76.3611077777778,31.4327744444444 76.3611077777778,31.4324966666667 76.3616633333333,31.4324966666667 76.3616633333333,31.4319411111111 76.3611077777778,31.4319411111111 76.3611077777778,31.4322188888889 76.36083,31.4322188888889 76.36083,31.4316633333333 76.3605522222222,31.4316633333333 76.3605522222222,31.4313855555556 76.36083,31.4313855555556 76.36083,31.4311077777778 76.3605522222222,31.4311077777778 76.3605522222222,31.43083 76.36083,31.43083 76.36083,31.4299966666667 76.3611077777778,31.4299966666667 76.3611077777778,31.4302744444444 76.3613855555556,31.4302744444444 76.3613855555556,31.4299966666667 76.3622188888889,31.4299966666667 76.3622188888889,31.4297188888889 76.3619411111111,31.4297188888889 76.3619411111111,31.4294411111111 76.3613855555556,31.4294411111111 76.3613855555556,31.4291633333333 76.3630522222222,31.4291633333333 76.3630522222222,31.4288855555556 76.3636077777778,31.4288855555556 76.3636077777778,31.4277744444444 76.36333,31.4277744444444 76.36333,31.4272188888889 76.3638855555556,31.4272188888889 76.3638855555556,31.4269411111111 76.3641633333333,31.4269411111111 76.3641633333333,31.4266633333333 76.3644411111111,31.4266633333333 76.3644411111111,31.4263855555556 76.3649966666667,31.4263855555556 76.3649966666667,31.4261077777778 76.3647188888889,31.4261077777778 76.3647188888889,31.42583 76.3644411111111,31.42583 76.3644411111111,31.4255522222222 76.36333,31.4255522222222 76.36333,31.42583 76.3624966666667,31.42583 76.3624966666667,31.4261077777778 76.3622188888889,31.4261077777778 76.3622188888889,31.4263855555556 76.3619411111111,31.4263855555556 76.3619411111111,31.4266633333333 76.3616633333333,31.4266633333333 76.3616633333333,31.4261077777778 76.3605522222222,31.4261077777778 76.3605522222222,31.42583 76.36083,31.42583 76.36083,31.4255522222222 76.3616633333333,31.4255522222222 76.3616633333333,31.4252744444444 76.3619411111111,31.4252744444444 76.3619411111111,31.4247188888889 76.3616633333333,31.4247188888889 76.3616633333333,31.4236077777778 76.3619411111111,31.4236077777778 76.3619411111111,31.4238855555556 76.3624966666667,31.4238855555556 76.3624966666667,31.4236077777778 76.3627744444444,31.4236077777778 76.3627744444444,31.4230522222222 76.3630522222222,31.4230522222222 76.3630522222222,31.4227744444444 76.36333,31.4227744444444 76.36333,31.4222188888889 76.3636077777778,31.4222188888889 76.3636077777778,31.4216633333333 76.36333,31.4216633333333 76.36333,31.4219411111111 76.3627744444444,31.4219411111111 76.3627744444444,31.4222188888889 76.3624966666667,31.4222188888889 76.3624966666667,31.4227744444444 76.3619411111111,31.4227744444444 76.3619411111111,31.4230522222222 76.3616633333333,31.4230522222222 76.3616633333333,31.42333 76.3613855555556,31.42333 76.3613855555556,31.4236077777778 76.36083,31.4236077777778 76.36083,31.4241633333333 76.3605522222222,31.4241633333333 76.3605522222222,31.4244411111111 76.3602744444444,31.4244411111111 76.3602744444444,31.4247188888889 76.3599966666667,31.4247188888889 76.3599966666667,31.4249966666667 76.3597188888889,31.4249966666667 76.3597188888889,31.4252744444444 76.3594411111111,31.4252744444444 76.3594411111111,31.4255522222222 76.3591633333333,31.4255522222222 76.3591633333333,31.42583 76.3588855555555,31.42583 76.3588855555555,31.4261077777778 76.3586077777778,31.4261077777778 76.3586077777778,31.4263855555556 76.35833,31.4263855555556 76.35833,31.4266633333333 76.3580522222222,31.4266633333333 76.3580522222222,31.4269411111111 76.3577744444444,31.4269411111111 76.3577744444444,31.4274966666667 76.3580522222222,31.4274966666667 76.3580522222222,31.4277744444444 76.3569411111111,31.4277744444444 76.3569411111111,31.4280522222222 76.3566633333333,31.4280522222222 76.3566633333333,31.4291633333333 76.35583,31.4291633333333 76.35583,31.4294411111111 76.3555522222222,31.4294411111111 76.3555522222222,31.4297188888889 76.3552744444444,31.4297188888889 76.3552744444444,31.4299966666667 76.3549966666667,31.4299966666667 76.3549966666667,31.4305522222222 76.3547188888889,31.4305522222222 76.3547188888889,31.4311077777778 76.3549966666667,31.4311077777778 76.3549966666667,31.4316633333333 76.3536077777778,31.4316633333333 76.3536077777778,31.4319411111111 76.35333,31.4319411111111 76.35333,31.4327744444444 76.3522188888889,31.4327744444444 76.3522188888889,31.4330522222222 76.3519411111111,31.4330522222222 76.3519411111111,31.43333 76.3516633333333,31.43333 76.3516633333333,31.4341633333333 76.3499966666667,31.4341633333333 76.3499966666667,31.4347188888889 76.3502744444444,31.4347188888889 76.3502744444444,31.4349966666667 76.3499966666667,31.4349966666667 76.3499966666667,31.4352744444444 76.3497188888889,31.4352744444444 76.3497188888889,31.4369411111111 76.3488855555556,31.4369411111111 76.3488855555556,31.4372188888889 76.3486077777778,31.4372188888889 76.3486077777778,31.4374966666667 76.34833,31.4374966666667 76.34833,31.43833 76.3486077777778,31.43833 76.3486077777778,31.4388855555556 76.34833,31.4388855555556 76.34833,31.4397188888889 76.3469411111111,31.4397188888889 76.3469411111111,31.4405522222222 76.3472188888889,31.4405522222222 76.3472188888889,31.44083 76.3469411111111,31.44083 76.3469411111111,31.4411077777778 76.3466633333333,31.4411077777778 76.3466633333333,31.44083 76.3463855555556,31.44083 76.3463855555556,31.4411077777778 76.3461077777778,31.4411077777778 76.3461077777778,31.4413855555556 76.34583,31.4413855555556 76.34583,31.4422188888889 76.3461077777778,31.4422188888889 76.3461077777778,31.4424966666667 76.3463855555556,31.4424966666667 76.3463855555556,31.4427744444444 76.3447188888889,31.4427744444444 76.3447188888889,31.44333 76.3449966666667,31.44333 76.3449966666667,31.4436077777778 76.3452744444444,31.4436077777778 76.3452744444444,31.4438855555556 76.3441633333333,31.4438855555556 76.3441633333333,31.4441633333333 76.3438855555555,31.4441633333333 76.3438855555555,31.4449966666667 76.3444411111111,31.4449966666667 76.3444411111111,31.4452744444444 76.3447188888889,31.4452744444444 76.3447188888889,31.4455522222222 76.3444411111111,31.4455522222222 76.3444411111111,31.44583 76.3438855555555,31.44583 76.3438855555555,31.4455522222222 76.34333,31.4455522222222 76.34333,31.44583 76.3427744444444,31.44583 76.3427744444444,31.4461077777778 76.3424966666667,31.4461077777778 76.3424966666667,31.4466633333333 76.3422188888889,31.4466633333333 76.3422188888889,31.4472188888889 76.3424966666667,31.4472188888889 76.3424966666667,31.4474966666667 76.3427744444444,31.4474966666667 76.3427744444444,31.4477744444444 76.3430522222222,31.4477744444444 76.3430522222222,31.4480522222222 76.34333,31.4480522222222 76.34333,31.4486077777778 76.3430522222222,31.4486077777778 76.3430522222222,31.44833 76.3424966666667,31.44833 76.3424966666667,31.4480522222222 76.3413855555555,31.4480522222222 76.3413855555555,31.44833 76.3411077777778,31.44833 76.3411077777778,31.4486077777778 76.34083,31.4486077777778 76.34083,31.4488855555556 76.3411077777778,31.4488855555556 76.3411077777778,31.4491633333333 76.3413855555555,31.4491633333333 76.3413855555555,31.4494411111111 76.3416633333333,31.4494411111111 76.3416633333333,31.4497188888889 76.3413855555555,31.4497188888889 76.3413855555555,31.4499966666667 76.3416633333333,31.4499966666667 76.3416633333333,31.4502744444444 76.3419411111111,31.4502744444444 76.3419411111111,31.4505522222222 76.3411077777778,31.4505522222222 76.3411077777778,31.4502744444444 76.34083,31.4502744444444 76.34083,31.4499966666667 76.3402744444444,31.4499966666667 76.3402744444444,31.4497188888889 76.3399966666667,31.4497188888889 76.3399966666667,31.4499966666667 76.3397188888889,31.4499966666667 76.3397188888889,31.4511077777778 76.3391633333333,31.4511077777778 76.3391633333333,31.4513855555556 76.3386077777778,31.4513855555556 76.3386077777778,31.4511077777778 76.33833,31.4511077777778 76.33833,31.45083 76.3380522222222,31.45083 76.3380522222222,31.4505522222222 76.3377744444444,31.4505522222222 76.3377744444444,31.4502744444444 76.3374966666667,31.4502744444444 76.3374966666667,31.4499966666667 76.3372188888889,31.4499966666667 76.3372188888889,31.4497188888889 76.3369411111111,31.4497188888889 76.3369411111111,31.4494411111111 76.3366633333333,31.4494411111111 76.3366633333333,31.4491633333333 76.3363855555556,31.4491633333333 76.3363855555556,31.4488855555556 76.3361077777778,31.4488855555556 76.3361077777778,31.4486077777778 76.33583,31.4486077777778 76.33583,31.44833 76.3355522222222,31.44833 76.3355522222222,31.4480522222222 76.3352744444444,31.4480522222222 76.3352744444444,31.4477744444444 76.3349966666667,31.4477744444444 76.3349966666667,31.4474966666667 76.3347188888889,31.4474966666667 76.3347188888889,31.4472188888889 76.3344411111111,31.4472188888889 76.3344411111111,31.4469411111111 76.3341633333333,31.4469411111111 76.3341633333333,31.4466633333333 76.3338855555556,31.4466633333333 76.3338855555556,31.4463855555556 76.3336077777778,31.4463855555556 76.3336077777778,31.4461077777778 76.33333,31.4461077777778 76.33333,31.44583 76.3330522222222,31.44583 76.3330522222222,31.4455522222222 76.3327744444444,31.4455522222222 76.3327744444444,31.4452744444444 76.3324966666667,31.4452744444444 76.3324966666667,31.4449966666667 76.3322188888889,31.4449966666667 76.3322188888889,31.4447188888889 76.3319411111111,31.4447188888889 76.3319411111111,31.4444411111111 76.3316633333333,31.4444411111111 76.3316633333333,31.4441633333333 76.3313855555556,31.4441633333333 76.3313855555556,31.4438855555556 76.3311077777778,31.4438855555556 76.3311077777778,31.4436077777778 76.33083,31.4436077777778 76.33083,31.44333 76.3305522222222,31.44333 76.3305522222222,31.4430522222222 76.3302744444444,31.4430522222222 76.3302744444444,31.4427744444444 76.3299966666667,31.4427744444444 76.3299966666667,31.4424966666667 76.3297188888889,31.4424966666667 76.3297188888889,31.4422188888889 76.3294411111111,31.4422188888889 76.3294411111111,31.4419411111111 76.3291633333333,31.4419411111111 76.3291633333333,31.4416633333333 76.3288855555555,31.4416633333333 76.3288855555555,31.4413855555556 76.3286077777778,31.4413855555556 76.3286077777778,31.4411077777778 76.32833,31.4411077777778 76.32833,31.44083 76.3280522222222,31.44083 76.3280522222222,31.4405522222222 76.3277744444444,31.4405522222222 76.3277744444444,31.4402744444444 76.3274966666667,31.4402744444444 76.3274966666667,31.4399966666667 76.3272188888889,31.4399966666667 76.3272188888889,31.4397188888889 76.3269411111111,31.4397188888889 76.3269411111111,31.4394411111111 76.3266633333333,31.4394411111111 76.3266633333333,31.4391633333333 76.3263855555555,31.4391633333333 76.3263855555555,31.4388855555556 76.3261077777778,31.4388855555556 76.3261077777778,31.4386077777778 76.32583,31.4386077777778 76.32583,31.43833 76.3255522222222,31.43833 76.3255522222222,31.4380522222222 76.3252744444444,31.4380522222222 76.3252744444444,31.4377744444444 76.3249966666667,31.4377744444444 76.3249966666667,31.4374966666667 76.3247188888889,31.4374966666667 76.3247188888889,31.4372188888889 76.3244411111111,31.4372188888889 76.3244411111111,31.4369411111111 76.3241633333333,31.4369411111111 76.3241633333333,31.4366633333333 76.3238855555555,31.4366633333333 76.3238855555555,31.4363855555556 76.3236077777778,31.4363855555556 76.3236077777778,31.4361077777778 76.32333,31.4361077777778 76.32333,31.43583 76.3230522222222,31.43583 76.3230522222222,31.4355522222222 76.3227744444444,31.4355522222222 76.3227744444444,31.4352744444444 76.3224966666667,31.4352744444444 76.3224966666667,31.4349966666667 76.3222188888889,31.4349966666667 76.3222188888889,31.4347188888889 76.3219411111111,31.4347188888889 76.3219411111111,31.4344411111111 76.3216633333333,31.4344411111111 76.3216633333333,31.4341633333333 76.3213855555556,31.4341633333333 76.3213855555556,31.4338855555556 76.3211077777778,31.4338855555556 76.3211077777778,31.4336077777778 76.32083,31.4336077777778 76.32083,31.43333 76.3205522222222,31.43333 76.3205522222222,31.4330522222222 76.3202744444444,31.4330522222222 76.3202744444444,31.4327744444444 76.3199966666667,31.4327744444444 76.3199966666667,31.4324966666667 76.3197188888889,31.4324966666667 76.3197188888889,31.4322188888889 76.3194411111111,31.4322188888889 76.3194411111111,31.4319411111111 76.3191633333333,31.4319411111111 76.3191633333333,31.4316633333333 76.3188855555556,31.4316633333333 76.3188855555556,31.4313855555556 76.3186077777778,31.4313855555556 76.3186077777778,31.4311077777778 76.31833,31.4311077777778 76.31833,31.43083 76.3180522222222,31.43083 76.3180522222222,31.4305522222222 76.3177744444444,31.4305522222222 76.3177744444444,31.4302744444444 76.3174966666667,31.4302744444444 76.3174966666667,31.4299966666667 76.3172188888889,31.4299966666667 76.3172188888889,31.4297188888889 76.3169411111111,31.4297188888889 76.3169411111111,31.4294411111111 76.3166633333333,31.4294411111111 76.3166633333333,31.4291633333333 76.3163855555556,31.4291633333333 76.3163855555556,31.4288855555556 76.3161077777778,31.4288855555556 76.3161077777778,31.4286077777778 76.31583,31.4286077777778 76.31583,31.42833 76.3155522222222,31.42833 76.3155522222222,31.4280522222222 76.3152744444444,31.4280522222222 76.3152744444444,31.4277744444444 76.3149966666667,31.4277744444444 76.3149966666667,31.4274966666667 76.3147188888889,31.4274966666667 76.3147188888889,31.4272188888889 76.3144411111111,31.4272188888889 76.3144411111111,31.4269411111111 76.3141633333333,31.4269411111111 76.3141633333333,31.4266633333333 76.3138855555555,31.4266633333333 76.3138855555555,31.4263855555556 76.3136077777778,31.4263855555556 76.3136077777778,31.4261077777778 76.31333,31.4261077777778 76.31333,31.42583 76.3130522222222,31.42583 76.3130522222222,31.4255522222222 76.3127744444444,31.4255522222222 76.3127744444444,31.4252744444444 76.3124966666667,31.4252744444444 76.3124966666667,31.4249966666667 76.3122188888889,31.4249966666667 76.3122188888889,31.4247188888889 76.3119411111111,31.4247188888889 76.3119411111111,31.4244411111111 76.3116633333333,31.4244411111111 76.3116633333333,31.4241633333333 76.3113855555555,31.4241633333333 76.3113855555555,31.4238855555556 76.3111077777778,31.4238855555556 76.3111077777778,31.4236077777778 76.31083,31.4236077777778 76.31083,31.42333 76.3105522222222,31.42333 76.3105522222222,31.4230522222222 76.3102744444444,31.4230522222222 76.3102744444444,31.4227744444444 76.3099966666667,31.4227744444444 76.3099966666667,31.4224966666667 76.3097188888889,31.4224966666667 76.3097188888889,31.4222188888889 76.3094411111111,31.4222188888889 76.3094411111111,31.4219411111111 76.3091633333333,31.4219411111111 76.3091633333333,31.4216633333333 76.3088855555555,31.4216633333333 76.3088855555555,31.4213855555556 76.3086077777778,31.4213855555556 76.3086077777778,31.4211077777778 76.30833,31.4211077777778 76.30833,31.42083 76.3080522222222,31.42083 76.3080522222222,31.4205522222222 76.3077744444444,31.4205522222222 76.3077744444444,31.4202744444444 76.3074966666667,31.4202744444444 76.3074966666667,31.4199966666667 76.3072188888889,31.4199966666667 76.3072188888889,31.4197188888889 76.3069411111111,31.4197188888889 76.3069411111111,31.4194411111111 76.3066633333333,31.4194411111111 76.3066633333333,31.4191633333333 76.3063855555556,31.4191633333333 76.3063855555556,31.4188855555556 76.3061077777778,31.4188855555556 76.3061077777778,31.4186077777778 76.30583,31.4186077777778 76.30583,31.41833 76.3055522222222,31.41833 76.3055522222222,31.4180522222222 76.3052744444444,31.4180522222222 76.3052744444444,31.4177744444444 76.3049966666667,31.4177744444444 76.3049966666667,31.4174966666667 76.3047188888889,31.4174966666667 76.3047188888889,31.4172188888889 76.3044411111111,31.4172188888889 76.3044411111111,31.4169411111111 76.3041633333333,31.4169411111111 76.3041633333333,31.4166633333333 76.3038855555556,31.4166633333333 76.3038855555556,31.4163855555556 76.3036077777778,31.4163855555556 76.3036077777778,31.4161077777778 76.30333,31.4161077777778 76.30333,31.41583 76.3030522222222,31.41583 76.3030522222222,31.4155522222222 76.3027744444444,31.4155522222222 76.3027744444444,31.4152744444444 76.3024966666667,31.4152744444444 76.3024966666667,31.4149966666667 76.3022188888889,31.4149966666667 76.3022188888889,31.4147188888889 76.3019411111111,31.4147188888889 76.3019411111111,31.4144411111111 76.3016633333333,31.4144411111111 76.3016633333333,31.4141633333333 76.3013855555556,31.4141633333333 76.3013855555556,31.4138855555556 76.3011077777778,31.4138855555556 76.3011077777778,31.4136077777778 76.30083,31.4136077777778 76.30083,31.41333 76.3005522222222,31.41333 76.3005522222222,31.4130522222222 76.3002744444444,31.4130522222222 76.3002744444444,31.4127744444444 76.2999966666667,31.4127744444444 76.2999966666667,31.4124966666667 76.2997188888889,31.4124966666667 76.2997188888889,31.4122188888889 76.2994411111111,31.4122188888889 76.2994411111111,31.4119411111111 76.2991633333333,31.4119411111111 76.2991633333333,31.4116633333333 76.2988855555556,31.4116633333333 76.2988855555556,31.4113855555556 76.2986077777778,31.4113855555556 76.2986077777778,31.4111077777778 76.29833,31.4111077777778 76.29833,31.41083 76.2986077777778,31.41083 76.2986077777778,31.4105522222222 76.2988855555556,31.4105522222222 76.2988855555556,31.4102744444444 76.2991633333333,31.4102744444444 76.2991633333333,31.4099966666667 76.2994411111111,31.4099966666667 76.2994411111111,31.4097188888889 76.2997188888889,31.4097188888889 76.2997188888889,31.4094411111111 76.2999966666667,31.4094411111111 76.2999966666667,31.4091633333333 76.3002744444444,31.4091633333333 76.3002744444444,31.4088855555556 76.3005522222222,31.4088855555556 76.3005522222222,31.4086077777778 76.30083,31.4086077777778 76.30083,31.40833 76.3011077777778,31.40833 76.3011077777778,31.4080522222222 76.3013855555556,31.4080522222222 76.3013855555556,31.4077744444444 76.3016633333333,31.4077744444444 76.3016633333333,31.4074966666667 76.3019411111111,31.4074966666667 76.3019411111111,31.4072188888889 76.3022188888889,31.4072188888889 76.3022188888889,31.4069411111111 76.3024966666667,31.4069411111111 76.3024966666667,31.4066633333333 76.3027744444444,31.4066633333333 76.3027744444444,31.4063855555556 76.3030522222222,31.4063855555556 76.3030522222222,31.4061077777778 76.30333,31.4061077777778 76.30333,31.40583 76.3036077777778,31.40583 76.3036077777778,31.4055522222222 76.3038855555556,31.4055522222222 76.3038855555556,31.4052744444444 76.3041633333333,31.4052744444444 76.3041633333333,31.4049966666667 76.3044411111111,31.4049966666667 76.3044411111111,31.4047188888889 76.3047188888889,31.4047188888889 76.3047188888889,31.4044411111111 76.3049966666667,31.4044411111111 76.3049966666667,31.4041633333333 76.3052744444444,31.4041633333333 76.3052744444444,31.4038855555556 76.3055522222222,31.4038855555556 76.3055522222222,31.4036077777778 76.30583,31.4036077777778 76.30583,31.40333 76.3061077777778,31.40333 76.3061077777778,31.4030522222222 76.3063855555556,31.4030522222222 76.3063855555556,31.4027744444444 76.3066633333333,31.4027744444444 76.3066633333333,31.4024966666667 76.3069411111111,31.4024966666667 76.3069411111111,31.4022188888889 76.3072188888889,31.4022188888889 76.3072188888889,31.4019411111111 76.3074966666667,31.4019411111111 76.3074966666667,31.4016633333333 76.3077744444444,31.4016633333333 76.3077744444444,31.4013855555556 76.3080522222222,31.4013855555556 76.3080522222222,31.4011077777778 76.30833,31.4011077777778 76.30833,31.40083 76.3086077777778,31.40083 76.3086077777778,31.4005522222222 76.3088855555555,31.4005522222222 76.3088855555555,31.4002744444444 76.3091633333333,31.4002744444444 76.3091633333333,31.3999966666667 76.3094411111111,31.3999966666667 76.3094411111111,31.3997188888889 76.3097188888889,31.3997188888889 76.3097188888889,31.3994411111111 76.3099966666667,31.3994411111111 76.3099966666667,31.3991633333333 76.3102744444444,31.3991633333333 76.3102744444444,31.3988855555556 76.3105522222222,31.3988855555556 76.3105522222222,31.3986077777778 76.31083,31.3986077777778 76.31083,31.39833 76.3111077777778,31.39833 76.3111077777778,31.3980522222222 76.3113855555555,31.3980522222222 76.3113855555555,31.3977744444444 76.3116633333333,31.3977744444444 76.3116633333333,31.3974966666667 76.3119411111111,31.3974966666667 76.3119411111111,31.3972188888889 76.3122188888889,31.3972188888889 76.3122188888889,31.3969411111111 76.3124966666667,31.3969411111111 76.3124966666667,31.3966633333333 76.3127744444444,31.3966633333333 76.3127744444444,31.3963855555556 76.3130522222222,31.3963855555556 76.3130522222222,31.3961077777778 76.31333,31.3961077777778 76.31333,31.39583 76.3136077777778,31.39583 76.3136077777778,31.3955522222222 76.3138855555555,31.3955522222222 76.3138855555555,31.3952744444444 76.3141633333333,31.3952744444444 76.3141633333333,31.3949966666667 76.3144411111111,31.3949966666667 76.3144411111111,31.3947188888889 76.3147188888889,31.3947188888889 76.3147188888889,31.3944411111111 76.3149966666667,31.3944411111111 76.3149966666667,31.3941633333333 76.3152744444444,31.3941633333333 76.3152744444444,31.3938855555556 76.3155522222222,31.3938855555556 76.3155522222222,31.3936077777778 76.31583,31.3936077777778 76.31583,31.39333 76.3161077777778,31.39333 76.3161077777778,31.3930522222222 76.3163855555556,31.3930522222222 76.3163855555556,31.3927744444444 76.3166633333333,31.3927744444444 76.3166633333333,31.3924966666667 76.3169411111111,31.3924966666667 76.3169411111111,31.3922188888889 76.3172188888889,31.3922188888889 76.3172188888889,31.3919411111111 76.3174966666667,31.3919411111111 76.3174966666667,31.3916633333333 76.3177744444444,31.3916633333333 76.3177744444444,31.3913855555556 76.3180522222222,31.3913855555556 76.3180522222222,31.3911077777778 76.31833,31.3911077777778 76.31833,31.39083 76.3186077777778,31.39083 76.3186077777778,31.3905522222222 76.3188855555556,31.3905522222222 76.3188855555556,31.3902744444444 76.3191633333333,31.3902744444444 76.3191633333333,31.3899966666667 76.3194411111111,31.3899966666667 76.3194411111111,31.3897188888889 76.3197188888889,31.3897188888889 76.3197188888889,31.3894411111111 76.3199966666667,31.3894411111111 76.3199966666667,31.3891633333333 76.3202744444444,31.3891633333333 76.3202744444444,31.3888855555556 76.3205522222222,31.3888855555556 76.3205522222222,31.3886077777778 76.32083,31.3886077777778 76.32083,31.38833 76.3211077777778,31.38833 76.3211077777778,31.3880522222222 76.3213855555556,31.3880522222222 76.3213855555556,31.3877744444444 76.3216633333333,31.3877744444444 76.3216633333333,31.3874966666667 76.3219411111111,31.3874966666667 76.3219411111111,31.3872188888889 76.3222188888889,31.3872188888889 76.3222188888889,31.3869411111111 76.3224966666667,31.3869411111111 76.3224966666667,31.3866633333333 76.3227744444444,31.3866633333333 76.3227744444444,31.3863855555556 76.3230522222222,31.3863855555556 76.3230522222222,31.3861077777778 76.32333,31.3861077777778 76.32333,31.38583 76.3236077777778,31.38583 76.3236077777778,31.3855522222222 76.3238855555555,31.3855522222222 76.3238855555555,31.3852744444444 76.3241633333333,31.3852744444444 76.3241633333333,31.3849966666667 76.3244411111111,31.3849966666667 76.3244411111111,31.3847188888889 76.3247188888889,31.3847188888889 76.3247188888889,31.3844411111111 76.3249966666667,31.3844411111111 76.3249966666667,31.3841633333333 76.3252744444444,31.3841633333333 76.3252744444444,31.3838855555556 76.3255522222222,31.3838855555556 76.3255522222222,31.3836077777778 76.32583,31.3836077777778 76.32583,31.38333 76.3261077777778,31.38333 76.3261077777778,31.3830522222222 76.3263855555555,31.3830522222222 76.3263855555555,31.3827744444444 76.3266633333333,31.3827744444444 76.3266633333333,31.3824966666667 76.3269411111111,31.3824966666667 76.3269411111111,31.3822188888889 76.3272188888889,31.3822188888889 76.3272188888889,31.3819411111111 76.3274966666667,31.3819411111111 76.3274966666667,31.3816633333333 76.3277744444444,31.3816633333333 76.3277744444444,31.3813855555556 76.3280522222222,31.3813855555556 76.3280522222222,31.3811077777778 76.32833,31.3811077777778 76.32833,31.38083 76.3286077777778,31.38083 76.3286077777778,31.3805522222222 76.3288855555555,31.3805522222222 76.3288855555555,31.3802744444444 76.3291633333333,31.3802744444444 76.3291633333333,31.3799966666667 76.3294411111111,31.3799966666667 76.3294411111111,31.3797188888889 76.3297188888889,31.3797188888889 76.3297188888889,31.3794411111111 76.3299966666667,31.3794411111111 76.3299966666667,31.3791633333333 76.3302744444444,31.3791633333333 76.3302744444444,31.3788855555556 76.3305522222222,31.3788855555556 76.3305522222222,31.3786077777778 76.33083,31.3786077777778 76.33083,31.37833 76.3311077777778,31.37833 76.3311077777778,31.3780522222222 76.3313855555556,31.3780522222222 76.3313855555556,31.3777744444444 76.3316633333333,31.3777744444444 76.3316633333333,31.3774966666667 76.3319411111111,31.3774966666667 76.3319411111111,31.3772188888889 76.3322188888889,31.3772188888889 76.3322188888889,31.3769411111111 76.3324966666667,31.3769411111111 76.3324966666667,31.3766633333333 76.3327744444444,31.3766633333333 76.3327744444444,31.3763855555556 76.3330522222222,31.3763855555556 76.3330522222222,31.3761077777778 76.33333,31.3761077777778 76.33333,31.37583 76.3336077777778,31.37583 76.3336077777778,31.3755522222222 76.3338855555556,31.3755522222222 76.3338855555556,31.3752744444444 76.3341633333333,31.3752744444444 76.3341633333333,31.3749966666667 76.3344411111111,31.3749966666667 76.3344411111111,31.3747188888889 76.3347188888889,31.3747188888889 76.3347188888889,31.3744411111111 76.3349966666667,31.3744411111111 76.3349966666667,31.3741633333333 76.3352744444444,31.3741633333333 76.3352744444444,31.3738855555556 76.3355522222222,31.3738855555556 76.3355522222222,31.3736077777778 76.33583,31.3736077777778 76.33583,31.37333 76.3361077777778,31.37333 76.3361077777778,31.3730522222222 76.3363855555556,31.3730522222222 76.3363855555556,31.3727744444444 76.3366633333333,31.3727744444444 76.3366633333333,31.3724966666667 76.3369411111111,31.3724966666667 76.3369411111111,31.3722188888889 76.3372188888889,31.3722188888889 76.3372188888889,31.3719411111111 76.3374966666667,31.3719411111111 76.3374966666667,31.3716633333333 76.3377744444444,31.3716633333333 76.3377744444444,31.3713855555556 76.3380522222222,31.3713855555556 76.3380522222222,31.3711077777778 76.33833,31.3711077777778 76.33833,31.37083 76.3386077777778,31.37083 76.3386077777778,31.3705522222222 76.3388855555555,31.3705522222222 76.3388855555555,31.3702744444444 76.3391633333333,31.3702744444444 76.3391633333333,31.3699966666667 76.3394411111111,31.3699966666667 76.3394411111111,31.3697188888889 76.3397188888889,31.3697188888889 76.3397188888889,31.3694411111111 76.3399966666667,31.3694411111111 76.3399966666667,31.3691633333333 76.3402744444444,31.3691633333333 76.3402744444444,31.3688855555556 76.3405522222222,31.3688855555556 76.3405522222222,31.3686077777778 76.34083,31.3686077777778 76.34083,31.36833 76.3411077777778,31.36833 76.3411077777778,31.3680522222222 76.3413855555555,31.3680522222222 76.3413855555555,31.3677744444444 76.3416633333333,31.3677744444444 76.3416633333333,31.3674966666667 76.3419411111111,31.3674966666667 76.3419411111111,31.3672188888889 76.3422188888889,31.3672188888889 76.3422188888889,31.3669411111111 76.3424966666667,31.3669411111111 76.3424966666667,31.3666633333333 76.3427744444444,31.3666633333333 76.3427744444444,31.3663855555556 76.3430522222222,31.3663855555556 76.3430522222222,31.3661077777778 76.34333,31.3661077777778 76.34333,31.36583 76.3436077777778,31.36583 76.3436077777778,31.3655522222222 76.3438855555555,31.3655522222222 76.3438855555555,31.3652744444444 76.3441633333333,31.3652744444444 76.3441633333333,31.3649966666667 76.3444411111111,31.3649966666667 76.3444411111111,31.3647188888889 76.3447188888889,31.3647188888889 76.3447188888889,31.3644411111111 76.3449966666667,31.3644411111111 76.3449966666667,31.3641633333333 76.3452744444444,31.3641633333333 76.3452744444444,31.3638855555556 76.3455522222222,31.3638855555556 76.3455522222222,31.3636077777778 76.34583,31.3636077777778 76.34583,31.36333 76.3461077777778,31.36333 76.3461077777778,31.3630522222222 76.3463855555556,31.3630522222222 76.3463855555556,31.3627744444444 76.3466633333333,31.3627744444444 76.3466633333333,31.3624966666667 76.3469411111111,31.3624966666667 76.3469411111111,31.3622188888889 76.3472188888889,31.3622188888889 76.3472188888889,31.3619411111111 76.3474966666667,31.3619411111111 76.3474966666667,31.3616633333333 76.3477744444444,31.3616633333333 76.3477744444444,31.3613855555556 76.3480522222222,31.3613855555556 76.3480522222222,31.3611077777778 76.34833,31.3611077777778 76.34833,31.36083 76.3486077777778,31.36083 76.3486077777778,31.3605522222222 76.3488855555556,31.3605522222222 76.3488855555556,31.3602744444444 76.3491633333333,31.3602744444444 76.3491633333333,31.3599966666667 76.3494411111111,31.3599966666667 76.3494411111111,31.3597188888889 76.3497188888889,31.3597188888889 76.3497188888889,31.3594411111111 76.3499966666667,31.3594411111111 76.3499966666667,31.3591633333333 76.3502744444444,31.3591633333333 76.3502744444444,31.3588855555556 76.3505522222222,31.3588855555556 76.3505522222222,31.3586077777778 76.35083,31.3586077777778 76.35083,31.35833 76.3511077777778,31.35833 76.3511077777778,31.3580522222222 76.3513855555556,31.3580522222222 76.3513855555556,31.3577744444444 76.3516633333333,31.3577744444444 76.3516633333333,31.3574966666667 76.3519411111111,31.3574966666667 76.3519411111111,31.3572188888889 76.3522188888889,31.3572188888889 76.3522188888889,31.3569411111111 76.3524966666667,31.3569411111111 76.3524966666667,31.3566633333333 76.3527744444444,31.3566633333333 76.3527744444444,31.3563855555556 76.3530522222222,31.3563855555556 76.3530522222222,31.3561077777778 76.35333,31.3561077777778 76.35333,31.35583 76.3536077777778,31.35583 76.3536077777778,31.3555522222222 76.3538855555556,31.3555522222222 76.3538855555556,31.3552744444444 76.3541633333333,31.3552744444444 76.3541633333333,31.3549966666667 76.3544411111111,31.3549966666667 76.3544411111111,31.3547188888889 76.3547188888889,31.3547188888889 76.3547188888889,31.3544411111111 76.3549966666667,31.3544411111111 76.3549966666667,31.3541633333333 76.3552744444444,31.3541633333333 76.3552744444444,31.3538855555556 76.3555522222222,31.3538855555556 76.3555522222222,31.3536077777778 76.35583,31.3536077777778 76.35583,31.35333 76.3561077777778,31.35333 76.3561077777778,31.3530522222222 76.3563855555555,31.3530522222222 76.3563855555555,31.3527744444444 76.3566633333333,31.3527744444444 76.3566633333333,31.3524966666667 76.3569411111111,31.3524966666667 76.3569411111111,31.3522188888889 76.3572188888889,31.3522188888889 76.3572188888889,31.3519411111111 76.3574966666667,31.3519411111111 76.3574966666667,31.3516633333333 76.3577744444444,31.3516633333333 76.3577744444444,31.3513855555556 76.3580522222222,31.3513855555556 76.3580522222222,31.3511077777778 76.35833,31.3511077777778 76.35833,31.35083 76.3586077777778,31.35083 76.3586077777778,31.3505522222222 76.3588855555555,31.3505522222222 76.3588855555555,31.3502744444444 76.3591633333333,31.3502744444444 76.3591633333333,31.3499966666667 76.3594411111111,31.3499966666667 76.3594411111111,31.3497188888889 76.3597188888889,31.3497188888889 76.3597188888889,31.3494411111111 76.3599966666667,31.3494411111111 76.3599966666667,31.3491633333333 76.3602744444444,31.3491633333333 76.3602744444444,31.3488855555556 76.3605522222222,31.3488855555556 76.3605522222222,31.3486077777778 76.36083,31.3486077777778 76.36083,31.34833 76.3611077777778,31.34833 76.3611077777778,31.3480522222222 76.3613855555556,31.3480522222222 76.3613855555556,31.3477744444444 76.3616633333333,31.3477744444444 76.3616633333333,31.3474966666667 76.3619411111111,31.3474966666667 76.3619411111111,31.3472188888889 76.3622188888889,31.3472188888889 76.3622188888889,31.3469411111111 76.3624966666667,31.3469411111111 76.3624966666667,31.3466633333333 76.3627744444444,31.3466633333333 76.3627744444444,31.3463855555556 76.3630522222222,31.3463855555556 76.3630522222222,31.3461077777778 76.36333,31.3461077777778 76.36333,31.34583 76.3636077777778,31.34583 76.3636077777778,31.3455522222222 76.3638855555556,31.3455522222222 76.3638855555556,31.3452744444444 76.3641633333333,31.3452744444444 76.3641633333333,31.3449966666667 76.3644411111111,31.3449966666667 76.3644411111111,31.3447188888889 76.3647188888889,31.3447188888889 76.3647188888889,31.3444411111111 76.3649966666667,31.3444411111111 76.3649966666667,31.3441633333333 76.3652744444444,31.3441633333333 76.3652744444444,31.3438855555556 76.3655522222222,31.3438855555556 76.3655522222222,31.3436077777778 76.36583,31.3436077777778 76.36583,31.34333 76.3661077777778,31.34333 76.3661077777778,31.3430522222222 76.3663855555556,31.3430522222222 76.3663855555556,31.3427744444444 76.3666633333333,31.3427744444444 76.3666633333333,31.3424966666667 76.3669411111111,31.3424966666667 76.3669411111111,31.3422188888889 76.3672188888889,31.3422188888889 76.3672188888889,31.3419411111111 76.3674966666667,31.3419411111111 76.3674966666667,31.3416633333333 76.3677744444444,31.3416633333333 76.3677744444444,31.3413855555556 76.3680522222222,31.3413855555556 76.3680522222222,31.3411077777778 76.36833,31.3411077777778 76.36833,31.34083 76.3686077777778,31.34083 76.3686077777778,31.3405522222222 76.3688855555556,31.3405522222222 76.3688855555556,31.3402744444444 76.3691633333333,31.3402744444444 76.3691633333333,31.3399966666667 76.3694411111111,31.3399966666667 76.3694411111111,31.3397188888889 76.3697188888889,31.3397188888889 76.3697188888889,31.3394411111111 76.3699966666667,31.3394411111111 76.3699966666667,31.3391633333333 76.3702744444444,31.3391633333333 76.3702744444444,31.3388855555556 76.3705522222222,31.3388855555556 76.3705522222222,31.3386077777778 76.37083,31.3386077777778 76.37083,31.33833 76.3711077777778,31.33833 76.3711077777778,31.3380522222222 76.3713855555555,31.3380522222222 76.3713855555555,31.3377744444444 76.3716633333333,31.3377744444444 76.3716633333333,31.3374966666667 76.3719411111111,31.3374966666667 76.3719411111111,31.3372188888889 76.3722188888889,31.3372188888889 76.3722188888889,31.3369411111111 76.3724966666667,31.3369411111111 76.3724966666667,31.3366633333333 76.3727744444444,31.3366633333333 76.3727744444444,31.3363855555556 76.3730522222222,31.3363855555556 76.3730522222222,31.3361077777778 76.37333,31.3361077777778 76.37333,31.33583 76.3736077777778,31.33583 76.3736077777778,31.3355522222222 76.3738855555555,31.3355522222222 76.3738855555555,31.3352744444444 76.3741633333333,31.3352744444444 76.3741633333333,31.3349966666667 76.3744411111111,31.3349966666667 76.3744411111111,31.3347188888889 76.3747188888889,31.3347188888889 76.3747188888889,31.3344411111111 76.3749966666667,31.3344411111111 76.3749966666667,31.3341633333333 76.3752744444444,31.3341633333333 76.3752744444444,31.3338855555556 76.3755522222222,31.3338855555556 76.3755522222222,31.3336077777778 76.37583,31.3336077777778 76.37583,31.33333 76.3761077777778,31.33333 76.3761077777778,31.3330522222222 76.3763855555555,31.3330522222222 76.3763855555555,31.3327744444444 76.3766633333333,31.3327744444444 76.3766633333333,31.3324966666667 76.3769411111111,31.3324966666667 76.3769411111111,31.3322188888889 76.3772188888889,31.3322188888889 76.3772188888889,31.3319411111111 76.3774966666667,31.3319411111111 76.3774966666667,31.3316633333333 76.3777744444444,31.3316633333333 76.3777744444444,31.3313855555556 76.3780522222222,31.3313855555556 76.3780522222222,31.3311077777778 76.37833,31.3311077777778 76.37833,31.33083 76.3786077777778,31.33083 76.3786077777778,31.3305522222222 76.3788855555556,31.3305522222222 76.3788855555556,31.3302744444444 76.3791633333333,31.3302744444444 76.3791633333333,31.3299966666667 76.3794411111111,31.3299966666667 76.3794411111111,31.3297188888889 76.3797188888889,31.3297188888889 76.3797188888889,31.3294411111111 76.3799966666667,31.3294411111111 76.3799966666667,31.3291633333333 76.3802744444444,31.3291633333333 76.3802744444444,31.3288855555556 76.3805522222222,31.3288855555556 76.3805522222222,31.3286077777778 76.38083,31.3286077777778 76.38083,31.32833 76.3811077777778,31.32833 76.3811077777778,31.3280522222222 76.3813855555556,31.3280522222222 76.3813855555556,31.3277744444444 76.3816633333333,31.3277744444444 76.3816633333333,31.3274966666667 76.3819411111111,31.3274966666667 76.3819411111111,31.3272188888889 76.3822188888889,31.3272188888889 76.3822188888889,31.3269411111111 76.3824966666667,31.3269411111111 76.3824966666667,31.3266633333333 76.3827744444444,31.3266633333333 76.3827744444444,31.3263855555556 76.3830522222222,31.3263855555556 76.3830522222222,31.3261077777778 76.38333,31.3261077777778 76.38333,31.32583 76.3836077777778,31.32583 76.3836077777778,31.3255522222222 76.3838855555556,31.3255522222222 76.3838855555556,31.3252744444444 76.3841633333333,31.3252744444444 76.3841633333333,31.3249966666667 76.3844411111111,31.3249966666667 76.3844411111111,31.3247188888889 76.3847188888889,31.3247188888889 76.3847188888889,31.3244411111111 76.3849966666667,31.3244411111111 76.3849966666667,31.3241633333333 76.3852744444444,31.3241633333333 76.3852744444444,31.3238855555556 76.3855522222222,31.3238855555556 76.3855522222222,31.3236077777778 76.38583,31.3236077777778 76.38583,31.32333 76.3861077777778,31.32333 76.3861077777778,31.3230522222222 76.3863855555555,31.3230522222222 76.3863855555555,31.3227744444444 76.3866633333333,31.3227744444444 76.3866633333333,31.3224966666667 76.3869411111111,31.3224966666667 76.3869411111111,31.3222188888889 76.3872188888889,31.3222188888889 76.3872188888889,31.3219411111111 76.3874966666667,31.3219411111111 76.3874966666667,31.3216633333333 76.3877744444444,31.3216633333333 76.3877744444444,31.3213855555556 76.3880522222222,31.3213855555556 76.3880522222222,31.3211077777778 76.38833,31.3211077777778 76.38833,31.32083 76.3886077777778,31.32083 76.3886077777778,31.3205522222222 76.3888855555555,31.3205522222222 76.3888855555555,31.3202744444444 76.3891633333333,31.3202744444444 76.3891633333333,31.3199966666667 76.3894411111111,31.3199966666667 76.3894411111111,31.3197188888889 76.3897188888889,31.3197188888889 76.3897188888889,31.3194411111111 76.3899966666667,31.3194411111111 76.3899966666667,31.3191633333333 76.3902744444444,31.3191633333333 76.3902744444444,31.3188855555556 76.3905522222222,31.3188855555556 76.3905522222222,31.3186077777778 76.39083,31.3186077777778 76.39083,31.31833 76.3911077777778,31.31833 76.3911077777778,31.3180522222222 76.3913855555555,31.3180522222222 76.3913855555555,31.3177744444444 76.3916633333333,31.3177744444444 76.3916633333333,31.3174966666667 76.3919411111111,31.3174966666667 76.3919411111111,31.3172188888889 76.3922188888889,31.3172188888889 76.3922188888889,31.3169411111111 76.3924966666667,31.3169411111111 76.3924966666667,31.3166633333333 76.3927744444444,31.3166633333333 76.3927744444444,31.3163855555556 76.3930522222222,31.3163855555556 76.3930522222222,31.3161077777778 76.39333,31.3161077777778 76.39333,31.31583 76.3936077777778,31.31583 76.3936077777778,31.3155522222222 76.3938855555556,31.3155522222222 76.3938855555556,31.3152744444444 76.3941633333333,31.3152744444444 76.3941633333333,31.3149966666667 76.3944411111111,31.3149966666667 76.3944411111111,31.3147188888889 76.3947188888889,31.3147188888889 76.3947188888889,31.3144411111111 76.3949966666667,31.3144411111111 76.3949966666667,31.3141633333333 76.3952744444444,31.3141633333333 76.3952744444444,31.3138855555556 76.3955522222222,31.3138855555556 76.3955522222222,31.3136077777778 76.39583,31.3136077777778 76.39583,31.31333 76.3961077777778,31.31333 76.3961077777778,31.3130522222222 76.3963855555556,31.3130522222222 76.3963855555556,31.3127744444444 76.3966633333333,31.3127744444444 76.3966633333333,31.3124966666667 76.3969411111111,31.3124966666667 76.3969411111111,31.3122188888889 76.3972188888889,31.3122188888889 76.3972188888889,31.3119411111111 76.3974966666667,31.3119411111111 76.3974966666667,31.3116633333333 76.3977744444444,31.3116633333333 76.3977744444444,31.3113855555556 76.3980522222222,31.3113855555556 76.3980522222222,31.3111077777778 76.39833,31.3111077777778 76.39833,31.31083 76.3986077777778,31.31083 76.3986077777778,31.3105522222222 76.3988855555556,31.3105522222222 76.3988855555556,31.3102744444444 76.3991633333333,31.3102744444444 76.3991633333333,31.3099966666667 76.3994411111111,31.3099966666667 76.3994411111111,31.3097188888889 76.3997188888889,31.3097188888889 76.3997188888889,31.3094411111111 76.3999966666667,31.3094411111111 76.3999966666667,31.3091633333333 76.4002744444444,31.3091633333333 76.4002744444444,31.3088855555556 76.4005522222222,31.3088855555556 76.4005522222222,31.3086077777778 76.40083,31.3086077777778 76.40083,31.30833 76.4011077777778,31.30833 76.4011077777778,31.3080522222222 76.4013855555555,31.3080522222222 76.4013855555555,31.3077744444444 76.4016633333333,31.3077744444444 76.4016633333333,31.3074966666667 76.4019411111111,31.3074966666667 76.4019411111111,31.3072188888889 76.4022188888889,31.3072188888889 76.4022188888889,31.3069411111111 76.4024966666667,31.3069411111111 76.4024966666667,31.3066633333333 76.4027744444444,31.3066633333333 76.4027744444444,31.3063855555556 76.4030522222222,31.3063855555556 76.4030522222222,31.3061077777778 76.40333,31.3061077777778 76.40333,31.30583 76.4036077777778,31.30583 76.4036077777778,31.3055522222222 76.4038855555555,31.3055522222222 76.4038855555555,31.3052744444444 76.4041633333333,31.3052744444444 76.4041633333333,31.3049966666667 76.4044411111111,31.3049966666667 76.4044411111111,31.3047188888889 76.4047188888889,31.3047188888889 76.4047188888889,31.3044411111111 76.4049966666667,31.3044411111111 76.4049966666667,31.3041633333333 76.4052744444444,31.3041633333333 76.4052744444444,31.3038855555556 76.4055522222222,31.3038855555556 76.4055522222222,31.3036077777778 76.40583,31.3036077777778 76.40583,31.30333 76.4061077777778,31.30333 76.4061077777778,31.3030522222222 76.4063855555555,31.3030522222222 76.4063855555555,31.3027744444444 76.4066633333333,31.3027744444444 76.4066633333333,31.3024966666667 76.4069411111111,31.3024966666667 76.4069411111111,31.3022188888889 76.4072188888889,31.3022188888889 76.4072188888889,31.3019411111111 76.4074966666667,31.3019411111111 76.4074966666667,31.3016633333333 76.4077744444444,31.3016633333333 76.4077744444444,31.3013855555556 76.4080522222222,31.3013855555556 76.4080522222222,31.3011077777778 76.40833,31.3011077777778 76.40833,31.30083 76.4086077777778,31.30083 76.4086077777778,31.3005522222222 76.4088855555556,31.3005522222222 76.4088855555556,31.3002744444444 76.4091633333333,31.3002744444444 76.4091633333333,31.2999966666667 76.4094411111111,31.2999966666667 76.4094411111111,31.2997188888889 76.4097188888889,31.2997188888889 76.4097188888889,31.2994411111111 76.4099966666667,31.2994411111111 76.4099966666667,31.2991633333333 76.4102744444444,31.2991633333333 76.4102744444444,31.2988855555556 76.4105522222222,31.2988855555556 76.4105522222222,31.2986077777778 76.41083,31.2986077777778 76.41083,31.29833 76.4111077777778,31.29833 76.4111077777778,31.2980522222222 76.4113855555556,31.2980522222222 76.4113855555556,31.2977744444444 76.4116633333333,31.2977744444444 76.4116633333333,31.2974966666667 76.4119411111111,31.2974966666667 76.4119411111111,31.2977744444444 76.4122188888889,31.2977744444444 76.4122188888889,31.2974966666667 76.4124966666667,31.2974966666667 76.4124966666667,31.2972188888889 76.4127744444444,31.2972188888889 76.4127744444444,31.2969411111111 76.4130522222222,31.2969411111111 76.4130522222222,31.2966633333333 76.41333,31.2966633333333 76.41333,31.2969411111111 76.4136077777778,31.2969411111111 76.4136077777778,31.2972188888889 76.4138855555556,31.2972188888889 76.4138855555556,31.2974966666667 76.4141633333333,31.2974966666667 76.4141633333333,31.2977744444444 76.4144411111111,31.2977744444444 76.4144411111111,31.2980522222222 76.4147188888889,31.2980522222222 76.4147188888889,31.29833 76.4149966666667,31.29833 76.4149966666667,31.2986077777778 76.4152744444444,31.2986077777778 76.4152744444444,31.2988855555556 76.4155522222222,31.2988855555556 76.4155522222222,31.2991633333333 76.41583,31.2991633333333 76.41583,31.2994411111111 76.4161077777778,31.2994411111111 76.4161077777778,31.2997188888889 76.4163855555556,31.2997188888889 76.4163855555556,31.2999966666667 76.4166633333333,31.2999966666667 76.4166633333333,31.3002744444444 76.4169411111111,31.3002744444444 76.4169411111111,31.3005522222222 76.4172188888889,31.3005522222222 76.4172188888889,31.30083 76.4174966666667,31.30083 76.4174966666667,31.3011077777778 76.4177744444444,31.3011077777778 76.4177744444444,31.3013855555556 76.4180522222222,31.3013855555556 76.4180522222222,31.3016633333333 76.41833,31.3016633333333 76.41833,31.3019411111111 76.4186077777778,31.3019411111111 76.4186077777778,31.3022188888889 76.4188855555555,31.3022188888889 76.4188855555555,31.3024966666667 76.4191633333333,31.3024966666667 76.4191633333333,31.3027744444444 76.4194411111111,31.3027744444444 76.4194411111111,31.3030522222222 76.4197188888889,31.3030522222222 76.4197188888889,31.30333 76.4199966666667,31.30333 76.4199966666667,31.3036077777778 76.4202744444444,31.3036077777778 76.4202744444444,31.3038855555556 76.4205522222222,31.3038855555556 76.4205522222222,31.3041633333333 76.42083,31.3041633333333 76.42083,31.3044411111111 76.4211077777778,31.3044411111111 76.4211077777778,31.3047188888889 76.4213855555555,31.3047188888889 76.4213855555555,31.3049966666667 76.4216633333333,31.3049966666667 76.4216633333333,31.3052744444444 76.4219411111111,31.3052744444444 76.4219411111111,31.3055522222222 76.4222188888889,31.3055522222222 76.4222188888889,31.30583 76.4224966666667,31.30583 76.4224966666667,31.3061077777778 76.4227744444444,31.3061077777778 76.4227744444444,31.3063855555556 76.4230522222222,31.3063855555556 76.4230522222222,31.3066633333333 76.42333,31.3066633333333 76.42333,31.3069411111111 76.4236077777778,31.3069411111111 76.4236077777778,31.3072188888889 76.4238855555556,31.3072188888889 76.4238855555556,31.3074966666667 76.4241633333333,31.3074966666667 76.4241633333333,31.3077744444444 76.4244411111111,31.3077744444444 76.4244411111111,31.3080522222222 76.4247188888889,31.3080522222222 76.4247188888889,31.30833 76.4249966666667,31.30833 76.4249966666667,31.3086077777778 76.4252744444444,31.3086077777778 76.4252744444444,31.3088855555556 76.4255522222222,31.3088855555556 76.4255522222222,31.3091633333333 76.42583,31.3091633333333 76.42583,31.3094411111111 76.4261077777778,31.3094411111111 76.4261077777778,31.3097188888889 76.4263855555556,31.3097188888889 76.4263855555556,31.3099966666667 76.4266633333333,31.3099966666667 76.4266633333333,31.3102744444444 76.4269411111111,31.3102744444444 76.4269411111111,31.3105522222222 76.4272188888889,31.3105522222222 76.4272188888889,31.31083 76.4274966666667,31.31083 76.4274966666667,31.3111077777778 76.4277744444444,31.3111077777778 76.4277744444444,31.3113855555556 76.4280522222222,31.3113855555556 76.4280522222222,31.3116633333333 76.42833,31.3116633333333 76.42833,31.3119411111111 76.4286077777778,31.3119411111111 76.4286077777778,31.3122188888889 76.4288855555556,31.3122188888889 76.4288855555556,31.3124966666667 76.4291633333333,31.3124966666667 76.4291633333333,31.3127744444444 76.4294411111111,31.3127744444444 76.4294411111111,31.3130522222222 76.4297188888889,31.3130522222222 76.4297188888889,31.31333 76.4299966666667,31.31333 76.4299966666667,31.3136077777778 76.4302744444444,31.3136077777778 76.4302744444444,31.3138855555556 76.4305522222222,31.3138855555556 76.4305522222222,31.3141633333333 76.43083,31.3141633333333 76.43083,31.3144411111111 76.4311077777778,31.3144411111111 76.4311077777778,31.3147188888889 76.4313855555556,31.3147188888889 76.4313855555556,31.3149966666667 76.4316633333333,31.3149966666667 76.4316633333333,31.3152744444444 76.4319411111111,31.3152744444444 76.4319411111111,31.3155522222222 76.4322188888889,31.3155522222222 76.4322188888889,31.31583 76.4324966666667,31.31583 76.4324966666667,31.3161077777778 76.4327744444444,31.3161077777778 76.4327744444444,31.3163855555556 76.4330522222222,31.3163855555556 76.4330522222222,31.3166633333333 76.43333,31.3166633333333 76.43333,31.3169411111111 76.4336077777778,31.3169411111111 76.4336077777778,31.3172188888889 76.4338855555555,31.3172188888889 76.4338855555555,31.3174966666667 76.4341633333333,31.3174966666667 76.4341633333333,31.3177744444444 76.4344411111111,31.3177744444444 76.4344411111111,31.3180522222222 76.4347188888889,31.3180522222222 76.4347188888889,31.31833 76.4349966666667,31.31833 76.4349966666667,31.3186077777778 76.4352744444444,31.3186077777778 76.4352744444444,31.3188855555556 76.4355522222222,31.3188855555556 76.4355522222222,31.3191633333333 76.43583,31.3191633333333 76.43583,31.3194411111111 76.4361077777778,31.3194411111111 76.4361077777778,31.3197188888889 76.4363855555555,31.3197188888889 76.4363855555555,31.3199966666667 76.4366633333333,31.3199966666667 76.4366633333333,31.3202744444444 76.4369411111111,31.3202744444444 76.4369411111111,31.3205522222222 76.4372188888889,31.3205522222222 76.4372188888889,31.32083 76.4374966666667,31.32083 76.4374966666667,31.3211077777778 76.4377744444444,31.3211077777778 76.4377744444444,31.3213855555556 76.4380522222222,31.3213855555556 76.4380522222222,31.3216633333333 76.43833,31.3216633333333 76.43833,31.3219411111111 76.4386077777778,31.3219411111111 76.4386077777778,31.3222188888889 76.4388855555555,31.3222188888889 76.4388855555555,31.3224966666667 76.4391633333333,31.3224966666667 76.4391633333333,31.3227744444444 76.4394411111111,31.3227744444444 76.4394411111111,31.3230522222222 76.4397188888889,31.3230522222222 76.4397188888889,31.32333 76.4399966666667,31.32333 76.4399966666667,31.3236077777778 76.4402744444444,31.3236077777778 76.4402744444444,31.3238855555556 76.4405522222222,31.3238855555556 76.4405522222222,31.3241633333333 76.44083,31.3241633333333 76.44083,31.3244411111111 76.4411077777778,31.3244411111111 76.4411077777778,31.3247188888889 76.4413855555556,31.3247188888889 76.4413855555556,31.3249966666667 76.4416633333333,31.3249966666667 76.4416633333333,31.3252744444444 76.4419411111111,31.3252744444444 76.4419411111111,31.3255522222222 76.4422188888889,31.3255522222222 76.4422188888889,31.32583 76.4424966666667,31.32583 76.4424966666667,31.3261077777778 76.4427744444444,31.3261077777778 76.4427744444444,31.3263855555556 76.4430522222222,31.3263855555556 76.4430522222222,31.3266633333333 76.44333,31.3266633333333 76.44333,31.3269411111111 76.4436077777778,31.3269411111111 76.4436077777778,31.3272188888889 76.4438855555556,31.3272188888889 76.4438855555556,31.3274966666667 76.4441633333333,31.3274966666667 76.4441633333333,31.3277744444444 76.4444411111111,31.3277744444444 76.4444411111111,31.3280522222222 76.4447188888889,31.3280522222222 76.4447188888889,31.32833 76.4449966666667,31.32833 76.4449966666667,31.3286077777778 76.4452744444444,31.3286077777778 76.4452744444444,31.3288855555556 76.4455522222222,31.3288855555556 76.4455522222222,31.3291633333333 76.44583,31.3291633333333 76.44583,31.3294411111111 76.4461077777778,31.3294411111111 76.4461077777778,31.3297188888889 76.4463855555556,31.3297188888889 76.4463855555556,31.3299966666667 76.4466633333333,31.3299966666667 76.4466633333333,31.3302744444444 76.4469411111111,31.3302744444444 76.4469411111111,31.3305522222222 76.4472188888889,31.3305522222222 76.4472188888889,31.33083 76.4474966666667,31.33083 76.4474966666667,31.3311077777778 76.4477744444444,31.3311077777778 76.4477744444444,31.3313855555556 76.4480522222222,31.3313855555556 76.4480522222222,31.3316633333333 76.44833,31.3316633333333 76.44833,31.3319411111111 76.4486077777778,31.3319411111111 76.4486077777778,31.3322188888889 76.4488855555555,31.3322188888889 76.4488855555555,31.3324966666667 76.4491633333333,31.3324966666667 76.4491633333333,31.3327744444444 76.4494411111111,31.3327744444444 76.4494411111111,31.3330522222222 76.4497188888889,31.3330522222222 76.4497188888889,31.33333 76.4499966666667,31.33333 76.4499966666667,31.3336077777778 76.4502744444444,31.3336077777778 76.4502744444444,31.3338855555556 76.4505522222222,31.3338855555556 76.4505522222222,31.3341633333333 76.45083,31.3341633333333 76.45083,31.3344411111111 76.4511077777778,31.3344411111111 76.4511077777778,31.3347188888889 76.4513855555555,31.3347188888889 76.4513855555555,31.3349966666667 76.4516633333333,31.3349966666667 76.4516633333333,31.3352744444444 76.4519411111111,31.3352744444444 76.4519411111111,31.3355522222222 76.4522188888889,31.3355522222222 76.4522188888889,31.33583 76.4524966666667,31.33583 76.4524966666667,31.3361077777778 76.4527744444444,31.3361077777778 76.4527744444444,31.3363855555556 76.4530522222222,31.3363855555556 76.4530522222222,31.3366633333333 76.45333,31.3366633333333 76.45333,31.3369411111111 76.4536077777778,31.3369411111111 76.4536077777778,31.3372188888889 76.4538855555555,31.3372188888889 76.4538855555555,31.3374966666667 76.4541633333333,31.3374966666667 76.4541633333333,31.3377744444444 76.4544411111111,31.3377744444444 76.4544411111111,31.3380522222222 76.4547188888889,31.3380522222222 76.4547188888889,31.33833 76.4549966666667,31.33833 76.4549966666667,31.3386077777778 76.4552744444444,31.3386077777778 76.4552744444444,31.3388855555556 76.4555522222222,31.3388855555556 76.4555522222222,31.3391633333333 76.45583,31.3391633333333 76.45583,31.3394411111111 76.4561077777778,31.3394411111111 76.4561077777778,31.3397188888889 76.4563855555556,31.3397188888889 76.4563855555556,31.3399966666667 76.4566633333333,31.3399966666667 76.4566633333333,31.3402744444444 76.4569411111111,31.3402744444444 76.4569411111111,31.3405522222222 76.4572188888889,31.3405522222222 76.4572188888889,31.34083 76.4574966666667,31.34083 76.4574966666667,31.3411077777778 76.4577744444444,31.3411077777778 76.4577744444444,31.3413855555556 76.4580522222222,31.3413855555556 76.4580522222222,31.3416633333333 76.45833,31.3416633333333 76.45833,31.3419411111111 76.4586077777778,31.3419411111111 76.4586077777778,31.3422188888889 76.4588855555556,31.3422188888889 76.4588855555556,31.3424966666667 76.4591633333333,31.3424966666667 76.4591633333333,31.3427744444444 76.4594411111111,31.3427744444444 76.4594411111111,31.3430522222222 76.4597188888889,31.3430522222222 76.4597188888889,31.34333 76.4599966666667,31.34333 76.4599966666667,31.3436077777778 76.4602744444444,31.3436077777778 76.4602744444444,31.3438855555556 76.4605522222222,31.3438855555556 76.4605522222222,31.3441633333333 76.46083,31.3441633333333 76.46083,31.3444411111111 76.4611077777778,31.3444411111111 76.4611077777778,31.3447188888889 76.4613855555556,31.3447188888889 76.4613855555556,31.3449966666667 76.4616633333333,31.3449966666667 76.4616633333333,31.3452744444444 76.4619411111111,31.3452744444444 76.4619411111111,31.3455522222222 76.4622188888889,31.3455522222222 76.4622188888889,31.34583 76.4624966666667,31.34583 76.4624966666667,31.3461077777778 76.4627744444444,31.3461077777778 76.4627744444444,31.3463855555556 76.4630522222222,31.3463855555556 76.4630522222222,31.3466633333333 76.46333,31.3466633333333 76.46333,31.3469411111111 76.4636077777778,31.3469411111111 76.4636077777778,31.3472188888889 76.4638855555555,31.3472188888889 76.4638855555555,31.3474966666667 76.4641633333333,31.3474966666667 76.4641633333333,31.3477744444444 76.4644411111111,31.3477744444444 76.4644411111111,31.3480522222222 76.4647188888889,31.3480522222222 76.4647188888889,31.34833 76.4649966666667,31.34833 76.4649966666667,31.3486077777778 76.4652744444444,31.3486077777778 76.4652744444444,31.3488855555556 76.4655522222222,31.3488855555556 76.4655522222222,31.3491633333333 76.46583,31.3491633333333 76.46583,31.3494411111111 76.4661077777778,31.3494411111111 76.4661077777778,31.3497188888889 76.4663855555555,31.3497188888889 76.4663855555555,31.3499966666667 76.4666633333333,31.3499966666667 76.4666633333333,31.3502744444444 76.4669411111111,31.3502744444444 76.4669411111111,31.3505522222222 76.4672188888889,31.3505522222222 76.4672188888889,31.35083 76.4674966666667,31.35083 76.4674966666667,31.3511077777778 76.4677744444444,31.3511077777778 76.4677744444444,31.3513855555556 76.4680522222222,31.3513855555556 76.4680522222222,31.3516633333333 76.46833,31.3516633333333 76.46833,31.3519411111111 76.4686077777778,31.3519411111111 76.4686077777778,31.3522188888889 76.4688855555555,31.3522188888889 76.4688855555555,31.3524966666667 76.4691633333333,31.3524966666667 76.4691633333333,31.3527744444444 76.4694411111111,31.3527744444444 76.4694411111111,31.3530522222222 76.4697188888889,31.3530522222222 76.4697188888889,31.35333 76.4699966666667,31.35333 76.4699966666667,31.3536077777778 76.4697188888889,31.3536077777778 76.4697188888889,31.3538855555556 76.4694411111111,31.3538855555556 76.4694411111111,31.3541633333333 76.4691633333333,31.3541633333333 76.4691633333333,31.3544411111111 76.4688855555555,31.3544411111111 76.4688855555555,31.3547188888889 76.4686077777778,31.3547188888889 76.4686077777778,31.3549966666667 76.46833,31.3549966666667 76.46833,31.3552744444444 76.4680522222222,31.3552744444444 76.4680522222222,31.3555522222222 76.4677744444444,31.3555522222222 76.4677744444444,31.35583 76.4674966666667,31.35583 76.4674966666667,31.3561077777778 76.4672188888889,31.3561077777778 76.4672188888889,31.3563855555556 76.4669411111111,31.3563855555556 76.4669411111111,31.3566633333333 76.4666633333333,31.3566633333333 76.4666633333333,31.3569411111111 76.4663855555555,31.3569411111111 76.4663855555555,31.3566633333333 76.4661077777778,31.3566633333333 76.4661077777778,31.3561077777778 76.4663855555555,31.3561077777778 76.4663855555555,31.35583 76.4661077777778,31.35583 76.4661077777778,31.3549966666667 76.4663855555555,31.3549966666667 76.4663855555555,31.3541633333333 76.4661077777778,31.3541633333333 76.4661077777778,31.3538855555556 76.46583,31.3538855555556 76.46583,31.3536077777778 76.4652744444444,31.3536077777778 76.4652744444444,31.3538855555556 76.4644411111111,31.3538855555556 76.4644411111111,31.3541633333333 76.4636077777778,31.3541633333333 76.4636077777778,31.3544411111111 76.46333,31.3544411111111 76.46333,31.3547188888889 76.4630522222222,31.3547188888889 76.4630522222222,31.3549966666667 76.4627744444444,31.3549966666667 76.4627744444444,31.3555522222222 76.4624966666667,31.3555522222222 76.4624966666667,31.35583 76.4622188888889,31.35583 76.4622188888889,31.3561077777778 76.4619411111111,31.3561077777778 76.4619411111111,31.35583 76.4613855555556,31.35583 76.4613855555556,31.3561077777778 76.4605522222222,31.3561077777778 76.4605522222222,31.35583 76.4602744444444,31.35583 76.4602744444444,31.3561077777778 76.4599966666667,31.3561077777778 76.4599966666667,31.3563855555556 76.4597188888889,31.3563855555556 76.4597188888889,31.3566633333333 76.4599966666667,31.3566633333333 76.4599966666667,31.3569411111111 76.46083,31.3569411111111 76.46083,31.3572188888889 76.4611077777778,31.3572188888889 76.4611077777778,31.3577744444444 76.4605522222222,31.3577744444444 76.4605522222222,31.3580522222222 76.4602744444444,31.3580522222222 76.4602744444444,31.3586077777778 76.4599966666667,31.3586077777778 76.4599966666667,31.3588855555556 76.4594411111111,31.3588855555556 76.4594411111111,31.3597188888889 76.4591633333333,31.3597188888889 76.4591633333333,31.3599966666667 76.4588855555556,31.3599966666667 76.4588855555556,31.3602744444444 76.45833,31.3602744444444 76.45833,31.3597188888889 76.4577744444444,31.3597188888889 76.4577744444444,31.3602744444444 76.4574966666667,31.3602744444444 76.4574966666667,31.3605522222222 76.4572188888889,31.3605522222222 76.4572188888889,31.36083 76.4566633333333,31.36083 76.4566633333333,31.3613855555556 76.4563855555556,31.3613855555556 76.4563855555556,31.3616633333333 76.4566633333333,31.3616633333333 76.4566633333333,31.3619411111111 76.4574966666667,31.3619411111111 76.4574966666667,31.3622188888889 76.4572188888889,31.3622188888889 76.4572188888889,31.3624966666667 76.4569411111111,31.3624966666667 76.4569411111111,31.3627744444444 76.4566633333333,31.3627744444444 76.4566633333333,31.3630522222222 76.4563855555556,31.3630522222222 76.4563855555556,31.36333 76.4561077777778,31.36333 76.4561077777778,31.3636077777778 76.45583,31.3636077777778 76.45583,31.3638855555556 76.4555522222222,31.3638855555556 76.4555522222222,31.3644411111111 76.4552744444444,31.3644411111111 76.4552744444444,31.3647188888889 76.4549966666667,31.3647188888889 76.4549966666667,31.3661077777778 76.4547188888889,31.3661077777778 76.4547188888889,31.36583 76.4544411111111,31.36583 76.4544411111111,31.3652744444444 76.4541633333333,31.3652744444444 76.4541633333333,31.3649966666667 76.4538855555555,31.3649966666667 76.4538855555555,31.3644411111111 76.4536077777778,31.3644411111111 76.4536077777778,31.3636077777778 76.45333,31.3636077777778 76.45333,31.3627744444444 76.4527744444444,31.3627744444444 76.4527744444444,31.36333 76.4524966666667,31.36333 76.4524966666667,31.3647188888889 76.45333,31.3647188888889 76.45333,31.3649966666667 76.4536077777778,31.3649966666667 76.4536077777778,31.3652744444444 76.45333,31.3652744444444 76.45333,31.36583 76.4530522222222,31.36583 76.4530522222222,31.3661077777778 76.45333,31.3661077777778 76.45333,31.3666633333333 76.4530522222222,31.3666633333333 76.4530522222222,31.3669411111111 76.4527744444444,31.3669411111111 76.4527744444444,31.3672188888889 76.4522188888889,31.3672188888889 76.4522188888889,31.3680522222222 76.4519411111111,31.3680522222222 76.4519411111111,31.36833 76.4511077777778,31.36833 76.4511077777778,31.3686077777778 76.45083,31.3686077777778 76.45083,31.36833 76.4505522222222,31.36833 76.4505522222222,31.3680522222222 76.4502744444444,31.3680522222222 76.4502744444444,31.3677744444444 76.4499966666667,31.3677744444444 76.4499966666667,31.3674966666667 76.4486077777778,31.3674966666667 76.4486077777778,31.3672188888889 76.44833,31.3672188888889 76.44833,31.3674966666667 76.4480522222222,31.3674966666667 76.4480522222222,31.3677744444444 76.4474966666667,31.3677744444444 76.4474966666667,31.3680522222222 76.4472188888889,31.3680522222222 76.4472188888889,31.3677744444444 76.4469411111111,31.3677744444444 76.4469411111111,31.3672188888889 76.4466633333333,31.3672188888889 76.4466633333333,31.3663855555556 76.4463855555556,31.3663855555556 76.4463855555556,31.3655522222222 76.4461077777778,31.3655522222222 76.4461077777778,31.36583 76.4452744444444,31.36583 76.4452744444444,31.3661077777778 76.4449966666667,31.3661077777778 76.4449966666667,31.3663855555556 76.4444411111111,31.3663855555556 76.4444411111111,31.3661077777778 76.44333,31.3661077777778 76.44333,31.36583 76.4427744444444,31.36583 76.4427744444444,31.3661077777778 76.4430522222222,31.3661077777778 76.4430522222222,31.3672188888889 76.4424966666667,31.3672188888889 76.4424966666667,31.3680522222222 76.4416633333333,31.3680522222222 76.4416633333333,31.36833 76.4399966666667,31.36833 76.4399966666667,31.3686077777778 76.4397188888889,31.3686077777778 76.4397188888889,31.3688855555556 76.4391633333333,31.3688855555556 76.4391633333333,31.3697188888889 76.4388855555555,31.3697188888889 76.4388855555555,31.3699966666667 76.4386077777778,31.3699966666667 76.4386077777778,31.3702744444444 76.43833,31.3702744444444 76.43833,31.37083 76.4386077777778,31.37083 76.4386077777778,31.3711077777778 76.4388855555555,31.3711077777778 76.4388855555555,31.3713855555556 76.4386077777778,31.3713855555556 76.4386077777778,31.3727744444444 76.43833,31.3727744444444 76.43833,31.3730522222222 76.4380522222222,31.3730522222222 76.4380522222222,31.3744411111111 76.4377744444444,31.3744411111111 76.4377744444444,31.3747188888889 76.4394411111111,31.3747188888889 76.4394411111111,31.3749966666667 76.4397188888889,31.3749966666667 76.4397188888889,31.3747188888889 76.4399966666667,31.3747188888889 76.4399966666667,31.3741633333333 76.4405522222222,31.3741633333333 76.4405522222222,31.3744411111111 76.4411077777778,31.3744411111111 76.4411077777778,31.3738855555556 76.44083,31.3738855555556 76.44083,31.3736077777778 76.4411077777778,31.3736077777778 76.4411077777778,31.37333 76.4405522222222,31.37333 76.4405522222222,31.3736077777778 76.4397188888889,31.3736077777778 76.4397188888889,31.3727744444444 76.4405522222222,31.3727744444444 76.4405522222222,31.3724966666667 76.44083,31.3724966666667 76.44083,31.3722188888889 76.4411077777778,31.3722188888889 76.4411077777778,31.3724966666667 76.4419411111111,31.3724966666667 76.4419411111111,31.3716633333333 76.4422188888889,31.3716633333333 76.4422188888889,31.3711077777778 76.4419411111111,31.3711077777778 76.4419411111111,31.37083 76.4422188888889,31.37083 76.4422188888889,31.3697188888889 76.4430522222222,31.3697188888889 76.4430522222222,31.3702744444444 76.4427744444444,31.3702744444444 76.4427744444444,31.3711077777778 76.4430522222222,31.3711077777778 76.4430522222222,31.3713855555556 76.4427744444444,31.3713855555556 76.4427744444444,31.3719411111111 76.44333,31.3719411111111 76.44333,31.3716633333333 76.4436077777778,31.3716633333333 76.4436077777778,31.3713855555556 76.44583,31.3713855555556 76.44583,31.3716633333333 76.4461077777778,31.3716633333333 76.4461077777778,31.3719411111111 76.44583,31.3719411111111 76.44583,31.3724966666667 76.4463855555556,31.3724966666667 76.4463855555556,31.3736077777778 76.4461077777778,31.3736077777778 76.4461077777778,31.3730522222222 76.4455522222222,31.3730522222222 76.4455522222222,31.3727744444444 76.4452744444444,31.3727744444444 76.4452744444444,31.3719411111111 76.4447188888889,31.3719411111111 76.4447188888889,31.3722188888889 76.4436077777778,31.3722188888889 76.4436077777778,31.3724966666667 76.44333,31.3724966666667 76.44333,31.3727744444444 76.4430522222222,31.3727744444444 76.4430522222222,31.3738855555556 76.4427744444444,31.3738855555556 76.4427744444444,31.3741633333333 76.4424966666667,31.3741633333333 76.4424966666667,31.3744411111111 76.4422188888889,31.3744411111111 76.4422188888889,31.3749966666667 76.4427744444444,31.3749966666667 76.4427744444444,31.3752744444444 76.4438855555556,31.3752744444444 76.4438855555556,31.3755522222222 76.4422188888889,31.3755522222222 76.4422188888889,31.3766633333333 76.44333,31.3766633333333 76.44333,31.3763855555556 76.4438855555556,31.3763855555556 76.4438855555556,31.3769411111111 76.4436077777778,31.3769411111111 76.4436077777778,31.3774966666667 76.44333,31.3774966666667 76.44333,31.3777744444444 76.4430522222222,31.3777744444444 76.4430522222222,31.37833 76.44333,31.37833 76.44333,31.3786077777778 76.4444411111111,31.3786077777778 76.4444411111111,31.3791633333333 76.44333,31.3791633333333 76.44333,31.3788855555556 76.4430522222222,31.3788855555556 76.4430522222222,31.3786077777778 76.4424966666667,31.3786077777778 76.4424966666667,31.3788855555556 76.4422188888889,31.3788855555556 76.4422188888889,31.3791633333333 76.4416633333333,31.3791633333333 76.4416633333333,31.3788855555556 76.4413855555556,31.3788855555556 76.4413855555556,31.3786077777778 76.4405522222222,31.3786077777778 76.4405522222222,31.37833 76.4399966666667,31.37833 76.4399966666667,31.3786077777778 76.4397188888889,31.3786077777778 76.4397188888889,31.3788855555556 76.4399966666667,31.3788855555556 76.4399966666667,31.3791633333333 76.4402744444444,31.3791633333333 76.4402744444444,31.3799966666667 76.4405522222222,31.3799966666667 76.4405522222222,31.3802744444444 76.4402744444444,31.3802744444444 76.4402744444444,31.3811077777778 76.4399966666667,31.3811077777778 76.4399966666667,31.3819411111111 76.4397188888889,31.3819411111111 76.4397188888889,31.3822188888889 76.4394411111111,31.3822188888889 76.4394411111111,31.3830522222222 76.4391633333333,31.3830522222222 76.4391633333333,31.38333 76.4388855555555,31.38333 76.4388855555555,31.3836077777778 76.4386077777778,31.3836077777778 76.4386077777778,31.3844411111111 76.43833,31.3844411111111 76.43833,31.3847188888889 76.4380522222222,31.3847188888889 76.4380522222222,31.3849966666667 76.4377744444444,31.3849966666667 76.4377744444444,31.3855522222222 76.4369411111111,31.3855522222222 76.4369411111111,31.3852744444444 76.4366633333333,31.3852744444444 76.4366633333333,31.3849966666667 76.43583,31.3849966666667 76.43583,31.3852744444444 76.4355522222222,31.3852744444444 76.4355522222222,31.3855522222222 76.4352744444444,31.3855522222222 76.4352744444444,31.3863855555556 76.4349966666667,31.3863855555556 76.4349966666667,31.3869411111111 76.4355522222222,31.3869411111111 76.4355522222222,31.3877744444444 76.4352744444444,31.3877744444444 76.4352744444444,31.38833 76.4349966666667,31.38833 76.4349966666667,31.3886077777778 76.4347188888889,31.3886077777778 76.4347188888889,31.3888855555556 76.4338855555555,31.3888855555556 76.4338855555555,31.3886077777778 76.43333,31.3886077777778 76.43333,31.3888855555556 76.4322188888889,31.3888855555556 76.4322188888889,31.3886077777778 76.4319411111111,31.3886077777778 76.4319411111111,31.3888855555556 76.4316633333333,31.3888855555556 76.4316633333333,31.3899966666667 76.4313855555556,31.3899966666667 76.4313855555556,31.3905522222222 76.4311077777778,31.3905522222222 76.4311077777778,31.39083 76.43083,31.39083 76.43083,31.3916633333333 76.4316633333333,31.3916633333333 76.4316633333333,31.3919411111111 76.4313855555556,31.3919411111111 76.4313855555556,31.3922188888889 76.4311077777778,31.3922188888889 76.4311077777778,31.3924966666667 76.43083,31.3924966666667 76.43083,31.3927744444444 76.4305522222222,31.3927744444444 76.4305522222222,31.3930522222222 76.4299966666667,31.3930522222222 76.4299966666667,31.39333 76.4294411111111,31.39333 76.4294411111111,31.3927744444444 76.4280522222222,31.3927744444444 76.4280522222222,31.3930522222222 76.4277744444444,31.3930522222222 76.4277744444444,31.3938855555556 76.4288855555556,31.3938855555556 76.4288855555556,31.3944411111111 76.4286077777778,31.3944411111111 76.4286077777778,31.3947188888889 76.42833,31.3947188888889 76.42833,31.3949966666667 76.4280522222222,31.3949966666667 76.4280522222222,31.3952744444444 76.4277744444444,31.3952744444444 76.4277744444444,31.3955522222222 76.4272188888889,31.3955522222222 76.4272188888889,31.39583 76.4269411111111,31.39583 76.4269411111111,31.3961077777778 76.4266633333333,31.3961077777778 76.4266633333333,31.3963855555556 76.4255522222222,31.3963855555556 76.4255522222222,31.3961077777778 76.4252744444444,31.3961077777778 76.4252744444444,31.39583 76.4249966666667,31.39583 76.4249966666667,31.3961077777778 76.4247188888889,31.3961077777778 76.4247188888889,31.3963855555556 76.4244411111111,31.3963855555556 76.4244411111111,31.3969411111111 76.4249966666667,31.3969411111111 76.4249966666667,31.3966633333333 76.4255522222222,31.3966633333333 76.4255522222222,31.3977744444444 76.4252744444444,31.3977744444444 76.4252744444444,31.39833 76.4249966666667,31.39833 76.4249966666667,31.3986077777778 76.4247188888889,31.3986077777778 76.4247188888889,31.3988855555556 76.4244411111111,31.3988855555556 76.4244411111111,31.3991633333333 76.4241633333333,31.3991633333333 76.4241633333333,31.3994411111111 76.4238855555556,31.3994411111111 76.4238855555556,31.4002744444444 76.4236077777778,31.4002744444444 76.4236077777778,31.4005522222222 76.4230522222222,31.4005522222222 76.4230522222222,31.40083 76.4227744444444,31.40083 76.4227744444444,31.4011077777778 76.4224966666667,31.4011077777778 76.4224966666667,31.4013855555556 76.4222188888889,31.4013855555556 76.4222188888889,31.4016633333333 76.4211077777778,31.4016633333333 76.4211077777778,31.4013855555556 76.42083,31.4013855555556 76.42083,31.4011077777778 76.4197188888889,31.4011077777778 76.4197188888889,31.40083 76.4194411111111,31.40083 76.4194411111111,31.4016633333333 76.4188855555555,31.4016633333333 76.4188855555555,31.4024966666667 76.4186077777778,31.4024966666667 76.4186077777778,31.4027744444444 76.4180522222222,31.4027744444444 76.4180522222222,31.4024966666667 76.4177744444444,31.4024966666667 76.4177744444444,31.4027744444444 76.4174966666667,31.4027744444444 76.4174966666667,31.40333 76.4172188888889,31.40333 76.4172188888889,31.4036077777778 76.4174966666667,31.4036077777778 76.4174966666667,31.4038855555556 76.4172188888889,31.4038855555556 76.4172188888889,31.4041633333333 76.4169411111111,31.4041633333333 76.4169411111111,31.4044411111111 76.4166633333333,31.4044411111111 76.4166633333333,31.4047188888889 76.41583,31.4047188888889 76.41583,31.4052744444444 76.4155522222222,31.4052744444444 76.4155522222222,31.40583 76.41583,31.40583 76.41583,31.4063855555556 76.4155522222222,31.4063855555556 76.4155522222222,31.4069411111111 76.4149966666667,31.4069411111111 76.4149966666667,31.4072188888889 76.4138855555556,31.4072188888889 76.4138855555556,31.4074966666667 76.4136077777778,31.4074966666667 76.4136077777778,31.4077744444444 76.41333,31.4077744444444 76.41333,31.4080522222222 76.4130522222222,31.4080522222222 76.4130522222222,31.4088855555556 76.4136077777778,31.4088855555556 76.4136077777778,31.4086077777778 76.4147188888889,31.4086077777778 76.4147188888889,31.4094411111111 76.4155522222222,31.4094411111111 76.4155522222222,31.4088855555556 76.41583,31.4088855555556 76.41583,31.4080522222222 76.4169411111111,31.4080522222222 76.4169411111111,31.4069411111111 76.4172188888889,31.4069411111111 76.4172188888889,31.4066633333333 76.4177744444444,31.4066633333333 76.4177744444444,31.4063855555556 76.4180522222222,31.4063855555556 76.4180522222222,31.4061077777778 76.4186077777778,31.4061077777778 76.4186077777778,31.4055522222222 76.4180522222222,31.4055522222222 76.4180522222222,31.40583 76.4177744444444,31.40583 76.4177744444444,31.4055522222222 76.4172188888889,31.4055522222222 76.4172188888889,31.4047188888889 76.4177744444444,31.4047188888889 76.4177744444444,31.4041633333333 76.4180522222222,31.4041633333333 76.4180522222222,31.4038855555556 76.41833,31.4038855555556 76.41833,31.4036077777778 76.4188855555555,31.4036077777778 76.4188855555555,31.40333 76.4199966666667,31.40333 76.4199966666667,31.4030522222222 76.4205522222222,31.4030522222222 76.4205522222222,31.4022188888889 76.42083,31.4022188888889 76.42083,31.4019411111111 76.4219411111111,31.4019411111111 76.4219411111111,31.4022188888889 76.4224966666667,31.4022188888889 76.4224966666667,31.4019411111111 76.4227744444444,31.4019411111111 76.4227744444444,31.4016633333333 76.42333,31.4016633333333 76.42333,31.4013855555556 76.4238855555556,31.4013855555556 76.4238855555556,31.4011077777778 76.4247188888889,31.4011077777778 76.4247188888889,31.4013855555556 76.4255522222222,31.4013855555556 76.4255522222222,31.4011077777778 76.4261077777778,31.4011077777778 76.4261077777778,31.40083 76.4263855555556,31.40083 76.4263855555556,31.4005522222222 76.4261077777778,31.4005522222222 76.4261077777778,31.4002744444444 76.4263855555556,31.4002744444444 76.4263855555556,31.3999966666667 76.4255522222222,31.3999966666667 76.4255522222222,31.3991633333333 76.42583,31.3991633333333 76.42583,31.3988855555556 76.4261077777778,31.3988855555556 76.4261077777778,31.3986077777778 76.4269411111111,31.3986077777778 76.4269411111111,31.39833 76.4272188888889,31.39833 76.4272188888889,31.3980522222222 76.4286077777778,31.3980522222222 76.4286077777778,31.39833 76.4291633333333,31.39833 76.4291633333333,31.3980522222222 76.4299966666667,31.3980522222222 76.4299966666667,31.39833 76.4305522222222,31.39833 76.4305522222222,31.3980522222222 76.43083,31.3980522222222 76.43083,31.3974966666667 76.4291633333333,31.3974966666667 76.4291633333333,31.3977744444444 76.4288855555556,31.3977744444444 76.4288855555556,31.3972188888889 76.4286077777778,31.3972188888889 76.4286077777778,31.3969411111111 76.4288855555556,31.3969411111111 76.4288855555556,31.3966633333333 76.4291633333333,31.3966633333333 76.4291633333333,31.3963855555556 76.4294411111111,31.3963855555556 76.4294411111111,31.3961077777778 76.4299966666667,31.3961077777778 76.4299966666667,31.3955522222222 76.4297188888889,31.3955522222222 76.4297188888889,31.3952744444444 76.4299966666667,31.3952744444444 76.4299966666667,31.3949966666667 76.4302744444444,31.3949966666667 76.4302744444444,31.3947188888889 76.43083,31.3947188888889 76.43083,31.3944411111111 76.4311077777778,31.3944411111111 76.4311077777778,31.3941633333333 76.4313855555556,31.3941633333333 76.4313855555556,31.3938855555556 76.4319411111111,31.3938855555556 76.4319411111111,31.3936077777778 76.4324966666667,31.3936077777778 76.4324966666667,31.3938855555556 76.4330522222222,31.3938855555556 76.4330522222222,31.3930522222222 76.43333,31.3930522222222 76.43333,31.3919411111111 76.4336077777778,31.3919411111111 76.4336077777778,31.3916633333333 76.4349966666667,31.3916633333333 76.4349966666667,31.3913855555556 76.4352744444444,31.3913855555556 76.4352744444444,31.3916633333333 76.43583,31.3916633333333 76.43583,31.3913855555556 76.4366633333333,31.3913855555556 76.4366633333333,31.3922188888889 76.4377744444444,31.3922188888889 76.4377744444444,31.3919411111111 76.4380522222222,31.3919411111111 76.4380522222222,31.3911077777778 76.43833,31.3911077777778 76.43833,31.39083 76.4388855555555,31.39083 76.4388855555555,31.3905522222222 76.4386077777778,31.3905522222222 76.4386077777778,31.3899966666667 76.4397188888889,31.3899966666667 76.4397188888889,31.3891633333333 76.4399966666667,31.3891633333333 76.4399966666667,31.3894411111111 76.4411077777778,31.3894411111111 76.4411077777778,31.38833 76.44083,31.38833 76.44083,31.3880522222222 76.4413855555556,31.3880522222222 76.4413855555556,31.38833 76.4416633333333,31.38833 76.4416633333333,31.3886077777778 76.4419411111111,31.3886077777778 76.4419411111111,31.3888855555556 76.4422188888889,31.3888855555556 76.4422188888889,31.38833 76.4424966666667,31.38833 76.4424966666667,31.3880522222222 76.4427744444444,31.3880522222222 76.4427744444444,31.3877744444444 76.4430522222222,31.3877744444444 76.4430522222222,31.3874966666667 76.44333,31.3874966666667 76.44333,31.3869411111111 76.4436077777778,31.3869411111111 76.4436077777778,31.3866633333333 76.4441633333333,31.3866633333333 76.4441633333333,31.3863855555556 76.4444411111111,31.3863855555556 76.4444411111111,31.38583 76.4447188888889,31.38583 76.4447188888889,31.3855522222222 76.4449966666667,31.3855522222222 76.4449966666667,31.3852744444444 76.4455522222222,31.3852744444444 76.4455522222222,31.3855522222222 76.4452744444444,31.3855522222222 76.4452744444444,31.3866633333333 76.4449966666667,31.3866633333333 76.4449966666667,31.3874966666667 76.4455522222222,31.3874966666667 76.4455522222222,31.3891633333333 76.4452744444444,31.3891633333333 76.4452744444444,31.3894411111111 76.4449966666667,31.3894411111111 76.4449966666667,31.3897188888889 76.4447188888889,31.3897188888889 76.4447188888889,31.3899966666667 76.4444411111111,31.3899966666667 76.4444411111111,31.3902744444444 76.4438855555556,31.3902744444444 76.4438855555556,31.3905522222222 76.4436077777778,31.3905522222222 76.4436077777778,31.39083 76.44333,31.39083 76.44333,31.3911077777778 76.4424966666667,31.3911077777778 76.4424966666667,31.39083 76.4416633333333,31.39083 76.4416633333333,31.3913855555556 76.4405522222222,31.3913855555556 76.4405522222222,31.3916633333333 76.4402744444444,31.3916633333333 76.4402744444444,31.3919411111111 76.4399966666667,31.3919411111111 76.4399966666667,31.3922188888889 76.4397188888889,31.3922188888889 76.4397188888889,31.3927744444444 76.4402744444444,31.3927744444444 76.4402744444444,31.39333 76.4397188888889,31.39333 76.4397188888889,31.3936077777778 76.4388855555555,31.3936077777778 76.4388855555555,31.3941633333333 76.4391633333333,31.3941633333333 76.4391633333333,31.3944411111111 76.4388855555555,31.3944411111111 76.4388855555555,31.3952744444444 76.4363855555555,31.3952744444444 76.4363855555555,31.3963855555556 76.4361077777778,31.3963855555556 76.4361077777778,31.3974966666667 76.43583,31.3974966666667 76.43583,31.3977744444444 76.4347188888889,31.3977744444444 76.4347188888889,31.3980522222222 76.4344411111111,31.3980522222222 76.4344411111111,31.39833 76.4341633333333,31.39833 76.4341633333333,31.3994411111111 76.4344411111111,31.3994411111111 76.4344411111111,31.3991633333333 76.4349966666667,31.3991633333333 76.4349966666667,31.3988855555556 76.4355522222222,31.3988855555556 76.4355522222222,31.3986077777778 76.4361077777778,31.3986077777778 76.4361077777778,31.3991633333333 76.43583,31.3991633333333 76.43583,31.4002744444444 76.4363855555555,31.4002744444444 76.4363855555555,31.4005522222222 76.4366633333333,31.4005522222222 76.4366633333333,31.4011077777778 76.4349966666667,31.4011077777778 76.4349966666667,31.4013855555556 76.4347188888889,31.4013855555556 76.4347188888889,31.4019411111111 76.43333,31.4019411111111 76.43333,31.4030522222222 76.4330522222222,31.4030522222222 76.4330522222222,31.4038855555556 76.4327744444444,31.4038855555556 76.4327744444444,31.4041633333333 76.4324966666667,31.4041633333333 76.4324966666667,31.4044411111111 76.4316633333333,31.4044411111111 76.4316633333333,31.4047188888889 76.4311077777778,31.4047188888889 76.4311077777778,31.4049966666667 76.43083,31.4049966666667 76.43083,31.4052744444444 76.4305522222222,31.4052744444444 76.4305522222222,31.4055522222222 76.4302744444444,31.4055522222222 76.4302744444444,31.4061077777778 76.4299966666667,31.4061077777778 76.4299966666667,31.4063855555556 76.4297188888889,31.4063855555556 76.4297188888889,31.4072188888889 76.4302744444444,31.4072188888889 76.4302744444444,31.4069411111111 76.4311077777778,31.4069411111111 76.4311077777778,31.4066633333333 76.4316633333333,31.4066633333333 76.4316633333333,31.4063855555556 76.4319411111111,31.4063855555556 76.4319411111111,31.4061077777778 76.4330522222222,31.4061077777778 76.4330522222222,31.4069411111111 76.4327744444444,31.4069411111111 76.4327744444444,31.4072188888889 76.4324966666667,31.4072188888889 76.4324966666667,31.4074966666667 76.43333,31.4074966666667 76.43333,31.4072188888889 76.4341633333333,31.4072188888889 76.4341633333333,31.4069411111111 76.4344411111111,31.4069411111111 76.4344411111111,31.4066633333333 76.4347188888889,31.4066633333333 76.4347188888889,31.4080522222222 76.4344411111111,31.4080522222222 76.4344411111111,31.4088855555556 76.4341633333333,31.4088855555556 76.4341633333333,31.4094411111111 76.4349966666667,31.4094411111111 76.4349966666667,31.4097188888889 76.4355522222222,31.4097188888889 76.4355522222222,31.4099966666667 76.4372188888889,31.4099966666667 76.4372188888889,31.4102744444444 76.4377744444444,31.4102744444444 76.4377744444444,31.4099966666667 76.4399966666667,31.4099966666667 76.4399966666667,31.4102744444444 76.4402744444444,31.4102744444444 76.4402744444444,31.4099966666667 76.44083,31.4099966666667 76.44083,31.4097188888889 76.4411077777778,31.4097188888889 76.4411077777778,31.4094411111111 76.4416633333333,31.4094411111111 76.4416633333333,31.4091633333333 76.4419411111111,31.4091633333333 76.4419411111111,31.4088855555556 76.4427744444444,31.4088855555556 76.4427744444444,31.4097188888889 76.4430522222222,31.4097188888889 76.4430522222222,31.4099966666667 76.44333,31.4099966666667 76.44333,31.4102744444444 76.4430522222222,31.4102744444444 76.4430522222222,31.4111077777778 76.4449966666667,31.4111077777778 76.4449966666667,31.41083 76.4463855555556,31.41083 76.4463855555556,31.4105522222222 76.4466633333333,31.4105522222222 76.4466633333333,31.4102744444444 76.4469411111111,31.4102744444444 76.4469411111111,31.4097188888889 76.4472188888889,31.4097188888889 76.4472188888889,31.4088855555556 76.4474966666667,31.4088855555556 76.4474966666667,31.4091633333333 76.4480522222222,31.4091633333333 76.4480522222222,31.4094411111111 76.44833,31.4094411111111 76.44833,31.4091633333333 76.4497188888889,31.4091633333333 76.4497188888889,31.4088855555556 76.4513855555555,31.4088855555556 76.4513855555555,31.4091633333333 76.4516633333333,31.4091633333333 76.4516633333333,31.4094411111111 76.4522188888889,31.4094411111111 76.4522188888889,31.4091633333333 76.4524966666667,31.4091633333333 76.4524966666667,31.4088855555556 76.4530522222222,31.4088855555556 76.4530522222222,31.4102744444444 76.4536077777778,31.4102744444444 76.4536077777778,31.4088855555556 76.4541633333333,31.4088855555556 76.4541633333333,31.4086077777778 76.4563855555556,31.4086077777778 76.4563855555556,31.40833 76.4566633333333,31.40833 76.4566633333333,31.4080522222222 76.4580522222222,31.4080522222222 76.4580522222222,31.4077744444444 76.45833,31.4077744444444 76.45833,31.4074966666667 76.4586077777778,31.4074966666667 76.4586077777778,31.4072188888889 76.4588855555556,31.4072188888889 76.4588855555556,31.4069411111111 76.4591633333333,31.4069411111111 76.4591633333333,31.4066633333333 76.4594411111111,31.4066633333333 76.4594411111111,31.4063855555556 76.4599966666667,31.4063855555556 76.4599966666667,31.4072188888889 76.4616633333333,31.4072188888889 76.4616633333333,31.4069411111111 76.4630522222222,31.4069411111111 76.4630522222222,31.4061077777778 76.4627744444444,31.4061077777778 76.4627744444444,31.40583 76.4619411111111,31.40583 76.4619411111111,31.4049966666667 76.4616633333333,31.4049966666667 76.4616633333333,31.4044411111111 76.4619411111111,31.4044411111111 76.4619411111111,31.4038855555556 76.4622188888889,31.4038855555556 76.4622188888889,31.4036077777778 76.4624966666667,31.4036077777778 76.4624966666667,31.40333 76.46333,31.40333 76.46333,31.4030522222222 76.4641633333333,31.4030522222222 76.4641633333333,31.4024966666667 76.4647188888889,31.4024966666667 76.4647188888889,31.4027744444444 76.4649966666667,31.4027744444444 76.4649966666667,31.4022188888889 76.4655522222222,31.4022188888889 76.4655522222222,31.4011077777778 76.46583,31.4011077777778 76.46583,31.40083 76.4661077777778,31.40083 76.4661077777778,31.4011077777778 76.4663855555555,31.4011077777778 76.4663855555555,31.4013855555556 76.4669411111111,31.4013855555556 76.4669411111111,31.4016633333333 76.4674966666667,31.4016633333333 76.4674966666667,31.4011077777778 76.4686077777778,31.4011077777778 76.4686077777778,31.4013855555556 76.4688855555555,31.4013855555556 76.4688855555555,31.4016633333333 76.4694411111111,31.4016633333333 76.4694411111111,31.4013855555556 76.4697188888889,31.4013855555556 76.4697188888889,31.4011077777778 76.4691633333333,31.4011077777778 76.4691633333333,31.4002744444444 76.4697188888889,31.4002744444444 76.4697188888889,31.4005522222222 76.4699966666667,31.4005522222222 76.4699966666667,31.40083 76.4713855555556,31.40083 76.4713855555556,31.4005522222222 76.4711077777778,31.4005522222222 76.4711077777778,31.4002744444444 76.4713855555556,31.4002744444444 76.4713855555556,31.3997188888889 76.4711077777778,31.3997188888889 76.4711077777778,31.3994411111111 76.4705522222222,31.3994411111111 76.4705522222222,31.3991633333333 76.4702744444444,31.3991633333333 76.4702744444444,31.3988855555556 76.4699966666667,31.3988855555556 76.4699966666667,31.3986077777778 76.4694411111111,31.3986077777778 76.4694411111111,31.3988855555556 76.4688855555555,31.3988855555556 76.4688855555555,31.3986077777778 76.4686077777778,31.3986077777778 76.4686077777778,31.39833 76.4688855555555,31.39833 76.4688855555555,31.3980522222222 76.4691633333333,31.3980522222222 76.4691633333333,31.3972188888889 76.4699966666667,31.3972188888889 76.4699966666667,31.3969411111111 76.4702744444444,31.3969411111111 76.4702744444444,31.3966633333333 76.4713855555556,31.3966633333333 76.4713855555556,31.3963855555556 76.4716633333333,31.3963855555556 76.4716633333333,31.3966633333333 76.4719411111111,31.3966633333333 76.4719411111111,31.3972188888889 76.47333,31.3972188888889 76.47333,31.3969411111111 76.4724966666667,31.3969411111111 76.4724966666667,31.3966633333333 76.4722188888889,31.3966633333333 76.4722188888889,31.3963855555556 76.4724966666667,31.3963855555556 76.4724966666667,31.3961077777778 76.4727744444444,31.3961077777778 76.4727744444444,31.39583 76.4730522222222,31.39583 76.4730522222222,31.3952744444444 76.4736077777778,31.3952744444444 76.4736077777778,31.3949966666667 76.4741633333333,31.3949966666667 76.4741633333333,31.3947188888889 76.4744411111111,31.3947188888889 76.4744411111111,31.3944411111111 76.4747188888889,31.3944411111111 76.4747188888889,31.3941633333333 76.4752744444444,31.3941633333333 76.4752744444444,31.3947188888889 76.47583,31.3947188888889 76.47583,31.3952744444444 76.4766633333333,31.3952744444444 76.4766633333333,31.3963855555556 76.4763855555556,31.3963855555556 76.4763855555556,31.3966633333333 76.4769411111111,31.3966633333333 76.4769411111111,31.3969411111111 76.4772188888889,31.3969411111111 76.4772188888889,31.3972188888889 76.4780522222222,31.3972188888889 76.4780522222222,31.3980522222222 76.4788855555556,31.3980522222222 76.4788855555556,31.3972188888889 76.4786077777778,31.3972188888889 76.4786077777778,31.3969411111111 76.47833,31.3969411111111 76.47833,31.3966633333333 76.4786077777778,31.3966633333333 76.4786077777778,31.3961077777778 76.4791633333333,31.3961077777778 76.4791633333333,31.39583 76.4794411111111,31.39583 76.4794411111111,31.3955522222222 76.4802744444444,31.3955522222222 76.4802744444444,31.3947188888889 76.4799966666667,31.3947188888889 76.4799966666667,31.3941633333333 76.4788855555556,31.3941633333333 76.4788855555556,31.3938855555556 76.4780522222222,31.3938855555556 76.4780522222222,31.3936077777778 76.4777744444444,31.3936077777778 76.4777744444444,31.3930522222222 76.47833,31.3930522222222 76.47833,31.3924966666667 76.4780522222222,31.3924966666667 76.4780522222222,31.3922188888889 76.4777744444444,31.3922188888889 76.4777744444444,31.3924966666667 76.4774966666667,31.3924966666667 76.4774966666667,31.3927744444444 76.4769411111111,31.3927744444444 76.4769411111111,31.3922188888889 76.4766633333333,31.3922188888889 76.4766633333333,31.3916633333333 76.4763855555556,31.3916633333333 76.4763855555556,31.3913855555556 76.47583,31.3913855555556 76.47583,31.39083 76.4761077777778,31.39083 76.4761077777778,31.3905522222222 76.4766633333333,31.3905522222222 76.4766633333333,31.39083 76.4774966666667,31.39083 76.4774966666667,31.3905522222222 76.47833,31.3905522222222 76.47833,31.3902744444444 76.4791633333333,31.3902744444444 76.4791633333333,31.3911077777778 76.4811077777778,31.3911077777778 76.4811077777778,31.3919411111111 76.4827744444444,31.3919411111111 76.4827744444444,31.3911077777778 76.4824966666667,31.3911077777778 76.4824966666667,31.3905522222222 76.4822188888889,31.3905522222222 76.4822188888889,31.3897188888889 76.4819411111111,31.3897188888889 76.4819411111111,31.3894411111111 76.4811077777778,31.3894411111111 76.4811077777778,31.3880522222222 76.48083,31.3880522222222 76.48083,31.3877744444444 76.4805522222222,31.3877744444444 76.4805522222222,31.3874966666667 76.4799966666667,31.3874966666667 76.4799966666667,31.3872188888889 76.48083,31.3872188888889 76.48083,31.3869411111111 76.4811077777778,31.3869411111111 76.4811077777778,31.3866633333333 76.4822188888889,31.3866633333333 76.4822188888889,31.3861077777778 76.4819411111111,31.3861077777778 76.4819411111111,31.3852744444444 76.4824966666667,31.3852744444444 76.4824966666667,31.38583 76.4827744444444,31.38583 76.4827744444444,31.3861077777778 76.4830522222222,31.3861077777778 76.4830522222222,31.3863855555556 76.48333,31.3863855555556 76.48333,31.3861077777778 76.4836077777778,31.3861077777778 76.4836077777778,31.38583 76.4838855555555,31.38583 76.4838855555555,31.3861077777778 76.4844411111111,31.3861077777778 76.4844411111111,31.3855522222222 76.4847188888889,31.3855522222222 76.4847188888889,31.3872188888889 76.4849966666667,31.3872188888889 76.4849966666667,31.3869411111111 76.4852744444444,31.3869411111111 76.4852744444444,31.3855522222222 76.4861077777778,31.3855522222222 76.4861077777778,31.3852744444444 76.4863855555556,31.3852744444444 76.4863855555556,31.3849966666667 76.4872188888889,31.3849966666667 76.4872188888889,31.3863855555556 76.4874966666667,31.3863855555556 76.4874966666667,31.3866633333333 76.4872188888889,31.3866633333333 76.4872188888889,31.3872188888889 76.4877744444444,31.3872188888889 76.4877744444444,31.3874966666667 76.48833,31.3874966666667 76.48833,31.38833 76.4886077777778,31.38833 76.4886077777778,31.3886077777778 76.4891633333333,31.3886077777778 76.4891633333333,31.3888855555556 76.4902744444444,31.3888855555556 76.4902744444444,31.3891633333333 76.4905522222222,31.3891633333333 76.4905522222222,31.3888855555556 76.49083,31.3888855555556 76.49083,31.3877744444444 76.4911077777778,31.3877744444444 76.4911077777778,31.3863855555556 76.49083,31.3863855555556 76.49083,31.3855522222222 76.4905522222222,31.3855522222222 76.4905522222222,31.3852744444444 76.4902744444444,31.3852744444444 76.4902744444444,31.3849966666667 76.4899966666667,31.3849966666667 76.4899966666667,31.3847188888889 76.4894411111111,31.3847188888889 76.4894411111111,31.3844411111111 76.4891633333333,31.3844411111111 76.4891633333333,31.3841633333333 76.4886077777778,31.3841633333333 76.4886077777778,31.3838855555556 76.48833,31.3838855555556 76.48833,31.38333 76.4880522222222,31.38333 76.4880522222222,31.3822188888889 76.48833,31.3822188888889 76.48833,31.3819411111111 76.4888855555556,31.3819411111111 76.4888855555556,31.3824966666667 76.4886077777778,31.3824966666667 76.4886077777778,31.38333 76.4897188888889,31.38333 76.4897188888889,31.3836077777778 76.4905522222222,31.3836077777778 76.4905522222222,31.3841633333333 76.49083,31.3841633333333 76.49083,31.3844411111111 76.4922188888889,31.3844411111111 76.4922188888889,31.3847188888889 76.4924966666667,31.3847188888889 76.4924966666667,31.3852744444444 76.4938855555556,31.3852744444444 76.4938855555556,31.3849966666667 76.4941633333333,31.3849966666667 76.4941633333333,31.3847188888889 76.4944411111111,31.3847188888889 76.4944411111111,31.3844411111111 76.4947188888889,31.3844411111111 76.4947188888889,31.3841633333333 76.4949966666667,31.3841633333333 76.4949966666667,31.3838855555556 76.4952744444444,31.3838855555556 76.4952744444444,31.38333 76.4955522222222,31.38333 76.4955522222222,31.3827744444444 76.49583,31.3827744444444 76.49583,31.3824966666667 76.4961077777778,31.3824966666667 76.4961077777778,31.3819411111111 76.4966633333333,31.3819411111111 76.4966633333333,31.3816633333333 76.4969411111111,31.3816633333333 76.4969411111111,31.3813855555556 76.4974966666667,31.3813855555556 76.4974966666667,31.3811077777778 76.4977744444444,31.3811077777778 76.4977744444444,31.38083 76.4980522222222,31.38083 76.4980522222222,31.3805522222222 76.49833,31.3805522222222 76.49833,31.3799966666667 76.4988855555555,31.3799966666667 76.4988855555555,31.3797188888889 76.4994411111111,31.3797188888889 76.4994411111111,31.3794411111111 76.4997188888889,31.3794411111111 76.4997188888889,31.3786077777778 76.4999966666667,31.3786077777778 76.4999966666667,31.37833 76.50083,31.37833 76.50083,31.3780522222222 76.5013855555555,31.3780522222222 76.5013855555555,31.3777744444444 76.5016633333333,31.3777744444444 76.5016633333333,31.3774966666667 76.5019411111111,31.3774966666667 76.5019411111111,31.3772188888889 76.5022188888889,31.3772188888889 76.5022188888889,31.3766633333333 76.5024966666667,31.3766633333333 76.5024966666667,31.3763855555556 76.5030522222222,31.3763855555556 76.5030522222222,31.3761077777778 76.50333,31.3761077777778 76.50333,31.37583 76.5036077777778,31.37583 76.5036077777778,31.3755522222222 76.5038855555556,31.3755522222222 76.5038855555556,31.3752744444444 76.5041633333333,31.3752744444444 76.5041633333333,31.3749966666667 76.5044411111111,31.3749966666667 76.5044411111111,31.3747188888889 76.5049966666667,31.3747188888889 76.5049966666667,31.3744411111111 76.5052744444444,31.3744411111111 76.5052744444444,31.3741633333333 76.5061077777778,31.3741633333333 76.5061077777778,31.3738855555556 76.5063855555556,31.3738855555556 76.5063855555556,31.37333 76.50583,31.37333 76.50583,31.3736077777778 76.5049966666667,31.3736077777778 76.5049966666667,31.3738855555556 76.5036077777778,31.3738855555556 76.5036077777778,31.3736077777778 76.5024966666667,31.3736077777778 76.5024966666667,31.3738855555556 76.5022188888889,31.3738855555556 76.5022188888889,31.3741633333333 76.5016633333333,31.3741633333333 76.5016633333333,31.3744411111111 76.5013855555555,31.3744411111111 76.5013855555555,31.3741633333333 76.5011077777778,31.3741633333333 76.5011077777778,31.3738855555556 76.5016633333333,31.3738855555556 76.5016633333333,31.3736077777778 76.5019411111111,31.3736077777778 76.5019411111111,31.37333 76.5022188888889,31.37333 76.5022188888889,31.3730522222222 76.5024966666667,31.3730522222222 76.5024966666667,31.3727744444444 76.5027744444444,31.3727744444444 76.5027744444444,31.3724966666667 76.50333,31.3724966666667 76.50333,31.3722188888889 76.5049966666667,31.3722188888889 76.5049966666667,31.3719411111111 76.5055522222222,31.3719411111111 76.5055522222222,31.3716633333333 76.5061077777778,31.3716633333333 76.5061077777778,31.3713855555556 76.5063855555556,31.3713855555556 76.5063855555556,31.3711077777778 76.5072188888889,31.3711077777778 76.5072188888889,31.3713855555556 76.5086077777778,31.3713855555556 76.5086077777778,31.3722188888889 76.5091633333333,31.3722188888889 76.5091633333333,31.3719411111111 76.5094411111111,31.3719411111111 76.5094411111111,31.3716633333333 76.5097188888889,31.3716633333333 76.5097188888889,31.3713855555556 76.5102744444444,31.3713855555556 76.5102744444444,31.3711077777778 76.5105522222222,31.3711077777778 76.5105522222222,31.37083 76.51083,31.37083 76.51083,31.3705522222222 76.5111077777778,31.3705522222222 76.5111077777778,31.3702744444444 76.5113855555555,31.3702744444444 76.5113855555555,31.3699966666667 76.5119411111111,31.3699966666667 76.5119411111111,31.3697188888889 76.5122188888889,31.3697188888889 76.5122188888889,31.3694411111111 76.5124966666667,31.3694411111111 76.5124966666667,31.3691633333333 76.5127744444444,31.3691633333333 76.5127744444444,31.3688855555556 76.5130522222222,31.3688855555556 76.5130522222222,31.3686077777778 76.51333,31.3686077777778 76.51333,31.36833 76.5136077777778,31.36833 76.5136077777778,31.3680522222222 76.5138855555555,31.3680522222222 76.5138855555555,31.3677744444444 76.5141633333333,31.3677744444444 76.5141633333333,31.3674966666667 76.51333,31.3674966666667 76.51333,31.3669411111111 76.5130522222222,31.3669411111111 76.5130522222222,31.3663855555556 76.5124966666667,31.3663855555556 76.5124966666667,31.3661077777778 76.5122188888889,31.3661077777778 76.5122188888889,31.3655522222222 76.5113855555555,31.3655522222222 76.5113855555555,31.3652744444444 76.5105522222222,31.3652744444444 76.5105522222222,31.3655522222222 76.5099966666667,31.3655522222222 76.5099966666667,31.36583 76.5094411111111,31.36583 76.5094411111111,31.3661077777778 76.5091633333333,31.3661077777778 76.5091633333333,31.3663855555556 76.50833,31.3663855555556 76.50833,31.3666633333333 76.5077744444444,31.3666633333333 76.5077744444444,31.3663855555556 76.5074966666667,31.3663855555556 76.5074966666667,31.3661077777778 76.5072188888889,31.3661077777778 76.5072188888889,31.36583 76.5077744444444,31.36583 76.5077744444444,31.3655522222222 76.5080522222222,31.3655522222222 76.5080522222222,31.3652744444444 76.50833,31.3652744444444 76.50833,31.3649966666667 76.5074966666667,31.3649966666667 76.5074966666667,31.3652744444444 76.5069411111111,31.3652744444444 76.5069411111111,31.3649966666667 76.5066633333333,31.3649966666667 76.5066633333333,31.3647188888889 76.5069411111111,31.3647188888889 76.5069411111111,31.3644411111111 76.5072188888889,31.3644411111111 76.5072188888889,31.3641633333333 76.5074966666667,31.3641633333333 76.5074966666667,31.3638855555556 76.5077744444444,31.3638855555556 76.5077744444444,31.3636077777778 76.5080522222222,31.3636077777778 76.5080522222222,31.36333 76.50833,31.36333 76.50833,31.3630522222222 76.5086077777778,31.3630522222222 76.5086077777778,31.3627744444444 76.5088855555556,31.3627744444444 76.5088855555556,31.3624966666667 76.5091633333333,31.3624966666667 76.5091633333333,31.3622188888889 76.5094411111111,31.3622188888889 76.5094411111111,31.3619411111111 76.5097188888889,31.3619411111111 76.5097188888889,31.3616633333333 76.5099966666667,31.3616633333333 76.5099966666667,31.3613855555556 76.5102744444444,31.3613855555556 76.5102744444444,31.3611077777778 76.5105522222222,31.3611077777778 76.5105522222222,31.36083 76.51083,31.36083 76.51083,31.3605522222222 76.5111077777778,31.3605522222222 76.5111077777778,31.3602744444444 76.5113855555555,31.3602744444444 76.5113855555555,31.3599966666667 76.5116633333333,31.3599966666667 76.5116633333333,31.3597188888889 76.5119411111111,31.3597188888889 76.5119411111111,31.3594411111111 76.5122188888889,31.3594411111111 76.5122188888889,31.3591633333333 76.5124966666667,31.3591633333333 76.5124966666667,31.3588855555556 76.5127744444444,31.3588855555556 76.5127744444444,31.3586077777778 76.5130522222222,31.3586077777778 76.5130522222222,31.3588855555556 76.51333,31.3588855555556 76.51333,31.3591633333333 76.5130522222222,31.3591633333333 76.5130522222222,31.3594411111111 76.5144411111111,31.3594411111111 76.5144411111111,31.3597188888889 76.5147188888889,31.3597188888889 76.5147188888889,31.3599966666667 76.5149966666667,31.3599966666667 76.5149966666667,31.3602744444444 76.5152744444444,31.3602744444444 76.5152744444444,31.3605522222222 76.5155522222222,31.3605522222222 76.5155522222222,31.36083 76.51583,31.36083 76.51583,31.3611077777778 76.5161077777778,31.3611077777778 76.5161077777778,31.3613855555556 76.5163855555555,31.3613855555556 76.5163855555555,31.3619411111111 76.5161077777778,31.3619411111111 76.5161077777778,31.3622188888889 76.5155522222222,31.3622188888889 76.5155522222222,31.3624966666667 76.5152744444444,31.3624966666667 76.5152744444444,31.3627744444444 76.5149966666667,31.3627744444444 76.5149966666667,31.36333 76.5138855555555,31.36333 76.5138855555555,31.3636077777778 76.5136077777778,31.3636077777778 76.5136077777778,31.3638855555556 76.51333,31.3638855555556 76.51333,31.3644411111111 76.5136077777778,31.3644411111111 76.5136077777778,31.3647188888889 76.5141633333333,31.3647188888889 76.5141633333333,31.3655522222222 76.5144411111111,31.3655522222222 76.5144411111111,31.36583 76.51583,31.36583 76.51583,31.3661077777778 76.5161077777778,31.3661077777778 76.5161077777778,31.3663855555556 76.5174966666667,31.3663855555556 76.5174966666667,31.3661077777778 76.5180522222222,31.3661077777778 76.5180522222222,31.36583 76.51833,31.36583 76.51833,31.3655522222222 76.5191633333333,31.3655522222222 76.5191633333333,31.3652744444444 76.5194411111111,31.3652744444444 76.5194411111111,31.3649966666667 76.5199966666667,31.3649966666667 76.5199966666667,31.3647188888889 76.5202744444444,31.3647188888889 76.5202744444444,31.3644411111111 76.5205522222222,31.3644411111111 76.5205522222222,31.3641633333333 76.5213855555556,31.3641633333333 76.5213855555556,31.3644411111111 76.5216633333333,31.3644411111111 76.5216633333333,31.3647188888889 76.5219411111111,31.3647188888889 76.5219411111111,31.3649966666667 76.5222188888889,31.3649966666667 76.5222188888889,31.3652744444444 76.5224966666667,31.3652744444444 76.5224966666667,31.3655522222222 76.5227744444444,31.3655522222222 76.5227744444444,31.36583 76.5230522222222,31.36583 76.5230522222222,31.3661077777778 76.52333,31.3661077777778 76.52333,31.3663855555556 76.5236077777778,31.3663855555556 76.5236077777778,31.3666633333333 76.5238855555556,31.3666633333333 76.5238855555556,31.3669411111111 76.5241633333333,31.3669411111111 76.5241633333333,31.3672188888889 76.5244411111111,31.3672188888889 76.5244411111111,31.3674966666667 76.5247188888889,31.3674966666667 76.5247188888889,31.3677744444444 76.5249966666667,31.3677744444444 76.5249966666667,31.3680522222222 76.5252744444444,31.3680522222222 76.5252744444444,31.36833 76.5255522222222,31.36833 76.5255522222222,31.3686077777778 76.52583,31.3686077777778 76.52583,31.3688855555556 76.5261077777778,31.3688855555556 76.5261077777778,31.3691633333333 76.5263855555555,31.3691633333333 76.5263855555555,31.3694411111111 76.5266633333333,31.3694411111111 76.5266633333333,31.3697188888889 76.5269411111111,31.3697188888889 76.5269411111111,31.3699966666667 76.5272188888889,31.3699966666667 76.5272188888889,31.3702744444444 76.5274966666667,31.3702744444444 76.5274966666667,31.3705522222222 76.5277744444444,31.3705522222222 76.5277744444444,31.37083 76.5280522222222,31.37083 76.5280522222222,31.3711077777778 76.52833,31.3711077777778 76.52833,31.3713855555556 76.5286077777778,31.3713855555556 76.5286077777778,31.3716633333333 76.5288855555555,31.3716633333333 76.5288855555555,31.3719411111111 76.5291633333333,31.3719411111111 76.5291633333333,31.3722188888889 76.5294411111111,31.3722188888889 76.5294411111111,31.3724966666667 76.5297188888889,31.3724966666667 76.5297188888889,31.3727744444444 76.5299966666667,31.3727744444444 76.5299966666667,31.3730522222222 76.5302744444444,31.3730522222222 76.5302744444444,31.37333 76.5305522222222,31.37333 76.5305522222222,31.3736077777778 76.53083,31.3736077777778 76.53083,31.3738855555556 76.5311077777778,31.3738855555556 76.5311077777778,31.3741633333333 76.5313855555555,31.3741633333333 76.5313855555555,31.3744411111111 76.5316633333333,31.3744411111111 76.5316633333333,31.3747188888889 76.5319411111111,31.3747188888889 76.5319411111111,31.3749966666667 76.5322188888889,31.3749966666667 76.5322188888889,31.3752744444444 76.5324966666667,31.3752744444444 76.5324966666667,31.3755522222222 76.5327744444444,31.3755522222222 76.5327744444444,31.37583 76.5330522222222,31.37583 76.5330522222222,31.3761077777778 76.53333,31.3761077777778 76.53333,31.3763855555556 76.5336077777778,31.3763855555556 76.5336077777778,31.3766633333333 76.5338855555556,31.3766633333333 76.5338855555556,31.3769411111111 76.5341633333333,31.3769411111111 76.5341633333333,31.3772188888889 76.5344411111111,31.3772188888889 76.5344411111111,31.3774966666667 76.5347188888889,31.3774966666667 76.5347188888889,31.3777744444444 76.5349966666667,31.3777744444444 76.5349966666667,31.3780522222222 76.5352744444444,31.3780522222222 76.5352744444444,31.37833 76.5355522222222,31.37833 76.5355522222222,31.3786077777778 76.53583,31.3786077777778 76.53583,31.3788855555556 76.5361077777778,31.3788855555556 76.5361077777778,31.3791633333333 76.5363855555556,31.3791633333333 76.5363855555556,31.3794411111111 76.5366633333333,31.3794411111111 76.5366633333333,31.3797188888889 76.5369411111111,31.3797188888889 76.5369411111111,31.3799966666667 76.5372188888889,31.3799966666667 76.5372188888889,31.3805522222222 76.5374966666667,31.3805522222222 76.5374966666667,31.38083 76.5372188888889,31.38083 76.5372188888889,31.3813855555556 76.5369411111111,31.3813855555556 76.5369411111111,31.3830522222222 76.5366633333333,31.3830522222222 76.5366633333333,31.3836077777778 76.5363855555556,31.3836077777778 76.5363855555556,31.3838855555556 76.53583,31.3838855555556 76.53583,31.3844411111111 76.5366633333333,31.3844411111111 76.5366633333333,31.3841633333333 76.5372188888889,31.3841633333333 76.5372188888889,31.3847188888889 76.5377744444444,31.3847188888889 76.5377744444444,31.3849966666667 76.5369411111111,31.3849966666667 76.5369411111111,31.3852744444444 76.5366633333333,31.3852744444444 76.5366633333333,31.38583 76.5369411111111,31.38583 76.5369411111111,31.3863855555556 76.5372188888889,31.3863855555556 76.5372188888889,31.3866633333333 76.5366633333333,31.3866633333333 76.5366633333333,31.3869411111111 76.5363855555556,31.3869411111111 76.5363855555556,31.3872188888889 76.5361077777778,31.3872188888889 76.5361077777778,31.3880522222222 76.5352744444444,31.3880522222222 76.5352744444444,31.3869411111111 76.5349966666667,31.3869411111111 76.5349966666667,31.3863855555556 76.5352744444444,31.3863855555556 76.5352744444444,31.38583 76.5349966666667,31.38583 76.5349966666667,31.3855522222222 76.5347188888889,31.3855522222222 76.5347188888889,31.38583 76.5336077777778,31.38583 76.5336077777778,31.3861077777778 76.5330522222222,31.3861077777778 76.5330522222222,31.3855522222222 76.53333,31.3855522222222 76.53333,31.3847188888889 76.5336077777778,31.3847188888889 76.5336077777778,31.3836077777778 76.53333,31.3836077777778 76.53333,31.3838855555556 76.5327744444444,31.3838855555556 76.5327744444444,31.3841633333333 76.5319411111111,31.3841633333333 76.5319411111111,31.3838855555556 76.5316633333333,31.3838855555556 76.5316633333333,31.3841633333333 76.5313855555555,31.3841633333333 76.5313855555555,31.3847188888889 76.5311077777778,31.3847188888889 76.5311077777778,31.3849966666667 76.5305522222222,31.3849966666667 76.5305522222222,31.3852744444444 76.5302744444444,31.3852744444444 76.5302744444444,31.3861077777778 76.5305522222222,31.3861077777778 76.5305522222222,31.38583 76.53083,31.38583 76.53083,31.3863855555556 76.5305522222222,31.3863855555556 76.5305522222222,31.3866633333333 76.5297188888889,31.3866633333333 76.5297188888889,31.3863855555556 76.5291633333333,31.3863855555556 76.5291633333333,31.3866633333333 76.5288855555555,31.3866633333333 76.5288855555555,31.3880522222222 76.52833,31.3880522222222 76.52833,31.3877744444444 76.5280522222222,31.3877744444444 76.5280522222222,31.3880522222222 76.5277744444444,31.3880522222222 76.5277744444444,31.38833 76.5272188888889,31.38833 76.5272188888889,31.3886077777778 76.5269411111111,31.3886077777778 76.5269411111111,31.3888855555556 76.5274966666667,31.3888855555556 76.5274966666667,31.3886077777778 76.5280522222222,31.3886077777778 76.5280522222222,31.3899966666667 76.5288855555555,31.3899966666667 76.5288855555555,31.3902744444444 76.5286077777778,31.3902744444444 76.5286077777778,31.3905522222222 76.52833,31.3905522222222 76.52833,31.3911077777778 76.5277744444444,31.3911077777778 76.5277744444444,31.3916633333333 76.5274966666667,31.3916633333333 76.5274966666667,31.3922188888889 76.5277744444444,31.3922188888889 76.5277744444444,31.3924966666667 76.5280522222222,31.3924966666667 76.5280522222222,31.3922188888889 76.5286077777778,31.3922188888889 76.5286077777778,31.3919411111111 76.5291633333333,31.3919411111111 76.5291633333333,31.3916633333333 76.5299966666667,31.3916633333333 76.5299966666667,31.3922188888889 76.5297188888889,31.3922188888889 76.5297188888889,31.3927744444444 76.5302744444444,31.3927744444444 76.5302744444444,31.39333 76.5305522222222,31.39333 76.5305522222222,31.3930522222222 76.53083,31.3930522222222 76.53083,31.3927744444444 76.5316633333333,31.3927744444444 76.5316633333333,31.3930522222222 76.5311077777778,31.3930522222222 76.5311077777778,31.3936077777778 76.53083,31.3936077777778 76.53083,31.3941633333333 76.5305522222222,31.3941633333333 76.5305522222222,31.3944411111111 76.5299966666667,31.3944411111111 76.5299966666667,31.3947188888889 76.5297188888889,31.3947188888889 76.5297188888889,31.3949966666667 76.5294411111111,31.3949966666667 76.5294411111111,31.3952744444444 76.5291633333333,31.3952744444444 76.5291633333333,31.3955522222222 76.5288855555555,31.3955522222222 76.5288855555555,31.39583 76.5286077777778,31.39583 76.5286077777778,31.3963855555556 76.5297188888889,31.3963855555556 76.5297188888889,31.3966633333333 76.5302744444444,31.3966633333333 76.5302744444444,31.3969411111111 76.5291633333333,31.3969411111111 76.5291633333333,31.3972188888889 76.52833,31.3972188888889 76.52833,31.3974966666667 76.5280522222222,31.3974966666667 76.5280522222222,31.3977744444444 76.52833,31.3977744444444 76.52833,31.39833 76.5286077777778,31.39833 76.5286077777778,31.3991633333333 76.52833,31.3991633333333 76.52833,31.3986077777778 76.5280522222222,31.3986077777778 76.5280522222222,31.39833 76.5274966666667,31.39833 76.5274966666667,31.3986077777778 76.5272188888889,31.3986077777778 76.5272188888889,31.3988855555556 76.5269411111111,31.3988855555556 76.5269411111111,31.3974966666667 76.5263855555555,31.3974966666667 76.5263855555555,31.3977744444444 76.52583,31.3977744444444 76.52583,31.3974966666667 76.5261077777778,31.3974966666667 76.5261077777778,31.3972188888889 76.5263855555555,31.3972188888889 76.5263855555555,31.3966633333333 76.5266633333333,31.3966633333333 76.5266633333333,31.39583 76.5261077777778,31.39583 76.5261077777778,31.3961077777778 76.52583,31.3961077777778 76.52583,31.3963855555556 76.5255522222222,31.3963855555556 76.5255522222222,31.3966633333333 76.5252744444444,31.3966633333333 76.5252744444444,31.3969411111111 76.5249966666667,31.3969411111111 76.5249966666667,31.3972188888889 76.5247188888889,31.3972188888889 76.5247188888889,31.3974966666667 76.5244411111111,31.3974966666667 76.5244411111111,31.3977744444444 76.5236077777778,31.3977744444444 76.5236077777778,31.3974966666667 76.5238855555556,31.3974966666667 76.5238855555556,31.3972188888889 76.5236077777778,31.3972188888889 76.5236077777778,31.3966633333333 76.5238855555556,31.3966633333333 76.5238855555556,31.3963855555556 76.5230522222222,31.3963855555556 76.5230522222222,31.3966633333333 76.5219411111111,31.3966633333333 76.5219411111111,31.3963855555556 76.5216633333333,31.3963855555556 76.5216633333333,31.3966633333333 76.5213855555556,31.3966633333333 76.5213855555556,31.3969411111111 76.5216633333333,31.3969411111111 76.5216633333333,31.3974966666667 76.5213855555556,31.3974966666667 76.5213855555556,31.3980522222222 76.5211077777778,31.3980522222222 76.5211077777778,31.3986077777778 76.52083,31.3986077777778 76.52083,31.3988855555556 76.5205522222222,31.3988855555556 76.5205522222222,31.3997188888889 76.5211077777778,31.3997188888889 76.5211077777778,31.3994411111111 76.5216633333333,31.3994411111111 76.5216633333333,31.3991633333333 76.5222188888889,31.3991633333333 76.5222188888889,31.3994411111111 76.5219411111111,31.3994411111111 76.5219411111111,31.3997188888889 76.5216633333333,31.3997188888889 76.5216633333333,31.4002744444444 76.5219411111111,31.4002744444444 76.5219411111111,31.40083 76.5224966666667,31.40083 76.5224966666667,31.4013855555556 76.5219411111111,31.4013855555556 76.5219411111111,31.4011077777778 76.5199966666667,31.4011077777778 76.5199966666667,31.4013855555556 76.5197188888889,31.4013855555556 76.5197188888889,31.40083 76.5194411111111,31.40083 76.5194411111111,31.4011077777778 76.5191633333333,31.4011077777778 76.5191633333333,31.4013855555556 76.5188855555556,31.4013855555556 76.5188855555556,31.4016633333333 76.5191633333333,31.4016633333333 76.5191633333333,31.4019411111111 76.5194411111111,31.4019411111111 76.5194411111111,31.4024966666667 76.5197188888889,31.4024966666667 76.5197188888889,31.4030522222222 76.52083,31.4030522222222 76.52083,31.4036077777778 76.5205522222222,31.4036077777778 76.5205522222222,31.4038855555556 76.5197188888889,31.4038855555556 76.5197188888889,31.4041633333333 76.5194411111111,31.4041633333333 76.5194411111111,31.4038855555556 76.5188855555556,31.4038855555556 76.5188855555556,31.4041633333333 76.51833,31.4041633333333 76.51833,31.4038855555556 76.5172188888889,31.4038855555556 76.5172188888889,31.4041633333333 76.5177744444444,31.4041633333333 76.5177744444444,31.4044411111111 76.51833,31.4044411111111 76.51833,31.4047188888889 76.5180522222222,31.4047188888889 76.5180522222222,31.4052744444444 76.51833,31.4052744444444 76.51833,31.40583 76.5180522222222,31.40583 76.5180522222222,31.4063855555556 76.5177744444444,31.4063855555556 76.5177744444444,31.4066633333333 76.5174966666667,31.4066633333333 76.5174966666667,31.4069411111111 76.5177744444444,31.4069411111111 76.5177744444444,31.4077744444444 76.5186077777778,31.4077744444444 76.5186077777778,31.4091633333333 76.51833,31.4091633333333 76.51833,31.4088855555556 76.5177744444444,31.4088855555556 76.5177744444444,31.4086077777778 76.5172188888889,31.4086077777778 76.5172188888889,31.4077744444444 76.5169411111111,31.4077744444444 76.5169411111111,31.4074966666667 76.5166633333333,31.4074966666667 76.5166633333333,31.4080522222222 76.5163855555555,31.4080522222222 76.5163855555555,31.4088855555556 76.5155522222222,31.4088855555556 76.5155522222222,31.4080522222222 76.51583,31.4080522222222 76.51583,31.4072188888889 76.5155522222222,31.4072188888889 76.5155522222222,31.4074966666667 76.5152744444444,31.4074966666667 76.5152744444444,31.4077744444444 76.5147188888889,31.4077744444444 76.5147188888889,31.4074966666667 76.5149966666667,31.4074966666667 76.5149966666667,31.4069411111111 76.5141633333333,31.4069411111111 76.5141633333333,31.4066633333333 76.51333,31.4066633333333 76.51333,31.4061077777778 76.5130522222222,31.4061077777778 76.5130522222222,31.40583 76.5127744444444,31.40583 76.5127744444444,31.4052744444444 76.5124966666667,31.4052744444444 76.5124966666667,31.4055522222222 76.5122188888889,31.4055522222222 76.5122188888889,31.4069411111111 76.5119411111111,31.4069411111111 76.5119411111111,31.4072188888889 76.5122188888889,31.4072188888889 76.5122188888889,31.4074966666667 76.5124966666667,31.4074966666667 76.5124966666667,31.4080522222222 76.5127744444444,31.4080522222222 76.5127744444444,31.40833 76.5124966666667,31.40833 76.5124966666667,31.4086077777778 76.5122188888889,31.4086077777778 76.5122188888889,31.4088855555556 76.5116633333333,31.4088855555556 76.5116633333333,31.4091633333333 76.5113855555555,31.4091633333333 76.5113855555555,31.4094411111111 76.5111077777778,31.4094411111111 76.5111077777778,31.4097188888889 76.5105522222222,31.4097188888889 76.5105522222222,31.4099966666667 76.5097188888889,31.4099966666667 76.5097188888889,31.4102744444444 76.5091633333333,31.4102744444444 76.5091633333333,31.4105522222222 76.5088855555556,31.4105522222222 76.5088855555556,31.41083 76.5091633333333,31.41083 76.5091633333333,31.4111077777778 76.5094411111111,31.4111077777778 76.5094411111111,31.4113855555556 76.5091633333333,31.4113855555556 76.5091633333333,31.4116633333333 76.5094411111111,31.4116633333333 76.5094411111111,31.4122188888889 76.5091633333333,31.4122188888889 76.5091633333333,31.4127744444444 76.5088855555556,31.4127744444444 76.5088855555556,31.4130522222222 76.5086077777778,31.4130522222222 76.5086077777778,31.4136077777778 76.50833,31.4136077777778 76.50833,31.4138855555556 76.5080522222222,31.4138855555556 76.5080522222222,31.4141633333333 76.5086077777778,31.4141633333333 76.5086077777778,31.4138855555556 76.5091633333333,31.4138855555556 76.5091633333333,31.4136077777778 76.5094411111111,31.4136077777778 76.5094411111111,31.41333 76.5097188888889,31.41333 76.5097188888889,31.4130522222222 76.5099966666667,31.4130522222222 76.5099966666667,31.4127744444444 76.5102744444444,31.4127744444444 76.5102744444444,31.4124966666667 76.5105522222222,31.4124966666667 76.5105522222222,31.4122188888889 76.51083,31.4122188888889 76.51083,31.4127744444444 76.5111077777778,31.4127744444444 76.5111077777778,31.4124966666667 76.5113855555555,31.4124966666667 76.5113855555555,31.4122188888889 76.5119411111111,31.4122188888889 76.5119411111111,31.4119411111111 76.5122188888889,31.4119411111111 76.5122188888889,31.4116633333333 76.5124966666667,31.4116633333333 76.5124966666667,31.4113855555556 76.5130522222222,31.4113855555556 76.5130522222222,31.4116633333333 76.5127744444444,31.4116633333333 76.5127744444444,31.4124966666667 76.5122188888889,31.4124966666667 76.5122188888889,31.4127744444444 76.5119411111111,31.4127744444444 76.5119411111111,31.4130522222222 76.5113855555555,31.4130522222222 76.5113855555555,31.4136077777778 76.5116633333333,31.4136077777778 76.5116633333333,31.4138855555556 76.5119411111111,31.4138855555556 76.5119411111111,31.4141633333333 76.5122188888889,31.4141633333333 76.5122188888889,31.4147188888889 76.5116633333333,31.4147188888889 76.5116633333333,31.4152744444444 76.5113855555555,31.4152744444444 76.5113855555555,31.4155522222222 76.5116633333333,31.4155522222222 76.5116633333333,31.4174966666667 76.5119411111111,31.4174966666667 76.5119411111111,31.4177744444444 76.5113855555555,31.4177744444444 76.5113855555555,31.4174966666667 76.5105522222222,31.4174966666667 76.5105522222222,31.4172188888889 76.5102744444444,31.4172188888889 76.5102744444444,31.4169411111111 76.5099966666667,31.4169411111111 76.5099966666667,31.4172188888889 76.5097188888889,31.4172188888889 76.5097188888889,31.4177744444444 76.5094411111111,31.4177744444444 76.5094411111111,31.4180522222222 76.5091633333333,31.4180522222222 76.5091633333333,31.41833 76.5086077777778,31.41833 76.5086077777778,31.4186077777778 76.5080522222222,31.4186077777778 76.5080522222222,31.4191633333333 76.50833,31.4191633333333 76.50833,31.4194411111111 76.5080522222222,31.4194411111111 76.5080522222222,31.4199966666667 76.5086077777778,31.4199966666667 76.5086077777778,31.4202744444444 76.5099966666667,31.4202744444444 76.5099966666667,31.4205522222222 76.5091633333333,31.4205522222222 76.5091633333333,31.42083 76.5094411111111,31.42083 76.5094411111111,31.4211077777778 76.5097188888889,31.4211077777778 76.5097188888889,31.4227744444444 76.5099966666667,31.4227744444444 76.5099966666667,31.4230522222222 76.5094411111111,31.4230522222222 76.5094411111111,31.4227744444444 76.5088855555556,31.4227744444444 76.5088855555556,31.4230522222222 76.5086077777778,31.4230522222222 76.5086077777778,31.4241633333333 76.5080522222222,31.4241633333333 76.5080522222222,31.4244411111111 76.5077744444444,31.4244411111111 76.5077744444444,31.4247188888889 76.5072188888889,31.4247188888889 76.5072188888889,31.4252744444444 76.5069411111111,31.4252744444444 76.5069411111111,31.4255522222222 76.5066633333333,31.4255522222222 76.5066633333333,31.42583 76.5063855555556,31.42583 76.5063855555556,31.4261077777778 76.50583,31.4261077777778 76.50583,31.4263855555556 76.5055522222222,31.4263855555556 76.5055522222222,31.4266633333333 76.50583,31.4266633333333 76.50583,31.4269411111111 76.5061077777778,31.4269411111111 76.5061077777778,31.4277744444444 76.50583,31.4277744444444 76.50583,31.4280522222222 76.5055522222222,31.4280522222222 76.5055522222222,31.42833 76.5052744444444,31.42833 76.5052744444444,31.4286077777778 76.50583,31.4286077777778 76.50583,31.42833 76.5061077777778,31.42833 76.5061077777778,31.4288855555556 76.5049966666667,31.4288855555556 76.5049966666667,31.4286077777778 76.5047188888889,31.4286077777778 76.5047188888889,31.42833 76.5049966666667,31.42833 76.5049966666667,31.4280522222222 76.5052744444444,31.4280522222222 76.5052744444444,31.4274966666667 76.5047188888889,31.4274966666667 76.5047188888889,31.4269411111111 76.5044411111111,31.4269411111111 76.5044411111111,31.4266633333333 76.5041633333333,31.4266633333333 76.5041633333333,31.42583 76.5049966666667,31.42583 76.5049966666667,31.4255522222222 76.5052744444444,31.4255522222222 76.5052744444444,31.4249966666667 76.50583,31.4249966666667 76.50583,31.4244411111111 76.5061077777778,31.4244411111111 76.5061077777778,31.4241633333333 76.5066633333333,31.4241633333333 76.5066633333333,31.4236077777778 76.5069411111111,31.4236077777778 76.5069411111111,31.42333 76.5072188888889,31.42333 76.5072188888889,31.4224966666667 76.5052744444444,31.4224966666667 76.5052744444444,31.4230522222222 76.5047188888889,31.4230522222222 76.5047188888889,31.42333 76.5044411111111,31.42333 76.5044411111111,31.4238855555556 76.5041633333333,31.4238855555556 76.5041633333333,31.4241633333333 76.5038855555556,31.4241633333333 76.5038855555556,31.4238855555556 76.5036077777778,31.4238855555556 76.5036077777778,31.4241633333333 76.5030522222222,31.4241633333333 76.5030522222222,31.4247188888889 76.5027744444444,31.4247188888889 76.5027744444444,31.4244411111111 76.5024966666667,31.4244411111111 76.5024966666667,31.4247188888889 76.5019411111111,31.4247188888889 76.5019411111111,31.4249966666667 76.5016633333333,31.4249966666667 76.5016633333333,31.4252744444444 76.50083,31.4252744444444 76.50083,31.4249966666667 76.5011077777778,31.4249966666667 76.5011077777778,31.4244411111111 76.5013855555555,31.4244411111111 76.5013855555555,31.4241633333333 76.5016633333333,31.4241633333333 76.5016633333333,31.4236077777778 76.5019411111111,31.4236077777778 76.5019411111111,31.42333 76.5016633333333,31.42333 76.5016633333333,31.4227744444444 76.5024966666667,31.4227744444444 76.5024966666667,31.4222188888889 76.5016633333333,31.4222188888889 76.5016633333333,31.4224966666667 76.5011077777778,31.4224966666667 76.5011077777778,31.4222188888889 76.5013855555555,31.4222188888889 76.5013855555555,31.4216633333333 76.5011077777778,31.4216633333333 76.5011077777778,31.4219411111111 76.5005522222222,31.4219411111111 76.5005522222222,31.4222188888889 76.5002744444444,31.4222188888889 76.5002744444444,31.4224966666667 76.4997188888889,31.4224966666667 76.4997188888889,31.4227744444444 76.4994411111111,31.4227744444444 76.4994411111111,31.4236077777778 76.49833,31.4236077777778 76.49833,31.4238855555556 76.4980522222222,31.4238855555556 76.4980522222222,31.4241633333333 76.4977744444444,31.4241633333333 76.4977744444444,31.4238855555556 76.4963855555555,31.4238855555556 76.4963855555555,31.4241633333333 76.4961077777778,31.4241633333333 76.4961077777778,31.4244411111111 76.4952744444444,31.4244411111111 76.4952744444444,31.4247188888889 76.4949966666667,31.4247188888889 76.4949966666667,31.4252744444444 76.4952744444444,31.4252744444444 76.4952744444444,31.4249966666667 76.4955522222222,31.4249966666667 76.4955522222222,31.4247188888889 76.4972188888889,31.4247188888889 76.4972188888889,31.4249966666667 76.4969411111111,31.4249966666667 76.4969411111111,31.4255522222222 76.4972188888889,31.4255522222222 76.4972188888889,31.4252744444444 76.4977744444444,31.4252744444444 76.4977744444444,31.4249966666667 76.4980522222222,31.4249966666667 76.4980522222222,31.4252744444444 76.4986077777778,31.4252744444444 76.4986077777778,31.4261077777778 76.4994411111111,31.4261077777778 76.4994411111111,31.4266633333333 76.4991633333333,31.4266633333333 76.4991633333333,31.4280522222222 76.4986077777778,31.4280522222222 76.4986077777778,31.4286077777778 76.4988855555555,31.4286077777778 76.4988855555555,31.4294411111111 76.4991633333333,31.4294411111111 76.4991633333333,31.4297188888889 76.4988855555555,31.4297188888889 76.4988855555555,31.4299966666667 76.4986077777778,31.4299966666667 76.4986077777778,31.4297188888889 76.4980522222222,31.4297188888889 76.4980522222222,31.4294411111111 76.4977744444444,31.4294411111111 76.4977744444444,31.4291633333333 76.4972188888889,31.4291633333333 76.4972188888889,31.4297188888889 76.4966633333333,31.4297188888889 76.4966633333333,31.4299966666667 76.4961077777778,31.4299966666667 76.4961077777778,31.4297188888889 76.49583,31.4297188888889 76.49583,31.4299966666667 76.4955522222222,31.4299966666667 76.4955522222222,31.4302744444444 76.4949966666667,31.4302744444444 76.4949966666667,31.4297188888889 76.4944411111111,31.4297188888889 76.4944411111111,31.4302744444444 76.4938855555556,31.4302744444444 76.4938855555556,31.4305522222222 76.4927744444444,31.4305522222222 76.4927744444444,31.4311077777778 76.4924966666667,31.4311077777778 76.4924966666667,31.4313855555556 76.4916633333333,31.4313855555556 76.4916633333333,31.4311077777778 76.4913855555556,31.4311077777778 76.4913855555556,31.43083 76.4905522222222,31.43083 76.4905522222222,31.4311077777778 76.4899966666667,31.4311077777778 76.4899966666667,31.4313855555556 76.4891633333333,31.4313855555556 76.4891633333333,31.4305522222222 76.4894411111111,31.4305522222222 76.4894411111111,31.4302744444444 76.4897188888889,31.4302744444444 76.4897188888889,31.4299966666667 76.4899966666667,31.4299966666667 76.4899966666667,31.4297188888889 76.4902744444444,31.4297188888889 76.4902744444444,31.4294411111111 76.4905522222222,31.4294411111111 76.4905522222222,31.4288855555556 76.4902744444444,31.4288855555556 76.4902744444444,31.4291633333333 76.4894411111111,31.4291633333333 76.4894411111111,31.4294411111111 76.4891633333333,31.4294411111111 76.4891633333333,31.4297188888889 76.4888855555556,31.4297188888889 76.4888855555556,31.4299966666667 76.48833,31.4299966666667 76.48833,31.4302744444444 76.4880522222222,31.4302744444444 76.4880522222222,31.4305522222222 76.4877744444444,31.4305522222222 76.4877744444444,31.43083 76.4874966666667,31.43083 76.4874966666667,31.4311077777778 76.4872188888889,31.4311077777778 76.4872188888889,31.4313855555556 76.4869411111111,31.4313855555556 76.4869411111111,31.4322188888889 76.4872188888889,31.4322188888889 76.4872188888889,31.4319411111111 76.4891633333333,31.4319411111111 76.4891633333333,31.4322188888889 76.4894411111111,31.4322188888889 76.4894411111111,31.4330522222222 76.4897188888889,31.4330522222222 76.4897188888889,31.4327744444444 76.4899966666667,31.4327744444444 76.4899966666667,31.4324966666667 76.4902744444444,31.4324966666667 76.4902744444444,31.4322188888889 76.4911077777778,31.4322188888889 76.4911077777778,31.4319411111111 76.4916633333333,31.4319411111111 76.4916633333333,31.4327744444444 76.4913855555556,31.4327744444444 76.4913855555556,31.43333 76.4919411111111,31.43333 76.4919411111111,31.4330522222222 76.4922188888889,31.4330522222222 76.4922188888889,31.4327744444444 76.4927744444444,31.4327744444444 76.4927744444444,31.4330522222222 76.49333,31.4330522222222 76.49333,31.4338855555556 76.4936077777778,31.4338855555556 76.4936077777778,31.4344411111111 76.4927744444444,31.4344411111111 76.4927744444444,31.4349966666667 76.4924966666667,31.4349966666667 76.4924966666667,31.4352744444444 76.4913855555556,31.4352744444444 76.4913855555556,31.4366633333333 76.4911077777778,31.4366633333333 76.4911077777778,31.4374966666667 76.49083,31.4374966666667 76.49083,31.4380522222222 76.4911077777778,31.4380522222222 76.4911077777778,31.4386077777778 76.49083,31.4386077777778 76.49083,31.4397188888889 76.4905522222222,31.4397188888889 76.4905522222222,31.4399966666667 76.4902744444444,31.4399966666667 76.4902744444444,31.4405522222222 76.49083,31.4405522222222 76.49083,31.4402744444444 76.4911077777778,31.4402744444444 76.4911077777778,31.4399966666667 76.4913855555556,31.4399966666667 76.4913855555556,31.44083 76.4916633333333,31.44083 76.4916633333333,31.4405522222222 76.4919411111111,31.4405522222222 76.4919411111111,31.4402744444444 76.4922188888889,31.4402744444444 76.4922188888889,31.4399966666667 76.4930522222222,31.4399966666667 76.4930522222222,31.4397188888889 76.4936077777778,31.4397188888889 76.4936077777778,31.4394411111111 76.4938855555556,31.4394411111111 76.4938855555556,31.4391633333333 76.4949966666667,31.4391633333333 76.4949966666667,31.4388855555556 76.4952744444444,31.4388855555556 76.4952744444444,31.4397188888889 76.4949966666667,31.4397188888889 76.4949966666667,31.4399966666667 76.4947188888889,31.4399966666667 76.4947188888889,31.4405522222222 76.4941633333333,31.4405522222222 76.4941633333333,31.4411077777778 76.4938855555556,31.4411077777778 76.4938855555556,31.4413855555556 76.49333,31.4413855555556 76.49333,31.4422188888889 76.4936077777778,31.4422188888889 76.4936077777778,31.4438855555556 76.49333,31.4438855555556 76.49333,31.4444411111111 76.4938855555556,31.4444411111111 76.4938855555556,31.4441633333333 76.4944411111111,31.4441633333333 76.4944411111111,31.4438855555556 76.4952744444444,31.4438855555556 76.4952744444444,31.4436077777778 76.4955522222222,31.4436077777778 76.4955522222222,31.4438855555556 76.49583,31.4438855555556 76.49583,31.4444411111111 76.4952744444444,31.4444411111111 76.4952744444444,31.4447188888889 76.4949966666667,31.4447188888889 76.4949966666667,31.4449966666667 76.4952744444444,31.4449966666667 76.4952744444444,31.4455522222222 76.4944411111111,31.4455522222222 76.4944411111111,31.44583 76.4941633333333,31.44583 76.4941633333333,31.4461077777778 76.49333,31.4461077777778 76.49333,31.4463855555556 76.4924966666667,31.4463855555556 76.4924966666667,31.4455522222222 76.4916633333333,31.4455522222222 76.4916633333333,31.44583 76.4913855555556,31.44583 76.4913855555556,31.4463855555556 76.4911077777778,31.4463855555556 76.4911077777778,31.4469411111111 76.49083,31.4469411111111 76.49083,31.4472188888889 76.4905522222222,31.4472188888889 76.4905522222222,31.4474966666667 76.4916633333333,31.4474966666667 76.4916633333333,31.4477744444444 76.4919411111111,31.4477744444444 76.4919411111111,31.44833 76.4902744444444,31.44833 76.4902744444444,31.4486077777778 76.4891633333333,31.4486077777778 76.4891633333333,31.4488855555556 76.4888855555556,31.4488855555556 76.4888855555556,31.4491633333333 76.4886077777778,31.4491633333333 76.4886077777778,31.4494411111111 76.48833,31.4494411111111 76.48833,31.4499966666667 76.4880522222222,31.4499966666667 76.4880522222222,31.45083 76.4872188888889,31.45083 76.4872188888889,31.4511077777778 76.4866633333333,31.4511077777778 76.4866633333333,31.4513855555556 76.4863855555556,31.4513855555556 76.4863855555556,31.4519411111111 76.4861077777778,31.4519411111111 76.4861077777778,31.4522188888889 76.48583,31.4522188888889 76.48583,31.4519411111111 76.4852744444444,31.4519411111111 76.4852744444444,31.4511077777778 76.4855522222222,31.4511077777778 76.4855522222222,31.4502744444444 76.48583,31.4502744444444 76.48583,31.4497188888889 76.4861077777778,31.4497188888889 76.4861077777778,31.4494411111111 76.4863855555556,31.4494411111111 76.4863855555556,31.4488855555556 76.4866633333333,31.4488855555556 76.4866633333333,31.44833 76.4869411111111,31.44833 76.4869411111111,31.4477744444444 76.4872188888889,31.4477744444444 76.4872188888889,31.4469411111111 76.4874966666667,31.4469411111111 76.4874966666667,31.4463855555556 76.4877744444444,31.4463855555556 76.4877744444444,31.4461077777778 76.4880522222222,31.4461077777778 76.4880522222222,31.4455522222222 76.48833,31.4455522222222 76.48833,31.4449966666667 76.4886077777778,31.4449966666667 76.4886077777778,31.4444411111111 76.4888855555556,31.4444411111111 76.4888855555556,31.4441633333333 76.4891633333333,31.4441633333333 76.4891633333333,31.4438855555556 76.4894411111111,31.4438855555556 76.4894411111111,31.4436077777778 76.4897188888889,31.4436077777778 76.4897188888889,31.4430522222222 76.4899966666667,31.4430522222222 76.4899966666667,31.4424966666667 76.4902744444444,31.4424966666667 76.4902744444444,31.4422188888889 76.4899966666667,31.4422188888889 76.4899966666667,31.4419411111111 76.4891633333333,31.4419411111111 76.4891633333333,31.4422188888889 76.48833,31.4422188888889 76.48833,31.4413855555556 76.4872188888889,31.4413855555556 76.4872188888889,31.4416633333333 76.4866633333333,31.4416633333333 76.4866633333333,31.4419411111111 76.4863855555556,31.4419411111111 76.4863855555556,31.4422188888889 76.4861077777778,31.4422188888889 76.4861077777778,31.4424966666667 76.48583,31.4424966666667 76.48583,31.4427744444444 76.4852744444444,31.4427744444444 76.4852744444444,31.44333 76.4849966666667,31.44333 76.4849966666667,31.4436077777778 76.4847188888889,31.4436077777778 76.4847188888889,31.4441633333333 76.4844411111111,31.4441633333333 76.4844411111111,31.4444411111111 76.4841633333333,31.4444411111111 76.4841633333333,31.4447188888889 76.4836077777778,31.4447188888889 76.4836077777778,31.4444411111111 76.4838855555555,31.4444411111111 76.4838855555555,31.4436077777778 76.4841633333333,31.4436077777778 76.4841633333333,31.4430522222222 76.4844411111111,31.4430522222222 76.4844411111111,31.4427744444444 76.4847188888889,31.4427744444444 76.4847188888889,31.4424966666667 76.4849966666667,31.4424966666667 76.4849966666667,31.4419411111111 76.4852744444444,31.4419411111111 76.4852744444444,31.4416633333333 76.4855522222222,31.4416633333333 76.4855522222222,31.4411077777778 76.48583,31.4411077777778 76.48583,31.4405522222222 76.4861077777778,31.4405522222222 76.4861077777778,31.4402744444444 76.4852744444444,31.4402744444444 76.4852744444444,31.4405522222222 76.4849966666667,31.4405522222222 76.4849966666667,31.44083 76.4847188888889,31.44083 76.4847188888889,31.4411077777778 76.4844411111111,31.4411077777778 76.4844411111111,31.4413855555556 76.4841633333333,31.4413855555556 76.4841633333333,31.4416633333333 76.4838855555555,31.4416633333333 76.4838855555555,31.4419411111111 76.4836077777778,31.4419411111111 76.4836077777778,31.4422188888889 76.48333,31.4422188888889 76.48333,31.4424966666667 76.4827744444444,31.4424966666667 76.4827744444444,31.4419411111111 76.4830522222222,31.4419411111111 76.4830522222222,31.4413855555556 76.48333,31.4413855555556 76.48333,31.4405522222222 76.4836077777778,31.4405522222222 76.4836077777778,31.4399966666667 76.4827744444444,31.4399966666667 76.4827744444444,31.4402744444444 76.4822188888889,31.4402744444444 76.4822188888889,31.4405522222222 76.4819411111111,31.4405522222222 76.4819411111111,31.44083 76.4813855555555,31.44083 76.4813855555555,31.4399966666667 76.4816633333333,31.4399966666667 76.4816633333333,31.4397188888889 76.4819411111111,31.4397188888889 76.4819411111111,31.4391633333333 76.4822188888889,31.4391633333333 76.4822188888889,31.4388855555556 76.4824966666667,31.4388855555556 76.4824966666667,31.43833 76.4819411111111,31.43833 76.4819411111111,31.4386077777778 76.4816633333333,31.4386077777778 76.4816633333333,31.4388855555556 76.4813855555555,31.4388855555556 76.4813855555555,31.4391633333333 76.4811077777778,31.4391633333333 76.4811077777778,31.4394411111111 76.4805522222222,31.4394411111111 76.4805522222222,31.4397188888889 76.4802744444444,31.4397188888889 76.4802744444444,31.4399966666667 76.4799966666667,31.4399966666667 76.4799966666667,31.4402744444444 76.4797188888889,31.4402744444444 76.4797188888889,31.4405522222222 76.4794411111111,31.4405522222222 76.4794411111111,31.44083 76.4791633333333,31.44083 76.4791633333333,31.4411077777778 76.4788855555556,31.4411077777778 76.4788855555556,31.4419411111111 76.4786077777778,31.4419411111111 76.4786077777778,31.4422188888889 76.47833,31.4422188888889 76.47833,31.4424966666667 76.4780522222222,31.4424966666667 76.4780522222222,31.4430522222222 76.4777744444444,31.4430522222222 76.4777744444444,31.44333 76.47833,31.44333 76.47833,31.4430522222222 76.4786077777778,31.4430522222222 76.4786077777778,31.4436077777778 76.47833,31.4436077777778 76.47833,31.4444411111111 76.4780522222222,31.4444411111111 76.4780522222222,31.4447188888889 76.4777744444444,31.4447188888889 76.4777744444444,31.4463855555556 76.47833,31.4463855555556 76.47833,31.4466633333333 76.4780522222222,31.4466633333333 76.4780522222222,31.4474966666667 76.4772188888889,31.4474966666667 76.4772188888889,31.4472188888889 76.4769411111111,31.4472188888889 76.4769411111111,31.4469411111111 76.4755522222222,31.4469411111111 76.4755522222222,31.4472188888889 76.4752744444444,31.4472188888889 76.4752744444444,31.4469411111111 76.4749966666667,31.4469411111111 76.4749966666667,31.4466633333333 76.4747188888889,31.4466633333333 76.4747188888889,31.4463855555556 76.4744411111111,31.4463855555556 76.4744411111111,31.4466633333333 76.4738855555556,31.4466633333333 76.4738855555556,31.4469411111111 76.47333,31.4469411111111 76.47333,31.4472188888889 76.4724966666667,31.4472188888889 76.4724966666667,31.4474966666667 76.4722188888889,31.4474966666667 76.4722188888889,31.44833 76.4719411111111,31.44833 76.4719411111111,31.4486077777778 76.4716633333333,31.4486077777778 76.4716633333333,31.4494411111111 76.4713855555556,31.4494411111111 76.4713855555556,31.4499966666667 76.4719411111111,31.4499966666667 76.4719411111111,31.4497188888889 76.4722188888889,31.4497188888889 76.4722188888889,31.4494411111111 76.4724966666667,31.4494411111111 76.4724966666667,31.4497188888889 76.4727744444444,31.4497188888889 76.4727744444444,31.4505522222222 76.4724966666667,31.4505522222222 76.4724966666667,31.4511077777778 76.4722188888889,31.4511077777778 76.4722188888889,31.4513855555556 76.4719411111111,31.4513855555556 76.4719411111111,31.4516633333333 76.4716633333333,31.4516633333333 76.4716633333333,31.4522188888889 76.4722188888889,31.4522188888889 76.4722188888889,31.4519411111111 76.4727744444444,31.4519411111111 76.4727744444444,31.4516633333333 76.47333,31.4516633333333 76.47333,31.4522188888889 76.4730522222222,31.4522188888889 76.4730522222222,31.4524966666667 76.4727744444444,31.4524966666667 76.4727744444444,31.4527744444444 76.4724966666667,31.4527744444444 76.4724966666667,31.45333 76.4722188888889,31.45333 76.4722188888889,31.4536077777778 76.4719411111111,31.4536077777778 76.4719411111111,31.4538855555556 76.4716633333333,31.4538855555556 76.4716633333333,31.4547188888889 76.4724966666667,31.4547188888889 76.4724966666667,31.4544411111111 76.4727744444444,31.4544411111111 76.4727744444444,31.4547188888889 76.4730522222222,31.4547188888889 76.4730522222222,31.4549966666667 76.4724966666667,31.4549966666667 76.4724966666667,31.4555522222222 76.4722188888889,31.4555522222222 76.4722188888889,31.45583 76.4719411111111,31.45583 76.4719411111111,31.4555522222222 76.4702744444444,31.4555522222222 76.4702744444444,31.45583 76.4697188888889,31.45583 76.4697188888889,31.4561077777778 76.4688855555555,31.4561077777778 76.4688855555555,31.4563855555556 76.4686077777778,31.4563855555556 76.4686077777778,31.45583 76.4691633333333,31.45583 76.4691633333333,31.4552744444444 76.4694411111111,31.4552744444444 76.4694411111111,31.4549966666667 76.4697188888889,31.4549966666667 76.4697188888889,31.4541633333333 76.4694411111111,31.4541633333333 76.4694411111111,31.4544411111111 76.4688855555555,31.4544411111111 76.4688855555555,31.4547188888889 76.46833,31.4547188888889 76.46833,31.4549966666667 76.4677744444444,31.4549966666667 76.4677744444444,31.4552744444444 76.4674966666667,31.4552744444444 76.4674966666667,31.45583 76.4672188888889,31.45583 76.4672188888889,31.4563855555556 76.4663855555555,31.4563855555556 76.4663855555555,31.4566633333333 76.46583,31.4566633333333 76.46583,31.4572188888889 76.4641633333333,31.4572188888889 76.4641633333333,31.4569411111111 76.4636077777778,31.4569411111111 76.4636077777778,31.4572188888889 76.4630522222222,31.4572188888889 76.4630522222222,31.4574966666667 76.4627744444444,31.4574966666667 76.4627744444444,31.4580522222222 76.4624966666667,31.4580522222222 76.4624966666667,31.45833 76.4627744444444,31.45833 76.4627744444444,31.4586077777778 76.4630522222222,31.4586077777778 76.4630522222222,31.4594411111111 76.4627744444444,31.4594411111111 76.4627744444444,31.4602744444444 76.4630522222222,31.4602744444444 76.4630522222222,31.4605522222222 76.4622188888889,31.4605522222222 76.4622188888889,31.46083 76.4619411111111,31.46083 76.4619411111111,31.4624966666667 76.4616633333333,31.4624966666667 76.4616633333333,31.4630522222222 76.4619411111111,31.4630522222222 76.4619411111111,31.4627744444444 76.4624966666667,31.4627744444444 76.4624966666667,31.46333 76.4622188888889,31.46333 76.4622188888889,31.4636077777778 76.4630522222222,31.4636077777778 76.4630522222222,31.46333 76.4636077777778,31.46333 76.4636077777778,31.4630522222222 76.4641633333333,31.4630522222222 76.4641633333333,31.4627744444444 76.4644411111111,31.4627744444444 76.4644411111111,31.4624966666667 76.4647188888889,31.4624966666667 76.4647188888889,31.4630522222222 76.4644411111111,31.4630522222222 76.4644411111111,31.46333 76.4641633333333,31.46333 76.4641633333333,31.4636077777778 76.4638855555555,31.4636077777778 76.4638855555555,31.4641633333333 76.4636077777778,31.4641633333333 76.4636077777778,31.4649966666667 76.46333,31.4649966666667 76.46333,31.4652744444444 76.4630522222222,31.4652744444444 76.4630522222222,31.46583 76.4627744444444,31.46583 76.4627744444444,31.4661077777778 76.4630522222222,31.4661077777778 76.4630522222222,31.4663855555556 76.4627744444444,31.4663855555556 76.4627744444444,31.4669411111111 76.4624966666667,31.4669411111111 76.4624966666667,31.4672188888889 76.46333,31.4672188888889 76.46333,31.46833 76.4636077777778,31.46833 76.4636077777778,31.4688855555556 76.4644411111111,31.4688855555556 76.4644411111111,31.4686077777778 76.4647188888889,31.4686077777778 76.4647188888889,31.4680522222222 76.4649966666667,31.4680522222222 76.4649966666667,31.4677744444444 76.4655522222222,31.4677744444444 76.4655522222222,31.4674966666667 76.4661077777778,31.4674966666667 76.4661077777778,31.4669411111111 76.4666633333333,31.4669411111111 76.4666633333333,31.4666633333333 76.4672188888889,31.4666633333333 76.4672188888889,31.4663855555556 76.4674966666667,31.4663855555556 76.4674966666667,31.4661077777778 76.4680522222222,31.4661077777778 76.4680522222222,31.46583 76.46833,31.46583 76.46833,31.4655522222222 76.4686077777778,31.4655522222222 76.4686077777778,31.4652744444444 76.4688855555555,31.4652744444444 76.4688855555555,31.4649966666667 76.4694411111111,31.4649966666667 76.4694411111111,31.4647188888889 76.4697188888889,31.4647188888889 76.4697188888889,31.4644411111111 76.4699966666667,31.4644411111111 76.4699966666667,31.4641633333333 76.4702744444444,31.4641633333333 76.4702744444444,31.4638855555556 76.4705522222222,31.4638855555556 76.4705522222222,31.4636077777778 76.47083,31.4636077777778 76.47083,31.46333 76.4716633333333,31.46333 76.4716633333333,31.4630522222222 76.4722188888889,31.4630522222222 76.4722188888889,31.4627744444444 76.4727744444444,31.4627744444444 76.4727744444444,31.4624966666667 76.4741633333333,31.4624966666667 76.4741633333333,31.4622188888889 76.4747188888889,31.4622188888889 76.4747188888889,31.4624966666667 76.4744411111111,31.4624966666667 76.4744411111111,31.4627744444444 76.4741633333333,31.4627744444444 76.4741633333333,31.4630522222222 76.4738855555556,31.4630522222222 76.4738855555556,31.4636077777778 76.4736077777778,31.4636077777778 76.4736077777778,31.4647188888889 76.47333,31.4647188888889 76.47333,31.4649966666667 76.4727744444444,31.4649966666667 76.4727744444444,31.4652744444444 76.4730522222222,31.4652744444444 76.4730522222222,31.46583 76.4724966666667,31.46583 76.4724966666667,31.4661077777778 76.4722188888889,31.4661077777778 76.4722188888889,31.4666633333333 76.4713855555556,31.4666633333333 76.4713855555556,31.4669411111111 76.4711077777778,31.4669411111111 76.4711077777778,31.4672188888889 76.4705522222222,31.4672188888889 76.4705522222222,31.4674966666667 76.4702744444444,31.4674966666667 76.4702744444444,31.4680522222222 76.4699966666667,31.4680522222222 76.4699966666667,31.4688855555556 76.4697188888889,31.4688855555556 76.4697188888889,31.4694411111111 76.4694411111111,31.4694411111111 76.4694411111111,31.4697188888889 76.4691633333333,31.4697188888889 76.4691633333333,31.4699966666667 76.4688855555555,31.4699966666667 76.4688855555555,31.4702744444444 76.4686077777778,31.4702744444444 76.4686077777778,31.4713855555556 76.46833,31.4713855555556 76.46833,31.4716633333333 76.4677744444444,31.4716633333333 76.4677744444444,31.4719411111111 76.4666633333333,31.4719411111111 76.4666633333333,31.4724966666667 76.4663855555555,31.4724966666667 76.4663855555555,31.4727744444444 76.4655522222222,31.4727744444444 76.4655522222222,31.4744411111111 76.4652744444444,31.4744411111111 76.4652744444444,31.4747188888889 76.4649966666667,31.4747188888889 76.4649966666667,31.4752744444444 76.4644411111111,31.4752744444444 76.4644411111111,31.4755522222222 76.4641633333333,31.4755522222222 76.4641633333333,31.4761077777778 76.4638855555555,31.4761077777778 76.4638855555555,31.4763855555556 76.4636077777778,31.4763855555556 76.4636077777778,31.4766633333333 76.4627744444444,31.4766633333333 76.4627744444444,31.4769411111111 76.4624966666667,31.4769411111111 76.4624966666667,31.4777744444444 76.4616633333333,31.4777744444444 76.4616633333333,31.4774966666667 76.4613855555556,31.4774966666667 76.4613855555556,31.4780522222222 76.4611077777778,31.4780522222222 76.4611077777778,31.4786077777778 76.46083,31.4786077777778 76.46083,31.4788855555556 76.4597188888889,31.4788855555556 76.4597188888889,31.4791633333333 76.4594411111111,31.4791633333333 76.4594411111111,31.4794411111111 76.4586077777778,31.4794411111111 76.4586077777778,31.4802744444444 76.45833,31.4802744444444 76.45833,31.48083 76.4574966666667,31.48083 76.4574966666667,31.4811077777778 76.4572188888889,31.4811077777778 76.4572188888889,31.4813855555556 76.4569411111111,31.4813855555556 76.4569411111111,31.4816633333333 76.4566633333333,31.4816633333333 76.4566633333333,31.4819411111111 76.4563855555556,31.4819411111111 76.4563855555556,31.4822188888889 76.4561077777778,31.4822188888889 76.4561077777778,31.4824966666667 76.45583,31.4824966666667 76.45583,31.4819411111111 76.4555522222222,31.4819411111111 76.4555522222222,31.4822188888889 76.4552744444444,31.4822188888889 76.4552744444444,31.4824966666667 76.4549966666667,31.4824966666667 76.4549966666667,31.4813855555556 76.4552744444444,31.4813855555556 76.4552744444444,31.4805522222222 76.4547188888889,31.4805522222222 76.4547188888889,31.4802744444444 76.4552744444444,31.4802744444444 76.4552744444444,31.4799966666667 76.4555522222222,31.4799966666667 76.4555522222222,31.4797188888889 76.45583,31.4797188888889 76.45583,31.4794411111111 76.4561077777778,31.4794411111111 76.4561077777778,31.4786077777778 76.4563855555556,31.4786077777778 76.4563855555556,31.47833 76.4566633333333,31.47833 76.4566633333333,31.4777744444444 76.4569411111111,31.4777744444444 76.4569411111111,31.4772188888889 76.4572188888889,31.4772188888889 76.4572188888889,31.4769411111111 76.4577744444444,31.4769411111111 76.4577744444444,31.4766633333333 76.4580522222222,31.4766633333333 76.4580522222222,31.4763855555556 76.45833,31.4763855555556 76.45833,31.4761077777778 76.4588855555556,31.4761077777778 76.4588855555556,31.4755522222222 76.4591633333333,31.4755522222222 76.4591633333333,31.4752744444444 76.4594411111111,31.4752744444444 76.4594411111111,31.4749966666667 76.4597188888889,31.4749966666667 76.4597188888889,31.4747188888889 76.4599966666667,31.4747188888889 76.4599966666667,31.4738855555556 76.4602744444444,31.4738855555556 76.4602744444444,31.4736077777778 76.4605522222222,31.4736077777778 76.4605522222222,31.47333 76.46083,31.47333 76.46083,31.4727744444444 76.4611077777778,31.4727744444444 76.4611077777778,31.4724966666667 76.4613855555556,31.4724966666667 76.4613855555556,31.4722188888889 76.4611077777778,31.4722188888889 76.4611077777778,31.4719411111111 76.46083,31.4719411111111 76.46083,31.4716633333333 76.4605522222222,31.4716633333333 76.4605522222222,31.47083 76.46083,31.47083 76.46083,31.4705522222222 76.4611077777778,31.4705522222222 76.4611077777778,31.4697188888889 76.4613855555556,31.4697188888889 76.4613855555556,31.4686077777778 76.4605522222222,31.4686077777778 76.4605522222222,31.4688855555556 76.4602744444444,31.4688855555556 76.4602744444444,31.4691633333333 76.4599966666667,31.4691633333333 76.4599966666667,31.4694411111111 76.4594411111111,31.4694411111111 76.4594411111111,31.4697188888889 76.4586077777778,31.4697188888889 76.4586077777778,31.4705522222222 76.45833,31.4705522222222 76.45833,31.47083 76.4580522222222,31.47083 76.4580522222222,31.4711077777778 76.4577744444444,31.4711077777778 76.4577744444444,31.4713855555556 76.4572188888889,31.4713855555556 76.4572188888889,31.4716633333333 76.4569411111111,31.4716633333333 76.4569411111111,31.4719411111111 76.4566633333333,31.4719411111111 76.4566633333333,31.4722188888889 76.4552744444444,31.4722188888889 76.4552744444444,31.4724966666667 76.4549966666667,31.4724966666667 76.4549966666667,31.47333 76.4547188888889,31.47333 76.4547188888889,31.4736077777778 76.4538855555555,31.4736077777778 76.4538855555555,31.4738855555556 76.45333,31.4738855555556 76.45333,31.4741633333333 76.4530522222222,31.4741633333333 76.4530522222222,31.4747188888889 76.45333,31.4747188888889 76.45333,31.4749966666667 76.4541633333333,31.4749966666667 76.4541633333333,31.4755522222222 76.4544411111111,31.4755522222222 76.4544411111111,31.47583 76.4538855555555,31.47583 76.4538855555555,31.4761077777778 76.4524966666667,31.4761077777778 76.4524966666667,31.4763855555556 76.4522188888889,31.4763855555556 76.4522188888889,31.4772188888889 76.4519411111111,31.4772188888889 76.4519411111111,31.4777744444444 76.4516633333333,31.4777744444444 76.4516633333333,31.4774966666667 76.4513855555555,31.4774966666667 76.4513855555555,31.4772188888889 76.4511077777778,31.4772188888889 76.4511077777778,31.4766633333333 76.4505522222222,31.4766633333333 76.4505522222222,31.4772188888889 76.4502744444444,31.4772188888889 76.4502744444444,31.4774966666667 76.4497188888889,31.4774966666667 76.4497188888889,31.47833 76.4499966666667,31.47833 76.4499966666667,31.4788855555556 76.4505522222222,31.4788855555556 76.4505522222222,31.4794411111111 76.4502744444444,31.4794411111111 76.4502744444444,31.4797188888889 76.4499966666667,31.4797188888889 76.4499966666667,31.4794411111111 76.4494411111111,31.4794411111111 76.4494411111111,31.4797188888889 76.4488855555555,31.4797188888889 76.4488855555555,31.4788855555556 76.44833,31.4788855555556 76.44833,31.4791633333333 76.4480522222222,31.4791633333333 76.4480522222222,31.47833 76.44833,31.47833 76.44833,31.4780522222222 76.4486077777778,31.4780522222222 76.4486077777778,31.4774966666667 76.44833,31.4774966666667 76.44833,31.4769411111111 76.4486077777778,31.4769411111111 76.4486077777778,31.4766633333333 76.4488855555555,31.4766633333333 76.4488855555555,31.4763855555556 76.4486077777778,31.4763855555556 76.4486077777778,31.4761077777778 76.4488855555555,31.4761077777778 76.4488855555555,31.4755522222222 76.44833,31.4755522222222 76.44833,31.4752744444444 76.4480522222222,31.4752744444444 76.4480522222222,31.4749966666667 76.4486077777778,31.4749966666667 76.4486077777778,31.4747188888889 76.4491633333333,31.4747188888889 76.4491633333333,31.4744411111111 76.4499966666667,31.4744411111111 76.4499966666667,31.4741633333333 76.4502744444444,31.4741633333333 76.4502744444444,31.4738855555556 76.4499966666667,31.4738855555556 76.4499966666667,31.4730522222222 76.45083,31.4730522222222 76.45083,31.4724966666667 76.4505522222222,31.4724966666667 76.4505522222222,31.4722188888889 76.4499966666667,31.4722188888889 76.4499966666667,31.4724966666667 76.4497188888889,31.4724966666667 76.4497188888889,31.4727744444444 76.4494411111111,31.4727744444444 76.4494411111111,31.4730522222222 76.4491633333333,31.4730522222222 76.4491633333333,31.47333 76.4486077777778,31.47333 76.4486077777778,31.4736077777778 76.44833,31.4736077777778 76.44833,31.4741633333333 76.4480522222222,31.4741633333333 76.4480522222222,31.4744411111111 76.4474966666667,31.4744411111111 76.4474966666667,31.4747188888889 76.4472188888889,31.4747188888889 76.4472188888889,31.4752744444444 76.4466633333333,31.4752744444444 76.4466633333333,31.4755522222222 76.4463855555556,31.4755522222222 76.4463855555556,31.4766633333333 76.4461077777778,31.4766633333333 76.4461077777778,31.4769411111111 76.44583,31.4769411111111 76.44583,31.4777744444444 76.4463855555556,31.4777744444444 76.4463855555556,31.4774966666667 76.4466633333333,31.4774966666667 76.4466633333333,31.47833 76.4463855555556,31.47833 76.4463855555556,31.4786077777778 76.4461077777778,31.4786077777778 76.4461077777778,31.4788855555556 76.4455522222222,31.4788855555556 76.4455522222222,31.4791633333333 76.4444411111111,31.4791633333333 76.4444411111111,31.4794411111111 76.4441633333333,31.4794411111111 76.4441633333333,31.4797188888889 76.4447188888889,31.4797188888889 76.4447188888889,31.4813855555556 76.4452744444444,31.4813855555556 76.4452744444444,31.4816633333333 76.44583,31.4816633333333 76.44583,31.4813855555556 76.4463855555556,31.4813855555556 76.4463855555556,31.4816633333333 76.4461077777778,31.4816633333333 76.4461077777778,31.4822188888889 76.4469411111111,31.4822188888889 76.4469411111111,31.4824966666667 76.4472188888889,31.4824966666667 76.4472188888889,31.4827744444444 76.4466633333333,31.4827744444444 76.4466633333333,31.4830522222222 76.4463855555556,31.4830522222222 76.4463855555556,31.48333 76.4461077777778,31.48333 76.4461077777778,31.4836077777778 76.4455522222222,31.4836077777778 76.4455522222222,31.4841633333333 76.4461077777778,31.4841633333333 76.4461077777778,31.4849966666667 76.44583,31.4849966666667 76.44583,31.4852744444444 76.4455522222222,31.4852744444444 76.4455522222222,31.4855522222222 76.4444411111111,31.4855522222222 76.4444411111111,31.48583 76.4449966666667,31.48583 76.4449966666667,31.4861077777778 76.4438855555556,31.4861077777778 76.4438855555556,31.4863855555556 76.4436077777778,31.4863855555556 76.4436077777778,31.4869411111111 76.4444411111111,31.4869411111111 76.4444411111111,31.4872188888889 76.4441633333333,31.4872188888889 76.4441633333333,31.4874966666667 76.4444411111111,31.4874966666667 76.4444411111111,31.4877744444444 76.4441633333333,31.4877744444444 76.4441633333333,31.49083 76.4438855555556,31.49083 76.4438855555556,31.4911077777778 76.4424966666667,31.4911077777778 76.4424966666667,31.4913855555556 76.4419411111111,31.4913855555556 76.4419411111111,31.4905522222222 76.4416633333333,31.4905522222222 76.4416633333333,31.4897188888889 76.4411077777778,31.4897188888889 76.4411077777778,31.4899966666667 76.44083,31.4899966666667 76.44083,31.4902744444444 76.4405522222222,31.4902744444444 76.4405522222222,31.4905522222222 76.4402744444444,31.4905522222222 76.4402744444444,31.49083 76.4399966666667,31.49083 76.4399966666667,31.4911077777778 76.4397188888889,31.4911077777778 76.4397188888889,31.4913855555556 76.4394411111111,31.4913855555556 76.4394411111111,31.4902744444444 76.4391633333333,31.4902744444444 76.4391633333333,31.4894411111111 76.4394411111111,31.4894411111111 76.4394411111111,31.4891633333333 76.4397188888889,31.4891633333333 76.4397188888889,31.4888855555556 76.4399966666667,31.4888855555556 76.4399966666667,31.4886077777778 76.4402744444444,31.4886077777778 76.4402744444444,31.4880522222222 76.4405522222222,31.4880522222222 76.4405522222222,31.4874966666667 76.4402744444444,31.4874966666667 76.4402744444444,31.4872188888889 76.4399966666667,31.4872188888889 76.4399966666667,31.4874966666667 76.4394411111111,31.4874966666667 76.4394411111111,31.4861077777778 76.4397188888889,31.4861077777778 76.4397188888889,31.4855522222222 76.4394411111111,31.4855522222222 76.4394411111111,31.48583 76.4391633333333,31.48583 76.4391633333333,31.4861077777778 76.4388855555555,31.4861077777778 76.4388855555555,31.4863855555556 76.4386077777778,31.4863855555556 76.4386077777778,31.4869411111111 76.43833,31.4869411111111 76.43833,31.4872188888889 76.4380522222222,31.4872188888889 76.4380522222222,31.4874966666667 76.4377744444444,31.4874966666667 76.4377744444444,31.4880522222222 76.4374966666667,31.4880522222222 76.4374966666667,31.48833 76.4372188888889,31.48833 76.4372188888889,31.4886077777778 76.4369411111111,31.4886077777778 76.4369411111111,31.4888855555556 76.4361077777778,31.4888855555556 76.4361077777778,31.4891633333333 76.43583,31.4891633333333 76.43583,31.4880522222222 76.4361077777778,31.4880522222222 76.4361077777778,31.4874966666667 76.4363855555555,31.4874966666667 76.4363855555555,31.4866633333333 76.4366633333333,31.4866633333333 76.4366633333333,31.4863855555556 76.4369411111111,31.4863855555556 76.4369411111111,31.48583 76.4372188888889,31.48583 76.4372188888889,31.4852744444444 76.4374966666667,31.4852744444444 76.4374966666667,31.4844411111111 76.4372188888889,31.4844411111111 76.4372188888889,31.4841633333333 76.4369411111111,31.4841633333333 76.4369411111111,31.4844411111111 76.4366633333333,31.4844411111111 76.4366633333333,31.4847188888889 76.4363855555555,31.4847188888889 76.4363855555555,31.4855522222222 76.4361077777778,31.4855522222222 76.4361077777778,31.4861077777778 76.43583,31.4861077777778 76.43583,31.4872188888889 76.4355522222222,31.4872188888889 76.4355522222222,31.4874966666667 76.4352744444444,31.4874966666667 76.4352744444444,31.4877744444444 76.4349966666667,31.4877744444444 76.4349966666667,31.48833 76.4347188888889,31.48833 76.4347188888889,31.4886077777778 76.4344411111111,31.4886077777778 76.4344411111111,31.4888855555556 76.4338855555555,31.4888855555556 76.4338855555555,31.4891633333333 76.4336077777778,31.4891633333333 76.4336077777778,31.4894411111111 76.4330522222222,31.4894411111111 76.4330522222222,31.4897188888889 76.4327744444444,31.4897188888889 76.4327744444444,31.4902744444444 76.4322188888889,31.4902744444444 76.4322188888889,31.4905522222222 76.4316633333333,31.4905522222222 76.4316633333333,31.49083 76.4313855555556,31.49083 76.4313855555556,31.4911077777778 76.4324966666667,31.4911077777778 76.4324966666667,31.49083 76.43333,31.49083 76.43333,31.4911077777778 76.4336077777778,31.4911077777778 76.4336077777778,31.49083 76.4344411111111,31.49083 76.4344411111111,31.4913855555556 76.4341633333333,31.4913855555556 76.4341633333333,31.4919411111111 76.4338855555555,31.4919411111111 76.4338855555555,31.4927744444444 76.4336077777778,31.4927744444444 76.4336077777778,31.4930522222222 76.4338855555555,31.4930522222222 76.4338855555555,31.4941633333333 76.4336077777778,31.4941633333333 76.4336077777778,31.4947188888889 76.43333,31.4947188888889 76.43333,31.4949966666667 76.4338855555555,31.4949966666667 76.4338855555555,31.4947188888889 76.4341633333333,31.4947188888889 76.4341633333333,31.4944411111111 76.4344411111111,31.4944411111111 76.4344411111111,31.4941633333333 76.4349966666667,31.4941633333333 76.4349966666667,31.4944411111111 76.4347188888889,31.4944411111111 76.4347188888889,31.4949966666667 76.4355522222222,31.4949966666667 76.4355522222222,31.4947188888889 76.4361077777778,31.4947188888889 76.4361077777778,31.4949966666667 76.43583,31.4949966666667 76.43583,31.4952744444444 76.4355522222222,31.4952744444444 76.4355522222222,31.4961077777778 76.43583,31.4961077777778 76.43583,31.4969411111111 76.4349966666667,31.4969411111111 76.4349966666667,31.4974966666667 76.4344411111111,31.4974966666667 76.4344411111111,31.4977744444444 76.4341633333333,31.4977744444444 76.4341633333333,31.4980522222222 76.4338855555555,31.4980522222222 76.4338855555555,31.49833 76.4336077777778,31.49833 76.4336077777778,31.4994411111111 76.43333,31.4994411111111 76.43333,31.5002744444444 76.4327744444444,31.5002744444444 76.4327744444444,31.4999966666667 76.4324966666667,31.4999966666667 76.4324966666667,31.4997188888889 76.4319411111111,31.4997188888889 76.4319411111111,31.4994411111111 76.4316633333333,31.4994411111111 76.4316633333333,31.4997188888889 76.4311077777778,31.4997188888889 76.4311077777778,31.4999966666667 76.43083,31.4999966666667 76.43083,31.50083 76.4305522222222,31.50083 76.4305522222222,31.5011077777778 76.4302744444444,31.5011077777778 76.4302744444444,31.4999966666667 76.4305522222222,31.4999966666667 76.4305522222222,31.4988855555556 76.4302744444444,31.4988855555556 76.4302744444444,31.4991633333333 76.4297188888889,31.4991633333333 76.4297188888889,31.4994411111111 76.4294411111111,31.4994411111111 76.4294411111111,31.4999966666667 76.4288855555556,31.4999966666667 76.4288855555556,31.5002744444444 76.4286077777778,31.5002744444444 76.4286077777778,31.50083 76.4280522222222,31.50083 76.4280522222222,31.5011077777778 76.4277744444444,31.5011077777778 76.4277744444444,31.5005522222222 76.4280522222222,31.5005522222222 76.4280522222222,31.4997188888889 76.42833,31.4997188888889 76.42833,31.4991633333333 76.4286077777778,31.4991633333333 76.4286077777778,31.4972188888889 76.4277744444444,31.4972188888889 76.4277744444444,31.4974966666667 76.4274966666667,31.4974966666667 76.4274966666667,31.4977744444444 76.4272188888889,31.4977744444444 76.4272188888889,31.49833 76.4266633333333,31.49833 76.4266633333333,31.4991633333333 76.4263855555556,31.4991633333333 76.4263855555556,31.4994411111111 76.4261077777778,31.4994411111111 76.4261077777778,31.5002744444444 76.42583,31.5002744444444 76.42583,31.50083 76.4255522222222,31.50083 76.4255522222222,31.5011077777778 76.4252744444444,31.5011077777778 76.4252744444444,31.5016633333333 76.4249966666667,31.5016633333333 76.4249966666667,31.5022188888889 76.4247188888889,31.5022188888889 76.4247188888889,31.5027744444444 76.4244411111111,31.5027744444444 76.4244411111111,31.5044411111111 76.4247188888889,31.5044411111111 76.4247188888889,31.5047188888889 76.4252744444444,31.5047188888889 76.4252744444444,31.5044411111111 76.42583,31.5044411111111 76.42583,31.5041633333333 76.4261077777778,31.5041633333333 76.4261077777778,31.5038855555556 76.4263855555556,31.5038855555556 76.4263855555556,31.5044411111111 76.4261077777778,31.5044411111111 76.4261077777778,31.5055522222222 76.42583,31.5055522222222 76.42583,31.5063855555556 76.4255522222222,31.5063855555556 76.4255522222222,31.5066633333333 76.4252744444444,31.5066633333333 76.4252744444444,31.5072188888889 76.4249966666667,31.5072188888889 76.4249966666667,31.5074966666667 76.4252744444444,31.5074966666667 76.4252744444444,31.5077744444444 76.42583,31.5077744444444 76.42583,31.5080522222222 76.4255522222222,31.5080522222222 76.4255522222222,31.50833 76.4244411111111,31.50833 76.4244411111111,31.5086077777778 76.4241633333333,31.5086077777778 76.4241633333333,31.5091633333333 76.4238855555556,31.5091633333333 76.4238855555556,31.5097188888889 76.4244411111111,31.5097188888889 76.4244411111111,31.5094411111111 76.4249966666667,31.5094411111111 76.4249966666667,31.5097188888889 76.4247188888889,31.5097188888889 76.4247188888889,31.5102744444444 76.4244411111111,31.5102744444444 76.4244411111111,31.5105522222222 76.4247188888889,31.5105522222222 76.4247188888889,31.51083 76.4249966666667,31.51083 76.4249966666667,31.5111077777778 76.4244411111111,31.5111077777778 76.4244411111111,31.5113855555556 76.4249966666667,31.5113855555556 76.4249966666667,31.5119411111111 76.4247188888889,31.5119411111111 76.4247188888889,31.5122188888889 76.4249966666667,31.5122188888889 76.4249966666667,31.5136077777778 76.4247188888889,31.5136077777778 76.4247188888889,31.5141633333333 76.4244411111111,31.5141633333333 76.4244411111111,31.5144411111111 76.4241633333333,31.5144411111111 76.4241633333333,31.5152744444444 76.4244411111111,31.5152744444444 76.4244411111111,31.5161077777778 76.4241633333333,31.5161077777778 76.4241633333333,31.5166633333333 76.4238855555556,31.5166633333333 76.4238855555556,31.5172188888889 76.4236077777778,31.5172188888889 76.4236077777778,31.5174966666667 76.42333,31.5174966666667 76.42333,31.5180522222222 76.4227744444444,31.5180522222222</coordinates></LinearRing></outerBoundaryIs><innerBoundaryIs><LinearRing><coordinates>76.4088855555556,31.4847188888889 76.4091633333333,31.4847188888889 76.4091633333333,31.4844411111111 76.4088855555556,31.4844411111111 76.4088855555556,31.4847188888889</coordinates></LinearRing></innerBoundaryIs><innerBoundaryIs><LinearRing><coordinates>76.45583,31.4819411111111 76.4561077777778,31.4819411111111 76.4561077777778,31.4816633333333 76.45583,31.4816633333333 76.45583,31.4819411111111</coordinates></LinearRing></innerBoundaryIs><innerBoundaryIs><LinearRing><coordinates>76.4411077777778,31.4791633333333 76.4419411111111,31.4791633333333 76.4419411111111,31.4788855555556 76.4422188888889,31.4788855555556 76.4422188888889,31.47833 76.4419411111111,31.47833 76.4419411111111,31.4786077777778 76.4411077777778,31.4786077777778 76.4411077777778,31.4791633333333</coordinates></LinearRing></innerBoundaryIs><innerBoundaryIs><LinearRing><coordinates>76.4422188888889,31.47833 76.4424966666667,31.47833 76.4424966666667,31.4780522222222 76.4422188888889,31.4780522222222 76.4422188888889,31.47833</coordinates></LinearRing></innerBoundaryIs><innerBoundaryIs><LinearRing><coordinates>76.4424966666667,31.4780522222222 76.4427744444444,31.4780522222222 76.4427744444444,31.4777744444444 76.4430522222222,31.4777744444444 76.4430522222222,31.4774966666667 76.44333,31.4774966666667 76.44333,31.4772188888889 76.4436077777778,31.4772188888889 76.4436077777778,31.4769411111111 76.4438855555556,31.4769411111111 76.4438855555556,31.4766633333333 76.4444411111111,31.4766633333333 76.4444411111111,31.4763855555556 76.4447188888889,31.4763855555556 76.4447188888889,31.4761077777778 76.4449966666667,31.4761077777778 76.4449966666667,31.47583 76.4452744444444,31.47583 76.4452744444444,31.4752744444444 76.44583,31.4752744444444 76.44583,31.4749966666667 76.4461077777778,31.4749966666667 76.4461077777778,31.4747188888889 76.4463855555556,31.4747188888889 76.4463855555556,31.4744411111111 76.4466633333333,31.4744411111111 76.4466633333333,31.4738855555556 76.4469411111111,31.4738855555556 76.4469411111111,31.47333 76.4472188888889,31.47333 76.4472188888889,31.4727744444444 76.4474966666667,31.4727744444444 76.4474966666667,31.4722188888889 76.4477744444444,31.4722188888889 76.4477744444444,31.4713855555556 76.4480522222222,31.4713855555556 76.4480522222222,31.4711077777778 76.44833,31.4711077777778 76.44833,31.47083 76.4486077777778,31.47083 76.4486077777778,31.4705522222222 76.4488855555555,31.4705522222222 76.4488855555555,31.4697188888889 76.4486077777778,31.4697188888889 76.4486077777778,31.4702744444444 76.44833,31.4702744444444 76.44833,31.4705522222222 76.4477744444444,31.4705522222222 76.4477744444444,31.47083 76.4472188888889,31.47083 76.4472188888889,31.4716633333333 76.4469411111111,31.4716633333333 76.4469411111111,31.4719411111111 76.4466633333333,31.4719411111111 76.4466633333333,31.4722188888889 76.4463855555556,31.4722188888889 76.4463855555556,31.4727744444444 76.4461077777778,31.4727744444444 76.4461077777778,31.4730522222222 76.44583,31.4730522222222 76.44583,31.47333 76.4455522222222,31.47333 76.4455522222222,31.4736077777778 76.4452744444444,31.4736077777778 76.4452744444444,31.4744411111111 76.4449966666667,31.4744411111111 76.4449966666667,31.4749966666667 76.4444411111111,31.4749966666667 76.4444411111111,31.4752744444444 76.4441633333333,31.4752744444444 76.4441633333333,31.4755522222222 76.4438855555556,31.4755522222222 76.4438855555556,31.4761077777778 76.4430522222222,31.4761077777778 76.4430522222222,31.4763855555556 76.4424966666667,31.4763855555556 76.4424966666667,31.4780522222222</coordinates></LinearRing></innerBoundaryIs><innerBoundaryIs><LinearRing><coordinates>76.4244411111111,31.4761077777778 76.4247188888889,31.4761077777778 76.4247188888889,31.47583 76.4244411111111,31.47583 76.4244411111111,31.4761077777778</coordinates></LinearRing></innerBoundaryIs><innerBoundaryIs><LinearRing><coordinates>76.4644411111111,31.4727744444444 76.4649966666667,31.4727744444444 76.4649966666667,31.4724966666667 76.4644411111111,31.4724966666667 76.4644411111111,31.4727744444444</coordinates></LinearRing></innerBoundaryIs><innerBoundaryIs><LinearRing><coordinates>76.4697188888889,31.4669411111111 76.4702744444444,31.4669411111111 76.4702744444444,31.4666633333333 76.4697188888889,31.4666633333333 76.4697188888889,31.4669411111111</coordinates></LinearRing></innerBoundaryIs><innerBoundaryIs><LinearRing><coordinates>76.3688855555556,31.4666633333333 76.3697188888889,31.4666633333333 76.3697188888889,31.4663855555556 76.3688855555556,31.4663855555556 76.3688855555556,31.4666633333333</coordinates></LinearRing></innerBoundaryIs><innerBoundaryIs><LinearRing><coordinates>76.4594411111111,31.4652744444444 76.4597188888889,31.4652744444444 76.4597188888889,31.4647188888889 76.4599966666667,31.4647188888889 76.4599966666667,31.4644411111111 76.4602744444444,31.4644411111111 76.4602744444444,31.4641633333333 76.4605522222222,31.4641633333333 76.4605522222222,31.4638855555556 76.46083,31.4638855555556 76.46083,31.4636077777778 76.4602744444444,31.4636077777778 76.4602744444444,31.46333 76.4597188888889,31.46333 76.4597188888889,31.4636077777778 76.4591633333333,31.4636077777778 76.4591633333333,31.4638855555556 76.4586077777778,31.4638855555556 76.4586077777778,31.4641633333333 76.45833,31.4641633333333 76.45833,31.4644411111111 76.4580522222222,31.4644411111111 76.4580522222222,31.4649966666667 76.45833,31.4649966666667 76.45833,31.4647188888889 76.4588855555556,31.4647188888889 76.4588855555556,31.4644411111111 76.4594411111111,31.4644411111111 76.4594411111111,31.4652744444444</coordinates></LinearRing></innerBoundaryIs><innerBoundaryIs><LinearRing><coordinates>76.4716633333333,31.4649966666667 76.4722188888889,31.4649966666667 76.4722188888889,31.4647188888889 76.4716633333333,31.4647188888889 76.4716633333333,31.4649966666667</coordinates></LinearRing></innerBoundaryIs><innerBoundaryIs><LinearRing><coordinates>76.4341633333333,31.4627744444444 76.4347188888889,31.4627744444444 76.4347188888889,31.4624966666667 76.4349966666667,31.4624966666667 76.4349966666667,31.4619411111111 76.4355522222222,31.4619411111111 76.4355522222222,31.4613855555556 76.43583,31.4613855555556 76.43583,31.4611077777778 76.4355522222222,31.4611077777778 76.4355522222222,31.46083 76.4336077777778,31.46083 76.4336077777778,31.4611077777778 76.43333,31.4611077777778 76.43333,31.4616633333333 76.4336077777778,31.4616633333333 76.4336077777778,31.4619411111111 76.4338855555555,31.4619411111111 76.4338855555555,31.4622188888889 76.4341633333333,31.4622188888889 76.4341633333333,31.4627744444444</coordinates></LinearRing></innerBoundaryIs><innerBoundaryIs><LinearRing><coordinates>76.3627744444444,31.4619411111111 76.36333,31.4619411111111 76.36333,31.4616633333333 76.3636077777778,31.4616633333333 76.3636077777778,31.4611077777778 76.3638855555556,31.4611077777778 76.3638855555556,31.4602744444444 76.3641633333333,31.4602744444444 76.3641633333333,31.4599966666667 76.3638855555556,31.4599966666667 76.3638855555556,31.4597188888889 76.3641633333333,31.4597188888889 76.3641633333333,31.4588855555556 76.3638855555556,31.4588855555556 76.3638855555556,31.4594411111111 76.3636077777778,31.4594411111111 76.3636077777778,31.4597188888889 76.36333,31.4597188888889 76.36333,31.4599966666667 76.3630522222222,31.4599966666667 76.3630522222222,31.4602744444444 76.3627744444444,31.4602744444444 76.3627744444444,31.46083 76.3624966666667,31.46083 76.3624966666667,31.4613855555556 76.3627744444444,31.4613855555556 76.3627744444444,31.4619411111111</coordinates></LinearRing></innerBoundaryIs><innerBoundaryIs><LinearRing><coordinates>76.4305522222222,31.4616633333333 76.4322188888889,31.4616633333333 76.4322188888889,31.4613855555556 76.4324966666667,31.4613855555556 76.4324966666667,31.4611077777778 76.4327744444444,31.4611077777778 76.4327744444444,31.46083 76.4330522222222,31.46083 76.4330522222222,31.4602744444444 76.4324966666667,31.4602744444444 76.4324966666667,31.4605522222222 76.4322188888889,31.4605522222222 76.4322188888889,31.46083 76.4313855555556,31.46083 76.4313855555556,31.4611077777778 76.4311077777778,31.4611077777778 76.4311077777778,31.46083 76.4305522222222,31.46083 76.4305522222222,31.4616633333333</coordinates></LinearRing></innerBoundaryIs><innerBoundaryIs><LinearRing><coordinates>76.3544411111111,31.4602744444444 76.3547188888889,31.4602744444444 76.3547188888889,31.4597188888889 76.3544411111111,31.4597188888889 76.3544411111111,31.4602744444444</coordinates></LinearRing></innerBoundaryIs><innerBoundaryIs><LinearRing><coordinates>76.3547188888889,31.4597188888889 76.3549966666667,31.4597188888889 76.3549966666667,31.4588855555556 76.3552744444444,31.4588855555556 76.3552744444444,31.45833 76.3547188888889,31.45833 76.3547188888889,31.4597188888889</coordinates></LinearRing></innerBoundaryIs><innerBoundaryIs><LinearRing><coordinates>76.3472188888889,31.4591633333333 76.3474966666667,31.4591633333333 76.3474966666667,31.4588855555556 76.3472188888889,31.4588855555556 76.3472188888889,31.4591633333333</coordinates></LinearRing></innerBoundaryIs><innerBoundaryIs><LinearRing><coordinates>76.3469411111111,31.4588855555556 76.3472188888889,31.4588855555556 76.3472188888889,31.4586077777778 76.3469411111111,31.4586077777778 76.3469411111111,31.4588855555556</coordinates></LinearRing></innerBoundaryIs><innerBoundaryIs><LinearRing><coordinates>76.3536077777778,31.4586077777778 76.3538855555556,31.4586077777778 76.3538855555556,31.4580522222222 76.3536077777778,31.4580522222222 76.3536077777778,31.4586077777778</coordinates></LinearRing></innerBoundaryIs><innerBoundaryIs><LinearRing><coordinates>76.3466633333333,31.45833 76.3469411111111,31.45833 76.3469411111111,31.4580522222222 76.3466633333333,31.4580522222222 76.3466633333333,31.45833</coordinates></LinearRing></innerBoundaryIs><innerBoundaryIs><LinearRing><coordinates>76.3727744444444,31.4569411111111 76.3730522222222,31.4569411111111 76.3730522222222,31.4566633333333 76.37333,31.4566633333333 76.37333,31.4563855555556 76.3736077777778,31.4563855555556 76.3736077777778,31.4561077777778 76.37333,31.4561077777778 76.37333,31.45583 76.3727744444444,31.45583 76.3727744444444,31.4569411111111</coordinates></LinearRing></innerBoundaryIs><innerBoundaryIs><LinearRing><coordinates>76.3547188888889,31.4563855555556 76.3552744444444,31.4563855555556 76.3552744444444,31.4561077777778 76.3555522222222,31.4561077777778 76.3555522222222,31.45583 76.3549966666667,31.45583 76.3549966666667,31.4561077777778 76.3547188888889,31.4561077777778 76.3547188888889,31.4563855555556</coordinates></LinearRing></innerBoundaryIs><innerBoundaryIs><LinearRing><coordinates>76.3727744444444,31.4555522222222 76.37333,31.4555522222222 76.37333,31.4552744444444 76.3727744444444,31.4552744444444 76.3727744444444,31.4555522222222</coordinates></LinearRing></innerBoundaryIs><innerBoundaryIs><LinearRing><coordinates>76.4311077777778,31.4549966666667 76.4319411111111,31.4549966666667 76.4319411111111,31.4544411111111 76.4316633333333,31.4544411111111 76.4316633333333,31.4547188888889 76.4311077777778,31.4547188888889 76.4311077777778,31.4549966666667</coordinates></LinearRing></innerBoundaryIs><innerBoundaryIs><LinearRing><coordinates>76.4352744444444,31.4513855555556 76.4361077777778,31.4513855555556 76.4361077777778,31.4511077777778 76.4363855555555,31.4511077777778 76.4363855555555,31.4505522222222 76.4361077777778,31.4505522222222 76.4361077777778,31.45083 76.4355522222222,31.45083 76.4355522222222,31.4511077777778 76.4352744444444,31.4511077777778 76.4352744444444,31.4513855555556</coordinates></LinearRing></innerBoundaryIs><innerBoundaryIs><LinearRing><coordinates>76.4341633333333,31.4488855555556 76.4344411111111,31.4488855555556 76.4344411111111,31.4486077777778 76.4347188888889,31.4486077777778 76.4347188888889,31.4480522222222 76.4349966666667,31.4480522222222 76.4349966666667,31.4477744444444 76.4352744444444,31.4477744444444 76.4352744444444,31.4474966666667 76.4355522222222,31.4474966666667 76.4355522222222,31.4472188888889 76.43583,31.4472188888889 76.43583,31.4461077777778 76.4355522222222,31.4461077777778 76.4355522222222,31.44583 76.4352744444444,31.44583 76.4352744444444,31.4461077777778 76.4349966666667,31.4461077777778 76.4349966666667,31.4463855555556 76.4347188888889,31.4463855555556 76.4347188888889,31.4469411111111 76.4344411111111,31.4469411111111 76.4344411111111,31.4474966666667 76.4341633333333,31.4474966666667 76.4341633333333,31.4477744444444 76.4338855555555,31.4477744444444 76.4338855555555,31.4486077777778 76.4341633333333,31.4486077777778 76.4341633333333,31.4488855555556</coordinates></LinearRing></innerBoundaryIs><innerBoundaryIs><LinearRing><coordinates>76.4394411111111,31.4436077777778 76.4399966666667,31.4436077777778 76.4399966666667,31.44333 76.4405522222222,31.44333 76.4405522222222,31.4430522222222 76.44083,31.4430522222222 76.44083,31.4422188888889 76.4405522222222,31.4422188888889 76.4405522222222,31.4424966666667 76.4402744444444,31.4424966666667 76.4402744444444,31.4427744444444 76.4399966666667,31.4427744444444 76.4399966666667,31.4430522222222 76.4397188888889,31.4430522222222 76.4397188888889,31.44333 76.4394411111111,31.44333 76.4394411111111,31.4436077777778</coordinates></LinearRing></innerBoundaryIs><innerBoundaryIs><LinearRing><coordinates>76.4494411111111,31.44333 76.4502744444444,31.44333 76.4502744444444,31.4430522222222 76.4499966666667,31.4430522222222 76.4499966666667,31.4427744444444 76.4491633333333,31.4427744444444 76.4491633333333,31.4430522222222 76.4494411111111,31.4430522222222 76.4494411111111,31.44333</coordinates></LinearRing></innerBoundaryIs><innerBoundaryIs><LinearRing><coordinates>76.3569411111111,31.4380522222222 76.3572188888889,31.4380522222222 76.3572188888889,31.4377744444444 76.3569411111111,31.4377744444444 76.3569411111111,31.4380522222222</coordinates></LinearRing></innerBoundaryIs><innerBoundaryIs><LinearRing><coordinates>76.4430522222222,31.4361077777778 76.4438855555556,31.4361077777778 76.4438855555556,31.43583 76.4444411111111,31.43583 76.4444411111111,31.4361077777778 76.4449966666667,31.4361077777778 76.4449966666667,31.43583 76.4447188888889,31.43583 76.4447188888889,31.4355522222222 76.4444411111111,31.4355522222222 76.4444411111111,31.4352744444444 76.4447188888889,31.4352744444444 76.4447188888889,31.4347188888889 76.4444411111111,31.4347188888889 76.4444411111111,31.4344411111111 76.4441633333333,31.4344411111111 76.4441633333333,31.4347188888889 76.44333,31.4347188888889 76.44333,31.4352744444444 76.4430522222222,31.4352744444444 76.4430522222222,31.4361077777778</coordinates></LinearRing></innerBoundaryIs><innerBoundaryIs><LinearRing><coordinates>76.4891633333333,31.43333 76.4894411111111,31.43333 76.4894411111111,31.4330522222222 76.4891633333333,31.4330522222222 76.4891633333333,31.43333</coordinates></LinearRing></innerBoundaryIs><innerBoundaryIs><LinearRing><coordinates>76.4091633333333,31.4297188888889 76.4097188888889,31.4297188888889 76.4097188888889,31.4291633333333 76.4091633333333,31.4291633333333 76.4091633333333,31.4288855555556 76.4094411111111,31.4288855555556 76.4094411111111,31.42833 76.4088855555556,31.42833 76.4088855555556,31.4286077777778 76.4086077777778,31.4286077777778 76.4086077777778,31.4294411111111 76.4091633333333,31.4294411111111 76.4091633333333,31.4297188888889</coordinates></LinearRing></innerBoundaryIs><innerBoundaryIs><LinearRing><coordinates>76.4944411111111,31.42583 76.4947188888889,31.42583 76.4947188888889,31.4255522222222 76.4949966666667,31.4255522222222 76.4949966666667,31.4252744444444 76.4944411111111,31.4252744444444 76.4944411111111,31.42583</coordinates></LinearRing></innerBoundaryIs><innerBoundaryIs><LinearRing><coordinates>76.36583,31.4255522222222 76.3661077777778,31.4255522222222 76.3661077777778,31.4249966666667 76.3663855555556,31.4249966666667 76.3663855555556,31.4247188888889 76.36583,31.4247188888889 76.36583,31.4255522222222</coordinates></LinearRing></innerBoundaryIs><innerBoundaryIs><LinearRing><coordinates>76.3661077777778,31.4244411111111 76.3663855555556,31.4244411111111 76.3663855555556,31.4238855555556 76.36583,31.4238855555556 76.36583,31.4241633333333 76.3661077777778,31.4241633333333 76.3661077777778,31.4244411111111</coordinates></LinearRing></innerBoundaryIs><innerBoundaryIs><LinearRing><coordinates>76.3666633333333,31.4197188888889 76.3672188888889,31.4197188888889 76.3672188888889,31.4191633333333 76.3669411111111,31.4191633333333 76.3669411111111,31.4188855555556 76.3666633333333,31.4188855555556 76.3666633333333,31.4197188888889</coordinates></LinearRing></innerBoundaryIs><innerBoundaryIs><LinearRing><coordinates>76.3669411111111,31.4188855555556 76.3672188888889,31.4188855555556 76.3672188888889,31.4186077777778 76.3669411111111,31.4186077777778 76.3669411111111,31.4188855555556</coordinates></LinearRing></innerBoundaryIs><innerBoundaryIs><LinearRing><coordinates>76.40333,31.4163855555556 76.4044411111111,31.4163855555556 76.4044411111111,31.4161077777778 76.4047188888889,31.4161077777778 76.4047188888889,31.41583 76.4049966666667,31.41583 76.4049966666667,31.4152744444444 76.4052744444444,31.4152744444444 76.4052744444444,31.4149966666667 76.4055522222222,31.4149966666667 76.4055522222222,31.4152744444444 76.40583,31.4152744444444 76.40583,31.4149966666667 76.4061077777778,31.4149966666667 76.4061077777778,31.4144411111111 76.40583,31.4144411111111 76.40583,31.4136077777778 76.4055522222222,31.4136077777778 76.4055522222222,31.4130522222222 76.4049966666667,31.4130522222222 76.4049966666667,31.4127744444444 76.4041633333333,31.4127744444444 76.4041633333333,31.4130522222222 76.4038855555555,31.4130522222222 76.4038855555555,31.41333 76.4036077777778,31.41333 76.4036077777778,31.4136077777778 76.4038855555555,31.4136077777778 76.4038855555555,31.4138855555556 76.4041633333333,31.4138855555556 76.4041633333333,31.4141633333333 76.4036077777778,31.4141633333333 76.4036077777778,31.4144411111111 76.40333,31.4144411111111 76.40333,31.4147188888889 76.4030522222222,31.4147188888889 76.4030522222222,31.4149966666667 76.40333,31.4149966666667 76.40333,31.4152744444444 76.4036077777778,31.4152744444444 76.4036077777778,31.41583 76.4030522222222,31.41583 76.4030522222222,31.4161077777778 76.40333,31.4161077777778 76.40333,31.4163855555556</coordinates></LinearRing></innerBoundaryIs><innerBoundaryIs><LinearRing><coordinates>76.4027744444444,31.4124966666667 76.40333,31.4124966666667 76.40333,31.4119411111111 76.4036077777778,31.4119411111111 76.4036077777778,31.4113855555556 76.4030522222222,31.4113855555556 76.4030522222222,31.4116633333333 76.4027744444444,31.4116633333333 76.4027744444444,31.4124966666667</coordinates></LinearRing></innerBoundaryIs><innerBoundaryIs><LinearRing><coordinates>76.5066633333333,31.4113855555556 76.5074966666667,31.4113855555556 76.5074966666667,31.4111077777778 76.5080522222222,31.4111077777778 76.5080522222222,31.41083 76.5086077777778,31.41083 76.5086077777778,31.4102744444444 76.50833,31.4102744444444 76.50833,31.4099966666667 76.5080522222222,31.4099966666667 76.5080522222222,31.4102744444444 76.5074966666667,31.4102744444444 76.5074966666667,31.4105522222222 76.5069411111111,31.4105522222222 76.5069411111111,31.41083 76.5066633333333,31.41083 76.5066633333333,31.4113855555556</coordinates></LinearRing></innerBoundaryIs><innerBoundaryIs><LinearRing><coordinates>76.4652744444444,31.4066633333333 76.46583,31.4066633333333 76.46583,31.4063855555556 76.4652744444444,31.4063855555556 76.4652744444444,31.4066633333333</coordinates></LinearRing></innerBoundaryIs><innerBoundaryIs><LinearRing><coordinates>76.4244411111111,31.4055522222222 76.4249966666667,31.4055522222222 76.4249966666667,31.4052744444444 76.4266633333333,31.4052744444444 76.4266633333333,31.4049966666667 76.4269411111111,31.4049966666667 76.4269411111111,31.4036077777778 76.4272188888889,31.4036077777778 76.4272188888889,31.40333 76.4280522222222,31.40333 76.4280522222222,31.4030522222222 76.4291633333333,31.4030522222222 76.4291633333333,31.4027744444444 76.4297188888889,31.4027744444444 76.4297188888889,31.4019411111111 76.4288855555556,31.4019411111111 76.4288855555556,31.4022188888889 76.4286077777778,31.4022188888889 76.4286077777778,31.4024966666667 76.4280522222222,31.4024966666667 76.4280522222222,31.4011077777778 76.4266633333333,31.4011077777778 76.4266633333333,31.4022188888889 76.4263855555556,31.4022188888889 76.4263855555556,31.4027744444444 76.42583,31.4027744444444 76.42583,31.4030522222222 76.4255522222222,31.4030522222222 76.4255522222222,31.4038855555556 76.4252744444444,31.4038855555556 76.4252744444444,31.4041633333333 76.4249966666667,31.4041633333333 76.4249966666667,31.4044411111111 76.4247188888889,31.4044411111111 76.4247188888889,31.4047188888889 76.4244411111111,31.4047188888889 76.4244411111111,31.4055522222222</coordinates></LinearRing></innerBoundaryIs><innerBoundaryIs><LinearRing><coordinates>76.4736077777778,31.4024966666667 76.4747188888889,31.4024966666667 76.4747188888889,31.4019411111111 76.4741633333333,31.4019411111111 76.4741633333333,31.4016633333333 76.4738855555556,31.4016633333333 76.4738855555556,31.4011077777778 76.47333,31.4011077777778 76.47333,31.4013855555556 76.4730522222222,31.4013855555556 76.4730522222222,31.4016633333333 76.47333,31.4016633333333 76.47333,31.4019411111111 76.4736077777778,31.4019411111111 76.4736077777778,31.4024966666667</coordinates></LinearRing></innerBoundaryIs><innerBoundaryIs><LinearRing><coordinates>76.4747188888889,31.4019411111111 76.4749966666667,31.4019411111111 76.4749966666667,31.4016633333333 76.4747188888889,31.4016633333333 76.4747188888889,31.4019411111111</coordinates></LinearRing></innerBoundaryIs><innerBoundaryIs><LinearRing><coordinates>76.4297188888889,31.4016633333333 76.4299966666667,31.4016633333333 76.4299966666667,31.4013855555556 76.4297188888889,31.4013855555556 76.4297188888889,31.4016633333333</coordinates></LinearRing></innerBoundaryIs><innerBoundaryIs><LinearRing><coordinates>76.4719411111111,31.4013855555556 76.4724966666667,31.4013855555556 76.4724966666667,31.40083 76.4716633333333,31.40083 76.4716633333333,31.4011077777778 76.4719411111111,31.4011077777778 76.4719411111111,31.4013855555556</coordinates></LinearRing></innerBoundaryIs><innerBoundaryIs><LinearRing><coordinates>76.48083,31.3963855555556 76.4811077777778,31.3963855555556 76.4811077777778,31.3961077777778 76.48083,31.3961077777778 76.48083,31.3963855555556</coordinates></LinearRing></innerBoundaryIs><innerBoundaryIs><LinearRing><coordinates>76.48583,31.3961077777778 76.4861077777778,31.3961077777778 76.4861077777778,31.39583 76.4863855555556,31.39583 76.4863855555556,31.3949966666667 76.4866633333333,31.3949966666667 76.4866633333333,31.3947188888889 76.4869411111111,31.3947188888889 76.4869411111111,31.3944411111111 76.4874966666667,31.3944411111111 76.4874966666667,31.3941633333333 76.4877744444444,31.3941633333333 76.4877744444444,31.3938855555556 76.4880522222222,31.3938855555556 76.4880522222222,31.3936077777778 76.48833,31.3936077777778 76.48833,31.3930522222222 76.4886077777778,31.3930522222222 76.4886077777778,31.3927744444444 76.4888855555556,31.3927744444444 76.4888855555556,31.3922188888889 76.4891633333333,31.3922188888889 76.4891633333333,31.3919411111111 76.4894411111111,31.3919411111111 76.4894411111111,31.3916633333333 76.4891633333333,31.3916633333333 76.4891633333333,31.3913855555556 76.4874966666667,31.3913855555556 76.4874966666667,31.3919411111111 76.4869411111111,31.3919411111111 76.4869411111111,31.3916633333333 76.4863855555556,31.3916633333333 76.4863855555556,31.39333 76.4866633333333,31.39333 76.4866633333333,31.3941633333333 76.4863855555556,31.3941633333333 76.4863855555556,31.3944411111111 76.4861077777778,31.3944411111111 76.4861077777778,31.3947188888889 76.48583,31.3947188888889 76.48583,31.3949966666667 76.4852744444444,31.3949966666667 76.4852744444444,31.3955522222222 76.48583,31.3955522222222 76.48583,31.3961077777778</coordinates></LinearRing></innerBoundaryIs><innerBoundaryIs><LinearRing><coordinates>76.4355522222222,31.3947188888889 76.43583,31.3947188888889 76.43583,31.3944411111111 76.4355522222222,31.3944411111111 76.4355522222222,31.3947188888889</coordinates></LinearRing></innerBoundaryIs><innerBoundaryIs><LinearRing><coordinates>76.4841633333333,31.3930522222222 76.4849966666667,31.3930522222222 76.4849966666667,31.3927744444444 76.4855522222222,31.3927744444444 76.4855522222222,31.3922188888889 76.4852744444444,31.3922188888889 76.4852744444444,31.3919411111111 76.4849966666667,31.3919411111111 76.4849966666667,31.3916633333333 76.4847188888889,31.3916633333333 76.4847188888889,31.3913855555556 76.4841633333333,31.3913855555556 76.4841633333333,31.3911077777778 76.4836077777778,31.3911077777778 76.4836077777778,31.3913855555556 76.48333,31.3913855555556 76.48333,31.3922188888889 76.4836077777778,31.3922188888889 76.4836077777778,31.3924966666667 76.4838855555555,31.3924966666667 76.4838855555555,31.3927744444444 76.4841633333333,31.3927744444444 76.4841633333333,31.3930522222222</coordinates></LinearRing></innerBoundaryIs><innerBoundaryIs><LinearRing><coordinates>76.4866633333333,31.3894411111111 76.4869411111111,31.3894411111111 76.4869411111111,31.3891633333333 76.4872188888889,31.3891633333333 76.4872188888889,31.3888855555556 76.4874966666667,31.3888855555556 76.4874966666667,31.38833 76.4872188888889,31.38833 76.4872188888889,31.3872188888889 76.4869411111111,31.3872188888889 76.4869411111111,31.3877744444444 76.4866633333333,31.3877744444444 76.4866633333333,31.3894411111111</coordinates></LinearRing></innerBoundaryIs><innerBoundaryIs><LinearRing><coordinates>76.5266633333333,31.3891633333333 76.5269411111111,31.3891633333333 76.5269411111111,31.3888855555556 76.5266633333333,31.3888855555556 76.5266633333333,31.3891633333333</coordinates></LinearRing></innerBoundaryIs><innerBoundaryIs><LinearRing><coordinates>76.4388855555555,31.3816633333333 76.4394411111111,31.3816633333333 76.4394411111111,31.3811077777778 76.4391633333333,31.3811077777778 76.4391633333333,31.3813855555556 76.4388855555555,31.3813855555556 76.4388855555555,31.3816633333333</coordinates></LinearRing></innerBoundaryIs><innerBoundaryIs><LinearRing><coordinates>76.4027744444444,31.3769411111111 76.40333,31.3769411111111 76.40333,31.3766633333333 76.4027744444444,31.3766633333333 76.4027744444444,31.3769411111111</coordinates></LinearRing></innerBoundaryIs><innerBoundaryIs><LinearRing><coordinates>76.4036077777778,31.3769411111111 76.4038855555555,31.3769411111111 76.4038855555555,31.3766633333333 76.4036077777778,31.3766633333333 76.4036077777778,31.3769411111111</coordinates></LinearRing></innerBoundaryIs><innerBoundaryIs><LinearRing><coordinates>76.4416633333333,31.3769411111111 76.4419411111111,31.3769411111111 76.4419411111111,31.3766633333333 76.4416633333333,31.3766633333333 76.4416633333333,31.3769411111111</coordinates></LinearRing></innerBoundaryIs><innerBoundaryIs><LinearRing><coordinates>76.4052744444444,31.3766633333333 76.4055522222222,31.3766633333333 76.4055522222222,31.3763855555556 76.4052744444444,31.3763855555556 76.4052744444444,31.3766633333333</coordinates></LinearRing></innerBoundaryIs><innerBoundaryIs><LinearRing><coordinates>76.4041633333333,31.3763855555556 76.4049966666667,31.3763855555556 76.4049966666667,31.3752744444444 76.4052744444444,31.3752744444444 76.4052744444444,31.3749966666667 76.4055522222222,31.3749966666667 76.4055522222222,31.3744411111111 76.40583,31.3744411111111 76.40583,31.3736077777778 76.4066633333333,31.3736077777778 76.4066633333333,31.3727744444444 76.4069411111111,31.3727744444444 76.4069411111111,31.3724966666667 76.4072188888889,31.3724966666667 76.4072188888889,31.3722188888889 76.4077744444444,31.3722188888889 76.4077744444444,31.3724966666667 76.4080522222222,31.3724966666667 76.4080522222222,31.3727744444444 76.40833,31.3727744444444 76.40833,31.3730522222222 76.4086077777778,31.3730522222222 76.4086077777778,31.3727744444444 76.4088855555556,31.3727744444444 76.4088855555556,31.3724966666667 76.4086077777778,31.3724966666667 76.4086077777778,31.3722188888889 76.4094411111111,31.3722188888889 76.4094411111111,31.3716633333333 76.4088855555556,31.3716633333333 76.4088855555556,31.3713855555556 76.4086077777778,31.3713855555556 76.4086077777778,31.3711077777778 76.4091633333333,31.3711077777778 76.4091633333333,31.3705522222222 76.4088855555556,31.3705522222222 76.4088855555556,31.3699966666667 76.4094411111111,31.3699966666667 76.4094411111111,31.3702744444444 76.4105522222222,31.3702744444444 76.4105522222222,31.3699966666667 76.4099966666667,31.3699966666667 76.4099966666667,31.3697188888889 76.4097188888889,31.3697188888889 76.4097188888889,31.3694411111111 76.4113855555556,31.3694411111111 76.4113855555556,31.3691633333333 76.4116633333333,31.3691633333333 76.4116633333333,31.3688855555556 76.4113855555556,31.3688855555556 76.4113855555556,31.3686077777778 76.4111077777778,31.3686077777778 76.4111077777778,31.3688855555556 76.4102744444444,31.3688855555556 76.4102744444444,31.36833 76.4094411111111,31.36833 76.4094411111111,31.3677744444444 76.4099966666667,31.3677744444444 76.4099966666667,31.3666633333333 76.4102744444444,31.3666633333333 76.4102744444444,31.3655522222222 76.4105522222222,31.3655522222222 76.4105522222222,31.3644411111111 76.4102744444444,31.3644411111111 76.4102744444444,31.3641633333333 76.4105522222222,31.3641633333333 76.4105522222222,31.3638855555556 76.41083,31.3638855555556 76.41083,31.3636077777778 76.4111077777778,31.3636077777778 76.4111077777778,31.3630522222222 76.41083,31.3630522222222 76.41083,31.36333 76.4105522222222,31.36333 76.4105522222222,31.3627744444444 76.4099966666667,31.3627744444444 76.4099966666667,31.3624966666667 76.4097188888889,31.3624966666667 76.4097188888889,31.3622188888889 76.4099966666667,31.3622188888889 76.4099966666667,31.3613855555556 76.4091633333333,31.3613855555556 76.4091633333333,31.3616633333333 76.4088855555556,31.3616633333333 76.4088855555556,31.3619411111111 76.40833,31.3619411111111 76.40833,31.3627744444444 76.4086077777778,31.3627744444444 76.4086077777778,31.3630522222222 76.4088855555556,31.3630522222222 76.4088855555556,31.36333 76.4091633333333,31.36333 76.4091633333333,31.3636077777778 76.40833,31.3636077777778 76.40833,31.3638855555556 76.4077744444444,31.3638855555556 76.4077744444444,31.3641633333333 76.4080522222222,31.3641633333333 76.4080522222222,31.3644411111111 76.4088855555556,31.3644411111111 76.4088855555556,31.3647188888889 76.4094411111111,31.3647188888889 76.4094411111111,31.3649966666667 76.4091633333333,31.3649966666667 76.4091633333333,31.3655522222222 76.4080522222222,31.3655522222222 76.4080522222222,31.36583 76.40833,31.36583 76.40833,31.3663855555556 76.4080522222222,31.3663855555556 76.4080522222222,31.3666633333333 76.40833,31.3666633333333 76.40833,31.3669411111111 76.4074966666667,31.3669411111111 76.4074966666667,31.3666633333333 76.4069411111111,31.3666633333333 76.4069411111111,31.3661077777778 76.4066633333333,31.3661077777778 76.4066633333333,31.3655522222222 76.4061077777778,31.3655522222222 76.4061077777778,31.36583 76.40583,31.36583 76.40583,31.3661077777778 76.4052744444444,31.3661077777778 76.4052744444444,31.3663855555556 76.4055522222222,31.3663855555556 76.4055522222222,31.3666633333333 76.4052744444444,31.3666633333333 76.4052744444444,31.3672188888889 76.4055522222222,31.3672188888889 76.4055522222222,31.3674966666667 76.4052744444444,31.3674966666667 76.4052744444444,31.3677744444444 76.40583,31.3677744444444 76.40583,31.3680522222222 76.4066633333333,31.3680522222222 76.4066633333333,31.3677744444444 76.4072188888889,31.3677744444444 76.4072188888889,31.3680522222222 76.4074966666667,31.3680522222222 76.4074966666667,31.3688855555556 76.4069411111111,31.3688855555556 76.4069411111111,31.3691633333333 76.4077744444444,31.3691633333333 76.4077744444444,31.3697188888889 76.4074966666667,31.3697188888889 76.4074966666667,31.3699966666667 76.4072188888889,31.3699966666667 76.4072188888889,31.3697188888889 76.4069411111111,31.3697188888889 76.4069411111111,31.3699966666667 76.4066633333333,31.3699966666667 76.4066633333333,31.3702744444444 76.4069411111111,31.3702744444444 76.4069411111111,31.3705522222222 76.4061077777778,31.3705522222222 76.4061077777778,31.3702744444444 76.4052744444444,31.3702744444444 76.4052744444444,31.3705522222222 76.4055522222222,31.3705522222222 76.4055522222222,31.3713855555556 76.40583,31.3713855555556 76.40583,31.3716633333333 76.4061077777778,31.3716633333333 76.4061077777778,31.3719411111111 76.40583,31.3719411111111 76.40583,31.3722188888889 76.4052744444444,31.3722188888889 76.4052744444444,31.3724966666667 76.4055522222222,31.3724966666667 76.4055522222222,31.3727744444444 76.4047188888889,31.3727744444444 76.4047188888889,31.3724966666667 76.4044411111111,31.3724966666667 76.4044411111111,31.3727744444444 76.4038855555555,31.3727744444444 76.4038855555555,31.3724966666667 76.4030522222222,31.3724966666667 76.4030522222222,31.3727744444444 76.4027744444444,31.3727744444444 76.4027744444444,31.3724966666667 76.4022188888889,31.3724966666667 76.4022188888889,31.3719411111111 76.4016633333333,31.3719411111111 76.4016633333333,31.37333 76.4019411111111,31.37333 76.4019411111111,31.3730522222222 76.4022188888889,31.3730522222222 76.4022188888889,31.37333 76.4024966666667,31.37333 76.4024966666667,31.3736077777778 76.4030522222222,31.3736077777778 76.4030522222222,31.3738855555556 76.4024966666667,31.3738855555556 76.4024966666667,31.3741633333333 76.4019411111111,31.3741633333333 76.4019411111111,31.3744411111111 76.4013855555555,31.3744411111111 76.4013855555555,31.3749966666667 76.4016633333333,31.3749966666667 76.4016633333333,31.3747188888889 76.4022188888889,31.3747188888889 76.4022188888889,31.3744411111111 76.4036077777778,31.3744411111111 76.4036077777778,31.3747188888889 76.4030522222222,31.3747188888889 76.4030522222222,31.3755522222222 76.4036077777778,31.3755522222222 76.4036077777778,31.37583 76.4044411111111,31.37583 76.4044411111111,31.3761077777778 76.4041633333333,31.3761077777778 76.4041633333333,31.3763855555556</coordinates></LinearRing></innerBoundaryIs><innerBoundaryIs><LinearRing><coordinates>76.4066633333333,31.3738855555556 76.4069411111111,31.3738855555556 76.4069411111111,31.3736077777778 76.4066633333333,31.3736077777778 76.4066633333333,31.3738855555556</coordinates></LinearRing></innerBoundaryIs><innerBoundaryIs><LinearRing><coordinates>76.4099966666667,31.3738855555556 76.4105522222222,31.3738855555556 76.4105522222222,31.3736077777778 76.4099966666667,31.3736077777778 76.4099966666667,31.3738855555556</coordinates></LinearRing></innerBoundaryIs><innerBoundaryIs><LinearRing><coordinates>76.4127744444444,31.3705522222222 76.4130522222222,31.3705522222222 76.4130522222222,31.3702744444444 76.4127744444444,31.3702744444444 76.4127744444444,31.3705522222222</coordinates></LinearRing></innerBoundaryIs><innerBoundaryIs><LinearRing><coordinates>76.4141633333333,31.3705522222222 76.4144411111111,31.3705522222222 76.4144411111111,31.3702744444444 76.4141633333333,31.3702744444444 76.4141633333333,31.3705522222222</coordinates></LinearRing></innerBoundaryIs><innerBoundaryIs><LinearRing><coordinates>76.4119411111111,31.3702744444444 76.4127744444444,31.3702744444444 76.4127744444444,31.3697188888889 76.4119411111111,31.3697188888889 76.4119411111111,31.3702744444444</coordinates></LinearRing></innerBoundaryIs><innerBoundaryIs><LinearRing><coordinates>76.4336077777778,31.3697188888889 76.4338855555555,31.3697188888889 76.4338855555555,31.3694411111111 76.4341633333333,31.3694411111111 76.4341633333333,31.3691633333333 76.4344411111111,31.3691633333333 76.4344411111111,31.3688855555556 76.4347188888889,31.3688855555556 76.4347188888889,31.3686077777778 76.4341633333333,31.3686077777778 76.4341633333333,31.3688855555556 76.4338855555555,31.3688855555556 76.4338855555555,31.3691633333333 76.4336077777778,31.3691633333333 76.4336077777778,31.3697188888889</coordinates></LinearRing></innerBoundaryIs><innerBoundaryIs><LinearRing><coordinates>76.4027744444444,31.3663855555556 76.4036077777778,31.3663855555556 76.4036077777778,31.3661077777778 76.4049966666667,31.3661077777778 76.4049966666667,31.3655522222222 76.4044411111111,31.3655522222222 76.4044411111111,31.3652744444444 76.4041633333333,31.3652744444444 76.4041633333333,31.3655522222222 76.4036077777778,31.3655522222222 76.4036077777778,31.36583 76.40333,31.36583 76.40333,31.3655522222222 76.4030522222222,31.3655522222222 76.4030522222222,31.3661077777778 76.4027744444444,31.3661077777778 76.4027744444444,31.3663855555556</coordinates></LinearRing></innerBoundaryIs><innerBoundaryIs><LinearRing><coordinates>76.4038855555555,31.3652744444444 76.4041633333333,31.3652744444444 76.4041633333333,31.3647188888889 76.4038855555555,31.3647188888889 76.4038855555555,31.3652744444444</coordinates></LinearRing></innerBoundaryIs><innerBoundaryIs><LinearRing><coordinates>76.4036077777778,31.3647188888889 76.4038855555555,31.3647188888889 76.4038855555555,31.3644411111111 76.4036077777778,31.3644411111111 76.4036077777778,31.3647188888889</coordinates></LinearRing></innerBoundaryIs><innerBoundaryIs><LinearRing><coordinates>76.4099966666667,31.3613855555556 76.4102744444444,31.3613855555556 76.4102744444444,31.3611077777778 76.4099966666667,31.3611077777778 76.4099966666667,31.3613855555556</coordinates></LinearRing></innerBoundaryIs><innerBoundaryIs><LinearRing><coordinates>76.5141633333333,31.3611077777778 76.5144411111111,31.3611077777778 76.5144411111111,31.36083 76.5141633333333,31.36083 76.5141633333333,31.3611077777778</coordinates></LinearRing></innerBoundaryIs><innerBoundaryIs><LinearRing><coordinates>76.5144411111111,31.36083 76.5152744444444,31.36083 76.5152744444444,31.3605522222222 76.5144411111111,31.3605522222222 76.5144411111111,31.36083</coordinates></LinearRing></innerBoundaryIs><innerBoundaryIs><LinearRing><coordinates>76.4061077777778,31.3605522222222 76.4063855555555,31.3605522222222 76.4063855555555,31.3602744444444 76.4061077777778,31.3602744444444 76.4061077777778,31.3605522222222</coordinates></LinearRing></innerBoundaryIs><innerBoundaryIs><LinearRing><coordinates>76.4172188888889,31.3541633333333 76.4174966666667,31.3541633333333 76.4174966666667,31.3536077777778 76.4177744444444,31.3536077777778 76.4177744444444,31.3522188888889 76.4166633333333,31.3522188888889 76.4166633333333,31.3524966666667 76.4172188888889,31.3524966666667 76.4172188888889,31.3541633333333</coordinates></LinearRing></innerBoundaryIs><innerBoundaryIs><LinearRing><coordinates>76.41583,31.3519411111111 76.4166633333333,31.3519411111111 76.4166633333333,31.3516633333333 76.4163855555556,31.3516633333333 76.4163855555556,31.35083 76.41583,31.35083 76.41583,31.3519411111111</coordinates></LinearRing></innerBoundaryIs><innerBoundaryIs><LinearRing><coordinates>76.4591633333333,31.3519411111111 76.4594411111111,31.3519411111111 76.4594411111111,31.3516633333333 76.4591633333333,31.3516633333333 76.4591633333333,31.3519411111111</coordinates></LinearRing></innerBoundaryIs></Polygon>
  </Placemark>
</Folder>
</Document></kml>
