{"type": "FeatureCollection", "features": [{"id": "0", "type": "Feature", "properties": {"cls": 1, "area_km2": 10.72, "depth_range": "0.05-0.5 m", "color": "#bfdbfe", "scenario": "Froehlich-type hydrograph (peak 51,570 m3/s)"}, "geometry": {"type": "MultiPolygon", "coordinates": [[[[74.68200631815506, 16.13414445972545], [74.68013578806877, 16.134141662996694], [74.68013723896672, 16.13323764721571], [74.67920197830405, 16.133236242783337], [74.67920052316393, 16.134140258481462], [74.675459464473, 16.134134599414878], [74.6754565199745, 16.13594262991351], [74.677327066104, 16.13594546798275], [74.67732852991467, 16.135041452604344], [74.68200343305254, 16.135952491387492], [74.68200631815506, 16.13414445972545]]], [[[74.65955380407883, 16.137725871275975], [74.66048600291042, 16.13953538939158], [74.66235657992927, 16.139538359394393], [74.66235811201264, 16.138634345689017], [74.66142282769812, 16.138632862826057], [74.66142590005926, 16.136824835360212], [74.65955380407883, 16.137725871275975]]], [[[74.68012127401234, 16.14318181659098], [74.68105947650632, 16.141375187560996], [74.67825357995093, 16.14137097202665], [74.67825065942223, 16.143179001800302], [74.68012127401234, 16.14318181659098]]], [[[74.65577674155315, 16.158512149731596], [74.6557798692057, 16.156704126700696], [74.65484450065485, 16.156702613342418], [74.65484293262914, 16.15760662480708], [74.65297218732839, 16.157603585591765], [74.65297061070423, 16.158507596800614], [74.65577674155315, 16.158512149731596]]], [[[74.65577674155315, 16.158512149731596], [74.65577517757784, 16.159416161131922], [74.65671055897627, 16.15941767065041], [74.65671211870192, 16.158513659161162], [74.65577674155315, 16.158512149731596]]], [[[74.6548350910059, 16.162126680979], [74.65483038483615, 16.164838713760897], [74.65576579163888, 16.164840227921708], [74.65764127345284, 16.162131210334817], [74.6548350910059, 16.162126680979]]], [[[74.65762259647256, 16.172979340517276], [74.65949348731905, 16.172982341667606], [74.65949658412332, 16.171174320385195], [74.6566902735233, 16.171169813024026], [74.65762259647256, 16.172979340517276]]], [[[74.68194710016787, 16.171209047485398], [74.6819442075375, 16.173017072856794], [74.68287965538721, 16.173018468602656], [74.6828782131883, 16.173922481255325], [74.68474911767032, 16.173925260577718], [74.68381941661525, 16.17030782157301], [74.68194710016787, 16.171209047485398]]], [[[74.70438825802934, 16.177569507734347], [74.70439094733727, 16.175761479320606], [74.70252002212148, 16.175758872363414], [74.70252137515666, 16.1748548581948], [74.70158591693213, 16.17485354862567], [74.70158184480415, 16.177565590669897], [74.70438825802934, 16.177569507734347]]], [[[74.71186547584233, 16.182099845012196], [74.71186285345017, 16.18390787355884], [74.71373255415358, 16.184814413925192], [74.71467065730518, 16.183007642019923], [74.71373515968331, 16.18300638523495], [74.71373646232414, 16.18210237077461], [74.71186547584233, 16.182099845012196]]], [[[74.6800354530951, 16.196518566603196], [74.68003836754535, 16.19471054555781], [74.67910281780031, 16.194709135489486], [74.67910135636086, 16.195613145967716], [74.67723024862808, 16.195610313314194], [74.67722877857433, 16.19651432354899], [74.6800354530951, 16.196518566603196]]], [[[74.68377192525624, 16.20014020885191], [74.6847103736003, 16.198333577574495], [74.68190367212975, 16.198329395787656], [74.68190077398698, 16.20013741654801], [74.68377192525624, 16.20014020885191]]], [[[74.69219070813385, 16.20105658152191], [74.69218650062408, 16.203768614527046], [74.69312209425635, 16.203769967755484], [74.6949974509319, 16.201060628136027], [74.69219070813385, 16.20105658152191]]], [[[74.68937405783986, 16.207380572096213], [74.69124527876791, 16.20738329979027], [74.68937830479109, 16.20466854073423], [74.68844270725295, 16.204667170948408], [74.68843844751034, 16.207379202068907], [74.68656722712164, 16.207376449653744], [74.68656865565399, 16.20647243951889], [74.68469888112504, 16.205565660736575], [74.68375751429534, 16.20918030967972], [74.68656436978522, 16.209184469692627], [74.68656294098116, 16.21008847959665], [74.68749856392417, 16.210089858107267], [74.68937405783986, 16.207380572096213]]], [[[74.68188917773958, 16.20736949651266], [74.6818906275922, 16.20646548678634], [74.68095502225451, 16.20646408388003], [74.68001358293137, 16.210078714636975], [74.682823341753, 16.2082749051128], [74.68282478743322, 16.207370895381228], [74.68188917773958, 16.20736949651266]]], [[[74.67532659094277, 16.215495667902765], [74.67532511030363, 16.21639967627733], [74.67626076200341, 16.216401104825966], [74.67626519083993, 16.213689079219645], [74.67439391313302, 16.21368621850387], [74.67439242841535, 16.21459022694827], [74.67345678543671, 16.214588790323234], [74.67345529635845, 16.215492798606274], [74.67532659094277, 16.215495667902765]]], [[[74.70058637272392, 16.217340810536047], [74.70058773824692, 16.216436800058343], [74.70245904659525, 16.21643943041222], [74.70246311704592, 16.21372739805392], [74.69965619305177, 16.213723447035353], [74.69965071441236, 16.217339489097565], [74.70058637272392, 16.217340810536047]]], [[[74.67158100664456, 16.217297928816617], [74.67158250444557, 16.216393920857023], [74.67345380718585, 16.216396806812334], [74.67345529635845, 16.215492798606274], [74.66971270832447, 16.215487010545278], [74.66970969574994, 16.21729502620056], [74.67158100664456, 16.217297928816617]]], [[[74.66783838523715, 16.217292107093257], [74.66877706155394, 16.21548555322421], [74.66597012181772, 16.215481156527034], [74.66596707510833, 16.21728917149472], [74.66783838523715, 16.217292107093257]]], [[[74.70057407912273, 16.225476901371273], [74.70057817776869, 16.222764871785763], [74.69964249384907, 16.222763549881687], [74.69964112345134, 16.223667559742914], [74.6987054353496, 16.223666233636663], [74.69870268575498, 16.22547425297244], [74.70057407912273, 16.225476901371273]]], [[[74.66782474709613, 16.225428172187556], [74.6687604407198, 16.22542963457511], [74.66875741750533, 16.22723764836495], [74.67062882211896, 16.22724056110699], [74.67062731890859, 16.22814456805731], [74.6715630256286, 16.228146018325226], [74.67156902081946, 16.22452998972131], [74.66782777846619, 16.223620158261262], [74.66782474709613, 16.225428172187556]]], [[[74.67810856760853, 16.230868077091426], [74.67811150617047, 16.229060062227735], [74.6762400829649, 16.22905721515927], [74.67623860518886, 16.229961222462556], [74.67530288945552, 16.22995979265546], [74.67530140731483, 16.2308637997978], [74.67810856760853, 16.230868077091426]]], [[[74.6790442878929, 16.23086949460305], [74.67904135750172, 16.232677509324915], [74.68184854453933, 16.232681737597165], [74.68185144930162, 16.23087372237913], [74.6790442878929, 16.23086949460305]]], [[[74.67808063270382, 16.24804420292181], [74.67807621885774, 16.250756220245574], [74.67994784758342, 16.250759054797193], [74.68088657908103, 16.24895245390556], [74.67901496727755, 16.24894962794884], [74.67901643418999, 16.248045622013937], [74.67808063270382, 16.24804420292181]]], [[[74.68743579477152, 16.249866221213363], [74.68743436616673, 16.25077022773186], [74.69024181213437, 16.250774349407603], [74.6893088367334, 16.24896496621078], [74.68743579477152, 16.249866221213363]]], [[[74.69117480437532, 16.252583728484808], [74.69117762763642, 16.2507757150359], [74.69024181213437, 16.250774349407603], [74.69024039627114, 16.251678356090576], [74.68930457658134, 16.251676986250178], [74.68930173603071, 16.253484999224167], [74.6911733926108, 16.253487735093575], [74.69117056881383, 16.255295748079718], [74.6949139172698, 16.25530117086357], [74.69491531209933, 16.254397164091298], [74.69585114515617, 16.254398509375847], [74.6958525356193, 16.25349450244761], [74.69117480437532, 16.252583728484808]]], [[[74.70520813275107, 16.255315742543768], [74.70521082819953, 16.253507727214302], [74.70614665793092, 16.25350902696189], [74.70614800124936, 16.252605019105307], [74.70240469994799, 16.25259979562572], [74.70240061839974, 16.255311818045673], [74.70520813275107, 16.255315742543768]]], [[[74.80730806876274, 16.159607138681757], [74.80543728106545, 16.15960543812922], [74.80543551288805, 16.161413483000732], [74.80637091520941, 16.161414335431196], [74.8063700352872, 16.162318357802164], [74.80824172001962, 16.16141602796806], [74.80730806876274, 16.159607138681757]]], [[[74.82788283687076, 16.164144877662604], [74.82788127221356, 16.165952924044067], [74.82975212195319, 16.165954428054107], [74.8297536696035, 16.16414638149551], [74.82788283687076, 16.164144877662604]]], [[[74.83629860926096, 16.167767609504196], [74.8353646723432, 16.165958841461997], [74.83349382202019, 16.165957386763083], [74.83349230819137, 16.167765433363446], [74.83629860926096, 16.167767609504196]]], [[[74.75395826929146, 16.18576876410321], [74.75302275566868, 16.185767679903545], [74.75302163153027, 16.186671696953876], [74.75582818538541, 16.186674937399992], [74.75583151926736, 16.183962885446793], [74.75489601401785, 16.1839618096027], [74.75395826929146, 16.18576876410321]]], [[[74.75676481058508, 16.18577199201525], [74.7567614890547, 16.188484043696796], [74.75863254248497, 16.18848617544184], [74.7586358384659, 16.18577412338416], [74.75676481058508, 16.18577199201525]]], [[[74.75114946325685, 16.187573532928045], [74.75114719758876, 16.189381566388075], [74.75395378934324, 16.18938483209877], [74.75395602945949, 16.187576798254604], [74.75302050732051, 16.187575713927387], [74.75302163153027, 16.186671696953876], [74.75114946325685, 16.187573532928045]]], [[[74.770794396483, 16.188499630550183], [74.7726644170344, 16.18940565694681], [74.77266545195221, 16.18850163883835], [74.77360097978544, 16.188502636809584], [74.77360304090725, 16.186694600244877], [74.7707964831552, 16.18669159433911], [74.770794396483, 16.188499630550183]]], [[[74.7399184689377, 16.19117616472771], [74.73991728473716, 16.19208018039878], [74.74272391219371, 16.19208359486784], [74.74272625496307, 16.1902755630473], [74.74179072092174, 16.19027442914048], [74.74179189645398, 16.189370413181656], [74.74085636674626, 16.18936927522609], [74.74085400708888, 16.191177306933056], [74.7399184689377, 16.19117616472771]]], [[[74.75582485086872, 16.189386988661955], [74.75582596244482, 16.188482971651442], [74.75489043590545, 16.188481895490874], [74.75301600976807, 16.191191781053323], [74.75114493163315, 16.191189599540834], [74.75114719758876, 16.189381566388075], [74.75021166714735, 16.189380469586943], [74.75021052994643, 16.190284486137227], [74.74833946076225, 16.19028228005887], [74.74833831497057, 16.191186296402588], [74.75020939267337, 16.191188502610686], [74.75020825532815, 16.192092519007318], [74.75207934183875, 16.192094708880457], [74.75301263585463, 16.193903830591132], [74.7548837398341, 16.193905996021844], [74.75488597214111, 16.192097962818817], [74.75675816689196, 16.191196094687044], [74.75676038173738, 16.18938806077036], [74.75582485086872, 16.189386988661955]]], [[[74.79511533915702, 16.191236512459334], [74.79417792276477, 16.19304364723652], [74.79792012538242, 16.19304723688167], [74.79792104554544, 16.19214321758053], [74.7969854990627, 16.19214232639637], [74.79698734773261, 16.190334287668502], [74.79511533915702, 16.191236512459334]]], [[[74.76049487199958, 16.19572042716193], [74.76049705346335, 16.193912393513912], [74.75769039633373, 16.193909213292898], [74.75768929285522, 16.194813229968332], [74.75956040605956, 16.194815354357253], [74.75955931103242, 16.195719371080752], [74.76049487199958, 16.19572042716193]]], [[[74.77265613532784, 16.19663779904912], [74.77265717077101, 16.195733781555223], [74.77078709104468, 16.194827754869443], [74.77078500318065, 16.196635789697822], [74.77265613532784, 16.19663779904912]]], [[[74.77078395914931, 16.197539806996758], [74.77078500318065, 16.196635789697822], [74.76984943720626, 16.196634778846047], [74.76984838891369, 16.19753879608555], [74.77078395914931, 16.197539806996758]]], [[[74.76702787849008, 16.209287953428852], [74.76609225310145, 16.209286925261825], [74.7651587686742, 16.20747786101819], [74.7614163021882, 16.207473691148923], [74.76141521471736, 16.20837770692027], [74.76047959400309, 16.208376654090323], [74.76141303956886, 16.21018573823228], [74.76515555723174, 16.210189908836554], [74.76515341593078, 16.21199794033099], [74.76796033048397, 16.212001025375713], [74.76796138837172, 16.211097009485734], [74.76889702242504, 16.211098029530998], [74.76889807598043, 16.210194013504207], [74.76702681647144, 16.210191969412463], [74.76702787849008, 16.209287953428852]]], [[[74.77825336658664, 16.211108003312674], [74.77825033349482, 16.213820052689357], [74.77918598106542, 16.213821027572173], [74.77918698789401, 16.212917011132923], [74.78105827469413, 16.212918948418675], [74.78012463619658, 16.211109948613455], [74.77825336658664, 16.211108003312674]]], [[[74.79602020555791, 16.221070007254454], [74.79602206651873, 16.219261973551063], [74.79415071801718, 16.219260167420465], [74.79414977903019, 16.220164184204574], [74.79602020555791, 16.221070007254454]]], [[[74.82315422501131, 16.221998363652585], [74.82315664519716, 16.219286308926158], [74.82128529348799, 16.21928474195953], [74.82128366300908, 16.22109277833672], [74.82034797869544, 16.221091988575374], [74.8203471591099, 16.22199600660223], [74.82315422501131, 16.221998363652585]]], [[[74.72397408091727, 16.22008454311566], [74.72490724432068, 16.221893781700754], [74.72677985462462, 16.22099218636065], [74.72678234726651, 16.219184161795045], [74.72491100901107, 16.219181745393453], [74.72490975419377, 16.22008575757286], [74.72397408091727, 16.22008454311566]]], [[[74.81099027618812, 16.22198788169117], [74.81098941386198, 16.222891899164104], [74.81192510618163, 16.222892730263123], [74.81192682224186, 16.221084695142757], [74.81286250607842, 16.22108552202019], [74.81286335975867, 16.22018150429608], [74.81005632121729, 16.220179011438123], [74.81005458819196, 16.22198704651669], [74.81099027618812, 16.22198788169117]]], [[[74.71460823792493, 16.226400249260497], [74.71460563299401, 16.228208270715186], [74.7164770548559, 16.228210779303538], [74.71647834882194, 16.227306768467468], [74.71741405560562, 16.22730801649969], [74.71834719153885, 16.22911728229398], [74.72021989956102, 16.228215746970566], [74.71928675049163, 16.22640648905536], [74.71460823792493, 16.226400249260497]]], [[[74.83250423560973, 16.23014211644522], [74.8343756909827, 16.230143585481336], [74.8343772029093, 16.228335549395222], [74.83157004554785, 16.228333339910716], [74.83250423560973, 16.23014211644522]]], [[[74.76232373301916, 16.230979126453892], [74.76232264802684, 16.23188314028642], [74.76419411174126, 16.23188522852895], [74.76419626457172, 16.230077200541835], [74.76232481794275, 16.230075112544366], [74.76232590279767, 16.229171098557867], [74.76139018385707, 16.229170048431207], [74.76138800553638, 16.230978076203986], [74.76232373301916, 16.230979126453892]]], [[[74.79975288578824, 16.231017752620826], [74.79975197165699, 16.2319217687199], [74.80068770600657, 16.23192264982968], [74.80068588611432, 16.23373068190031], [74.8063012290183, 16.232831866202403], [74.80630388170937, 16.230119816834748], [74.80443242946883, 16.23011810021255], [74.8044315367519, 16.231022116644674], [74.79975288578824, 16.231017752620826]]], [[[74.82688433817088, 16.236465731724966], [74.82688591913276, 16.234657697417564], [74.82501442182894, 16.234656161907896], [74.82501282377586, 16.236464196035143], [74.82220555256345, 16.236461861539382], [74.8222047406414, 16.23736587835059], [74.82314050193436, 16.23736666068987], [74.82313888648329, 16.239174694173116], [74.8240746563746, 16.239175472475313], [74.82407545985197, 16.238271455726533], [74.82688433817088, 16.236465731724966]]], [[[74.73891506824708, 16.242703785070674], [74.73891864607589, 16.23999175095487], [74.73798287767197, 16.239990596863482], [74.73798168086368, 16.240894608244766], [74.73330281861509, 16.24088877551092], [74.73330160035889, 16.2417927864731], [74.73143004744848, 16.24179042433646], [74.7323633785716, 16.243599629024423], [74.73423494873583, 16.243601983178213], [74.73517315357775, 16.241795132091877], [74.73610893030217, 16.241796298707058], [74.73610772479296, 16.242700309798153], [74.73891506824708, 16.242703785070674]]], [[[74.72487710103185, 16.24359004721146], [74.72487458702308, 16.245398067334424], [74.72393879413505, 16.24539685088043], [74.72393374805813, 16.249012889916152], [74.72580411495801, 16.249919328971984], [74.72580536812312, 16.24901531926335], [74.7267411782747, 16.24901652773986], [74.72674492446536, 16.246304497938937], [74.72580912714272, 16.246303289674948], [74.72581288544873, 16.243591259392876], [74.72487710103185, 16.24359004721146]]], [[[74.7267286858358, 16.258056622065126], [74.72672993543533, 16.257152612979592], [74.72766578416731, 16.257153817960123], [74.72766827457153, 16.255345799416496], [74.7257965943021, 16.255343385604753], [74.72579283290355, 16.25805541288017], [74.7267286858358, 16.258056622065126]]], [[[74.83537140567913, 16.15782262719428], [74.83443601875075, 16.157821902283853], [74.83443526654274, 16.158725926355288], [74.83724144021927, 16.15872808889271], [74.83724291909009, 16.15692004041839], [74.83630753631637, 16.156919323764363], [74.83630827993048, 16.156015299454463], [74.83537290145317, 16.156014578736063], [74.83537140567913, 16.15782262719428]]], [[[74.84846545057533, 16.15964039399243], [74.8475286688622, 16.161447775414135], [74.85033488270217, 16.161449765795194], [74.85033420256642, 16.162353790253196], [74.85126961151732, 16.162354445536007], [74.85033692285022, 16.158737691961274], [74.84846545057533, 16.15964039399243]]], [[[74.84098228327193, 16.15963493906198], [74.84098011547852, 16.162347011468114], [74.84191552398516, 16.16234770783399], [74.84285236077633, 16.16054035173389], [74.84098228327193, 16.15963493906198]]], [[[74.86342869032123, 16.16417064007867], [74.86529952642029, 16.164171831643454], [74.86530136290553, 16.161459756733837], [74.86342993168849, 16.162362590355933], [74.86342869032123, 16.16417064007867]]], [[[74.89336353925093, 16.161475655165173], [74.89336305465281, 16.1623796811482], [74.89242764403691, 16.16237921074017], [74.89242617730372, 16.165091288146257], [74.89616787096749, 16.165093145456463], [74.89616834290302, 16.164189119621707], [74.89523292369309, 16.16418866148474], [74.8952338759767, 16.162380609639236], [74.89616928668416, 16.162381067722233], [74.89616975852977, 16.161477041657534], [74.89336353925093, 16.161475655165173]]], [[[74.84191480554661, 16.163251731857077], [74.84191264995705, 16.16596380346632], [74.8428480755152, 16.165964495887003], [74.84472104409248, 16.163253796426503], [74.84191480554661, 16.163251731857077]]], [[[74.86810458185248, 16.165981637937943], [74.86904000857905, 16.1659822152987], [74.86997661734378, 16.164174738651276], [74.86810578085988, 16.164173588174577], [74.86810458185248, 16.165981637937943]]], [[[74.87558686558587, 16.167794191750872], [74.87558629997055, 16.168698216629462], [74.87465086022763, 16.168697667936865], [74.87464972038299, 16.170505717399386], [74.87652061691723, 16.170506810803307], [74.87652117835115, 16.16960278604601], [74.87745662241863, 16.16960332655038], [74.8774571795639, 16.168699301684587], [74.87558686558587, 16.167794191750872]]], [[[74.9130011470194, 16.175044973765704], [74.91300154270151, 16.174140948329992], [74.91206607621017, 16.174140563903148], [74.91206447631085, 16.17775666509533], [74.91299995982233, 16.177757049612694], [74.91300035557981, 16.176853024407063], [74.91487131416699, 16.176853781059837], [74.914871701389, 16.175949755732972], [74.9130011470194, 16.175044973765704]]], [[[74.9232913268238, 16.175048931334704], [74.92329167570496, 16.174144905666044], [74.92235620895211, 16.174144566465753], [74.92235550265812, 16.175952617686445], [74.92048419050992, 16.17685595232467], [74.92048346705907, 16.17866400300387], [74.91954797909844, 16.178663651365586], [74.91954761308257, 16.179567676569445], [74.92141859753877, 16.179568375774434], [74.92141824001219, 16.180472400942723], [74.92235373653072, 16.180472744395985], [74.9223551494775, 16.176856643181754], [74.92422645320504, 16.175953292054917], [74.92422679785344, 16.175049266443224], [74.9232913268238, 16.175048931334704]]], [[[74.90645072461261, 16.17956232148349], [74.90645157578477, 16.177754271629333], [74.9045810432124, 16.176849415914337], [74.90457974096047, 16.179561490663975], [74.90645072461261, 16.17956232148349]]], [[[74.91580564445117, 16.179566228803974], [74.91580526138705, 16.18047025384592], [74.91767587959234, 16.18137501100596], [74.91767662871932, 16.179566960912624], [74.9186121208892, 16.179567320797506], [74.91861249116104, 16.178663295614587], [74.91674151535703, 16.178662571774453], [74.91674113657322, 16.179566596914775], [74.91580564445117, 16.179566228803974]]], [[[74.91112656667559, 16.183180425815365], [74.91112697109796, 16.182276401115523], [74.91206247586528, 16.18227678985971], [74.9120632761197, 16.180468740184097], [74.91019228363733, 16.180467958674008], [74.91019105767687, 16.183180032934384], [74.91112656667559, 16.183180425815365]]], [[[74.90738326632511, 16.185890902965355], [74.91018983148295, 16.18589210650422], [74.91019105767687, 16.183180032934384], [74.9092555487041, 16.183179635939485], [74.90925513574139, 16.184083660516137], [74.90738410936008, 16.18408285413712], [74.90738326632511, 16.185890902965355]]], [[[74.8400221503771, 16.190371017493046], [74.83815033288596, 16.191273623118022], [74.83814885896233, 16.193081665846044], [74.8372133059535, 16.193080951619244], [74.83721034050258, 16.19669703598578], [74.83627477049818, 16.19669631747348], [74.83627029533886, 16.202120441465578], [74.83720589091526, 16.20212116023132], [74.8372044073432, 16.20392920103192], [74.84094609941843, 16.204836055690127], [74.84094464967528, 16.206644096362812], [74.8418802668016, 16.20664479473898], [74.84281731666115, 16.20483744815865], [74.84468853408556, 16.204838824148453], [74.84468782629202, 16.205742844685897], [74.84562343933544, 16.205743526541344], [74.84562203214205, 16.20755156746585], [74.84375078904341, 16.207550199474284], [74.84374794000148, 16.211166280079564], [74.84468357858827, 16.21116696629679], [74.8446842866511, 16.21026294622045], [74.84749118988354, 16.21026498002439], [74.84749049461688, 16.21116900022021], [74.84936108541068, 16.21207435575967], [74.84936383226716, 16.208458274508903], [74.85029945832385, 16.20845893588129], [74.85029877593986, 16.20936295634812], [74.85310566716292, 16.20936491585646], [74.85310365813996, 16.21207697714119], [74.85684623154847, 16.21207953257669], [74.85591190193152, 16.21027085889475], [74.85404063228911, 16.210269581327097], [74.85404129765585, 16.20936556078411], [74.85591321556288, 16.20846281758181], [74.8559138723161, 16.207558796810073], [74.85404262826282, 16.207557519467574], [74.85404329350304, 16.206653498694042], [74.85591518569763, 16.205750755036053], [74.85591715545769, 16.203038691798767], [74.85404595404216, 16.203037414831517], [74.85404528897064, 16.203941435912395], [74.85217407919733, 16.203940142392305], [74.8521747527953, 16.20303612138744], [74.85123915223582, 16.203035468486597], [74.85123983005406, 16.202131447443282], [74.85217542635058, 16.20213210030575], [74.85217677333299, 16.2003240579119], [74.85124118556156, 16.200323405126166], [74.85124186325085, 16.199419383852387], [74.85217744676012, 16.199420036599754], [74.85311436851478, 16.197612642297894], [74.85124389606084, 16.196707319570194], [74.84937001014792, 16.20032208719927], [74.84843442250624, 16.20032142205811], [74.84843511298197, 16.19941740090089], [74.84656394635456, 16.199416058342063], [74.84750230815713, 16.19580064644097], [74.84656674191133, 16.195799973260762], [74.84656604308864, 16.19670399464629], [74.84469490220815, 16.196702635854194], [74.84469702410802, 16.193990571706852], [74.84563258174359, 16.193991253041467], [74.84563328469356, 16.19308723146537], [74.8409555182683, 16.19308378382728], [74.84095624247357, 16.19217976237712], [74.84002069358526, 16.19217906054117], [74.8400221503771, 16.190371017493046]], [[74.85123644053307, 16.20665155189157], [74.85217340555663, 16.204844163320338], [74.85404395870108, 16.20574947784366], [74.85404329350304, 16.206653498694042], [74.85123644053307, 16.20665155189157]], [[74.84469419481846, 16.197606657083043], [74.84562976949773, 16.197607338577903], [74.84562836310721, 16.199415380885302], [74.8437571967466, 16.19941401361709], [74.8437579084879, 16.198509992582174], [74.84282232963703, 16.198509302811267], [74.84375933183507, 16.19670195028189], [74.84469490220815, 16.196702635854194], [74.84469419481846, 16.197606657083043]], [[74.84282018149129, 16.201221365563953], [74.84188458989942, 16.2012206715527], [74.84001559335798, 16.198507208790666], [74.84282232963703, 16.198509302811267], [74.84282018149129, 16.201221365563953]]], [[[74.88397726222743, 16.21661619349811], [74.88397567467514, 16.219328256305644], [74.8858470320556, 16.219329270714937], [74.88584859400237, 16.216617207728714], [74.88397726222743, 16.21661619349811]]], [[[74.89333100307331, 16.22204522638847], [74.89333246287545, 16.219333163408496], [74.89239678391222, 16.219332691254372], [74.89239629307421, 16.220236712296863], [74.89146060987396, 16.22023623599118], [74.89145961956756, 16.222044277789557], [74.89333100307331, 16.22204522638847]]], [[[74.85777733513481, 16.218408302747985], [74.85777798381096, 16.217504282747697], [74.85590664574052, 16.217503021071934], [74.85590730291014, 16.21659900106885], [74.85216397010151, 16.217500448243452], [74.85216329581999, 16.218404468018562], [74.85029126686078, 16.219307176410084], [74.84935284066184, 16.222922592131855], [74.85028853498855, 16.222923254125995], [74.85028785191231, 16.223827273362705], [74.85496634553554, 16.223830521656133], [74.85496700726587, 16.222926502228745], [74.85590270184818, 16.2229271394757], [74.85590138688421, 16.224735178328384], [74.85683709004681, 16.22473581152514], [74.85683643677207, 16.225639830873277], [74.85964355931625, 16.225641705823485], [74.85964291881012, 16.22654572520475], [74.86057863067634, 16.226546341973826], [74.86057990310832, 16.224738303061972], [74.85964419978181, 16.224737686365295], [74.85964548059123, 16.222929647218173], [74.85870978584394, 16.222929026469355], [74.85871300849941, 16.218408927437924], [74.85777733513481, 16.218408302747985]], [[74.85403264459795, 16.221117821847056], [74.85309695863731, 16.221117176426823], [74.85309896893389, 16.218405117448437], [74.85496965376805, 16.219310423750123], [74.85403264459795, 16.221117821847056]]], [[[74.90642941017319, 16.22476346803278], [74.90642812915729, 16.227475530716728], [74.90829956482463, 16.227476347624926], [74.90830082022032, 16.22476428479714], [74.90642941017319, 16.22476346803278]]], [[[74.9139134795594, 16.228382720257517], [74.91391308663974, 16.229286741107398], [74.91578453980108, 16.229287492091196], [74.91578530853265, 16.22747945022637], [74.91484959048111, 16.227479076841437], [74.91484997908069, 16.226575055815577], [74.91297855159233, 16.2265742967129], [74.91297775728677, 16.228382338598614], [74.9139134795594, 16.228382720257517]]], [[[74.83624415629328, 16.233761109601435], [74.83717990123358, 16.23376182984594], [74.83718213117942, 16.231049776142267], [74.83531066697734, 16.231048331780105], [74.83530916330693, 16.232856367489997], [74.83624490392776, 16.232857091819422], [74.83624415629328, 16.233761109601435]]], [[[74.91858948983833, 16.234712711753886], [74.91859097652357, 16.231096629305586], [74.91671950613194, 16.231095902994177], [74.9167187457492, 16.232903944286953], [74.9176544894767, 16.232904309548903], [74.91765373754232, 16.234712350576803], [74.91858948983833, 16.234712711753886]]], [[[74.92607044356394, 16.248275753199447], [74.92606976780493, 16.250083791974376], [74.92700559297656, 16.250084116325112], [74.92700525934234, 16.25098813561608], [74.92794108881243, 16.250988455853733], [74.9279414181693, 16.250084436544], [74.92981306861701, 16.250085064586237], [74.92981338939887, 16.249181045162675], [74.92607044356394, 16.248275753199447]]], [[[74.92513291602297, 16.252795521018875], [74.9251325737691, 16.253699540040543], [74.92606841603038, 16.253699868600137], [74.92606942989336, 16.250987811246333], [74.92419742457163, 16.251891169266774], [74.92419707806152, 16.25279518834596], [74.92513291602297, 16.252795521018875]]], [[[74.92138776724985, 16.25731425947265], [74.92138704826674, 16.259122296509762], [74.92325878398455, 16.259122982799898], [74.9232591349279, 16.25821896427965], [74.92419499854046, 16.258219301203575], [74.9251301773857, 16.260027671035406], [74.92700225568437, 16.259124305768967], [74.92700258950859, 16.258220287171213], [74.92513086217494, 16.258219633993484], [74.92513120453708, 16.257315615356955], [74.92138776724985, 16.25731425947265]]], [[[74.92793416750362, 16.26997284356348], [74.92887008688145, 16.269973160058182], [74.928870412393, 16.269069142347888], [74.92793449729821, 16.269068825871717], [74.92793416750362, 16.26997284356348]]], [[[74.92886911022332, 16.27268521272652], [74.93074129174747, 16.271781815898052], [74.93074192569854, 16.269973780636054], [74.92887008688145, 16.269973160058182], [74.92886911022332, 16.27268521272652]]], [[[74.937323964548, 16.17324547427364], [74.93825942736848, 16.173245747673686], [74.93919544322358, 16.17143796463693], [74.93732453458064, 16.171437422012005], [74.93732481956982, 16.170533395766178], [74.93638936952894, 16.17053311830387], [74.93638792313156, 16.175053248684577], [74.93732339444296, 16.175053526228567], [74.93732310936329, 16.175957552090996], [74.93825858494769, 16.17595782553932], [74.93825802324469, 16.177765877066303], [74.93919350735756, 16.177766146434333], [74.93919433711977, 16.175054068981275], [74.93825886577245, 16.175053799660798], [74.937323964548, 16.17324547427364]]], [[[74.9354518646409, 16.176861018611177], [74.93451578907306, 16.17866878405196], [74.9354512773687, 16.178669069886737], [74.93545069002194, 16.18047712085549], [74.93638618684848, 16.180477402610705], [74.93638647627493, 16.179573377148106], [74.93732196886359, 16.179573654773776], [74.93732253914965, 16.177765603585783], [74.9354518646409, 16.176861018611177]]], [[[74.93357848745231, 16.18409264588685], [74.93357818516115, 16.1849966709154], [74.93451370323551, 16.184996960982346], [74.93451459727936, 16.18228488561534], [74.9326435866939, 16.182284301470137], [74.93264328018405, 16.183188326634827], [74.9317077706633, 16.183188028374143], [74.93170745987665, 16.184092053444562], [74.93357848745231, 16.18409264588685]]], [[[74.93451161647111, 16.191325134152986], [74.93264052071989, 16.191324549664074], [74.93264021401548, 16.19222857406137], [74.93357576614127, 16.19222886838119], [74.93357546367744, 16.19313289271904], [74.93544657650641, 16.193133469043502], [74.93544716437523, 16.19132542022327], [74.936382712298, 16.19132570217745], [74.93638300194495, 16.190421677635623], [74.93451191463707, 16.19042110964456], [74.93451161647111, 16.191325134152986]]], [[[74.93731626202008, 16.197654149773328], [74.93731597648777, 16.198558173717345], [74.9382515585328, 16.19855844756808], [74.938250995938, 16.200366495257946], [74.93918658652501, 16.200366765022338], [74.9401227226761, 16.198558982915404], [74.93918714059566, 16.198558717300767], [74.93918741760464, 16.197654693324793], [74.93731626202008, 16.197654149773328]]], [[[74.94292816896134, 16.203079874084036], [74.9429279089001, 16.203983897660237], [74.94386351662381, 16.203984146890555], [74.94386428396896, 16.201272075887598], [74.94199309411616, 16.201271573396063], [74.94199282982517, 16.202175597110987], [74.94105723066102, 16.20217533967193], [74.94105696209024, 16.203079363294915], [74.94292816896134, 16.203079874084036]]], [[[74.94292426631124, 16.21664021966051], [74.94573126867418, 16.21664095559797], [74.94573151616508, 16.215736933054213], [74.9447958529618, 16.215736691878778], [74.94479610470383, 16.214832669272326], [74.94292478687899, 16.21483217458257], [74.94292426631124, 16.21664021966051]]], [[[74.95415164923973, 16.219355008293935], [74.95415185836669, 16.218450985864184], [74.95321618222992, 16.21845078175667], [74.953216608979, 16.21664273669054], [74.95228094139074, 16.216642528484098], [74.9522807237556, 16.217546551043377], [74.95040938008603, 16.217546122236627], [74.95040915390186, 16.218450144693843], [74.95134482999724, 16.2184503611715], [74.95134460806663, 16.219354383564568], [74.95508671500262, 16.22206727515305], [74.95602280948467, 16.22025942653819], [74.95415164923973, 16.219355008293935]]], [[[74.95602180627469, 16.2247795372656], [74.95508651009166, 16.22297129728704], [74.95321511512057, 16.22297089307674], [74.95321468818216, 16.22477893706659], [74.95602180627469, 16.2247795372656]]], [[[74.96444267442256, 16.227493180900158], [74.96444316120953, 16.224781115108552], [74.96163604279569, 16.22478062628659], [74.96163586773427, 16.225684648265332], [74.96257157813129, 16.22568481534087], [74.96257123651559, 16.227492859087263], [74.96444267442256, 16.227493180900158]]], [[[74.96818584073107, 16.22568573116239], [74.96818555035769, 16.227493775016292], [74.97005698838153, 16.227494047319535], [74.97005685172223, 16.22839806914712], [74.9719281701957, 16.229302346727838], [74.9709931045223, 16.224782111315413], [74.96912169210124, 16.224781847310272], [74.96912155119813, 16.225685869360685], [74.96818584073107, 16.22568573116239]]], [[[74.9709920453793, 16.232014285689377], [74.97099244262081, 16.22930222087596], [74.96912098749645, 16.229301956793332], [74.96912070559206, 16.2311100000482], [74.9709920453793, 16.232014285689377]]], [[[74.9700558948649, 16.234726219786545], [74.97005630499855, 16.232014155688322], [74.96724908390935, 16.232013740923072], [74.96724893439092, 16.23291776234174], [74.9700558948649, 16.234726219786545]]], [[[74.9728621629804, 16.24195876519558], [74.9719263755768, 16.24195864336998], [74.9709900580395, 16.245574599369753], [74.97192586253634, 16.245574725354583], [74.97192599080863, 16.244670704973895], [74.9737975912749, 16.24467094453756], [74.9737978306938, 16.242862903517157], [74.97286203900741, 16.242862785814335], [74.9728621629804, 16.24195876519558]]], [[[74.9438507060389, 16.249185228423528], [74.94385019277144, 16.250993267684095], [74.94291436298388, 16.25099301769199], [74.94291410204818, 16.251897037192112], [74.9466571945646, 16.2528020319054], [74.94665792604019, 16.25008997323356], [74.9457221004821, 16.250089735651663], [74.94572234855355, 16.249185715954297], [74.9438507060389, 16.249185228423528]]], [[[74.94197773752248, 16.253704821792443], [74.94291410204818, 16.251897037192112], [74.94104243396762, 16.251896524781586], [74.9410427034586, 16.2509925053115], [74.94010687372139, 16.250992242923115], [74.94010577854307, 16.254608320279882], [74.94197773752248, 16.253704821792443]]], [[[74.97098873209775, 16.25461479886825], [74.97098886472969, 16.25371077926492], [74.97005302174739, 16.25371064908078], [74.97005274791798, 16.255518688195167], [74.96911689638718, 16.25551855386245], [74.96818075388475, 16.25732645417074], [74.97098833415163, 16.257326857216114], [74.97098846680872, 16.25642283784385], [74.97286030256126, 16.25551906639343], [74.97286042664413, 16.254615046852585], [74.97098873209775, 16.25461479886825]]], [[[74.98315467013546, 16.25552013485527], [74.98409037627746, 16.257328246172598], [74.98596216086102, 16.256424358992785], [74.9859622892267, 16.254616319838917], [74.9850264418642, 16.254616255776284], [74.98502637340466, 16.255520275387976], [74.98315467013546, 16.25552013485527]]], [[[74.93823323765713, 16.257319840095278], [74.93823210775436, 16.26093591516932], [74.94010386131407, 16.260936452688735], [74.9401044091804, 16.25912841524282], [74.94197614568864, 16.259128936162163], [74.94197694168108, 16.256416879323933], [74.941041086257, 16.256416620976815], [74.94104081666372, 16.257320639984787], [74.93823323765713, 16.257319840095278]]], [[[74.97566696704801, 16.26275156110537], [74.97566685573796, 16.263655579972863], [74.97660274584433, 16.263655685427977], [74.97660306691077, 16.260943628575816], [74.97379543514093, 16.260943299861772], [74.97379531528371, 16.261847318870284], [74.97566696704801, 16.26275156110537]]], [[[74.93916464448691, 16.271784404011278], [74.93822871633074, 16.271784132993794], [74.93822786807277, 16.27449618571554], [74.94009975010745, 16.274496723707326], [74.94010002430919, 16.273592706179016], [74.94103596106828, 16.27359296895194], [74.94103623096856, 16.272688951331148], [74.93916436603598, 16.27268842167816], [74.93916464448691, 16.271784404011278]]], [[[74.94009947588839, 16.27540074115853], [74.94009892739825, 16.27720877582961], [74.94197083521186, 16.277209297359402], [74.94197136656172, 16.275401262627273], [74.94009947588839, 16.27540074115853]]], [[[74.9391599084271, 16.287152693860392], [74.93915962967691, 16.288056710216097], [74.94103164034334, 16.288057240396263], [74.94196817745515, 16.28624946639243], [74.93822419042938, 16.28624840615615], [74.93822390740861, 16.28715242257314], [74.9391599084271, 16.287152693860392]]], [[[74.95507131063601, 16.289868721584405], [74.95507110475062, 16.290772737941328], [74.95600712320007, 16.29077293472248], [74.95600772795022, 16.288060885385683], [74.95319971124222, 16.288060282719723], [74.95319949680537, 16.288964299207233], [74.95507131063601, 16.289868721584405]]], [[[74.97004781306268, 16.28806333954127], [74.97004740131777, 16.290775389308745], [74.97191943856745, 16.290775646160004], [74.97285570597504, 16.288967735225995], [74.9709836858654, 16.288967486689334], [74.9709838188163, 16.288063470015384], [74.97004781306268, 16.28806333954127]]], [[[74.98970374656945, 16.29168127631026], [74.99063968379994, 16.293489352673813], [74.9925117813477, 16.292585410859857], [74.99251184998272, 16.290777377834782], [74.99157583123745, 16.290777342621297], [74.9915757926315, 16.291681359170358], [74.98970374656945, 16.29168127631026]]], [[[74.99906390399161, 16.307049794578802], [74.99906389969719, 16.307953809747854], [75.00000000000001, 16.307953811821537], [75.00000000000001, 16.3052417660823], [74.99812781657181, 16.30614577311218], [74.99812780798348, 16.307049788358118], [74.99906390399161, 16.307049794578802]]]]}}, {"id": "1", "type": "Feature", "properties": {"cls": 2, "area_km2": 29.38, "depth_range": "0.5-2 m", "color": "#60a5fa", "scenario": "Froehlich-type hydrograph (peak 51,570 m3/s)"}, "geometry": {"type": "MultiPolygon", "coordinates": [[[[74.66985386892661, 16.13050992791348], [74.66985087427959, 16.13231795800915], [74.67265664101318, 16.132322281759738], [74.67265961021137, 16.130514251153873], [74.67172436302164, 16.130512814173326], [74.67172585172011, 16.12960879884024], [74.66985386892661, 16.13050992791348]]], [[[74.67265218650749, 16.13503432709378], [74.67358745500108, 16.13503576039749], [74.67358449334397, 16.136843790406076], [74.6763903248458, 16.136848066216828], [74.67452567638463, 16.133229159116627], [74.67265515627241, 16.133226296947722], [74.67265218650749, 16.13503432709378]]], [[[74.67919324607472, 16.13866033582248], [74.68106381840647, 16.138663141579762], [74.68106237119846, 16.1395671569835], [74.68199766174632, 16.13956855379185], [74.68200199036364, 16.136856507103552], [74.68106671254634, 16.13685511054233], [74.68013433707851, 16.135045678701047], [74.67919906793124, 16.135044274102952], [74.67919324607472, 16.13866033582248]]], [[[74.67825650010822, 16.139562941946323], [74.67825357995093, 16.14137097202665], [74.68012417756212, 16.14137378648538], [74.68012708074265, 16.139565756073125], [74.67825650010822, 16.139562941946323]]], [[[74.6501930740088, 16.142230798273467], [74.65206367431091, 16.14223385906111], [74.65206683234194, 16.140425833984455], [74.65019624901741, 16.14042277355778], [74.6501930740088, 16.142230798273467]]], [[[74.66141975494615, 16.14044088998522], [74.65861387712663, 16.140436416258265], [74.65861232787123, 16.141340429459], [74.65954762462384, 16.141341924891726], [74.65954607951447, 16.142245938103972], [74.66141668180333, 16.142248916837687], [74.66141975494615, 16.14044088998522]]], [[[74.67918305426137, 16.144988440880315], [74.68198900203373, 16.144992645098633], [74.68199188897172, 16.14318461496971], [74.68012272583339, 16.14227780157652], [74.68012127401234, 16.14318181659098], [74.67918596667099, 16.143180411247137], [74.67918305426137, 16.144988440880315]]], [[[74.68666416110821, 16.14590358541737], [74.68572884039003, 16.145902208550957], [74.68573026701397, 16.1449981932744], [74.68198900203373, 16.144992645098633], [74.68385532872172, 16.147707472503875], [74.68666131608042, 16.147711615902786], [74.68759380848495, 16.14952101916787], [74.68946448434336, 16.149523753026628], [74.69040263382361, 16.147717082975724], [74.6885319747722, 16.14771435764768], [74.68853338883885, 16.14681034228169], [74.68666273863953, 16.14680760069842], [74.68666416110821, 16.14590358541737]]], [[[74.6894602538065, 16.15223579844566], [74.69039560461225, 16.15223715945862], [74.69039841656489, 16.15042912909554], [74.68852773203284, 16.15042640328552], [74.68852348848431, 16.153138448233094], [74.68945884344828, 16.153139813431935], [74.6894602538065, 16.15223579844566]]], [[[74.64923866452092, 16.15307740248911], [74.6492370714055, 16.15398141372069], [74.65110778191291, 16.153984485066445], [74.6511109510509, 16.152176462164572], [74.6501756042425, 16.15217492872536], [74.65017719290793, 16.151270917249697], [74.64830650808936, 16.151267838236702], [74.64830331366701, 16.153075860748352], [74.64923866452092, 16.15307740248911]]], [[[74.65297691659975, 16.15489155150471], [74.65484920413415, 16.15399057848795], [74.65485233928884, 16.152182554867935], [74.65204629796, 16.15217799149844], [74.65204313731783, 16.153986014580575], [74.65297849282318, 16.15398753998887], [74.65297691659975, 16.15489155150471]]], [[[74.67916848665732, 16.154028584444735], [74.67823312844914, 16.15402717400057], [74.67823458987439, 16.153123160072415], [74.67636535206117, 16.152216313195467], [74.67636094229685, 16.154928354479054], [74.68103775457824, 16.154935407115453], [74.68103920335125, 16.154031393015398], [74.68197456183645, 16.154032791141894], [74.68197745061028, 16.152224762546854], [74.68010675072382, 16.152221962518013], [74.67916848665732, 16.154028584444735]]], [[[74.68851924412657, 16.155850492490302], [74.68852348848431, 16.153138448233094], [74.68758813361028, 16.153137078928598], [74.68758671466614, 16.154041093677023], [74.68665135563415, 16.154039720185914], [74.68664850897831, 16.15584774929073], [74.68851924412657, 16.155850492490302]]], [[[74.6763491788144, 16.16216046119243], [74.67541378264067, 16.162159037676005], [74.67541673257269, 16.160351011625817], [74.67448134499344, 16.16034958416951], [74.67447690720327, 16.1630616228774], [74.67634770795864, 16.163064474186246], [74.6763491788144, 16.16216046119243]]], [[[74.65576579163888, 16.164840227921708], [74.65670119854103, 16.164841737973777], [74.6566996381216, 16.165745748925623], [74.6585704607261, 16.16574875688065], [74.65857356446013, 16.1639407345459], [74.65763816161132, 16.163939232799777], [74.6576397175815, 16.16303522160569], [74.65670431908256, 16.16303371583975], [74.65576579163888, 16.164840227921708]]], [[[74.6763388808616, 16.16848855053703], [74.67633593774829, 16.170296575373072], [74.67914224162989, 16.17030082352489], [74.67914515922622, 16.16849279818863], [74.67820973301168, 16.168491386414523], [74.6782111959233, 16.16758737371434], [74.67540493059549, 16.167583113984307], [74.67540345492661, 16.16848712643365], [74.6763388808616, 16.16848855053703]]], [[[74.66043665289719, 16.168463781854445], [74.65856580438567, 16.168460789806872], [74.65856269966578, 16.170268811373703], [74.65762726705222, 16.17026730900843], [74.65762571029119, 16.171171319588193], [74.65949658412332, 16.171174320385195], [74.65949503577035, 16.172078331064807], [74.6604304770875, 16.1720798253856], [74.660432021187, 16.171175814618024], [74.66230443110331, 16.17027477973273], [74.66230596650084, 16.169370768636327], [74.66043510909184, 16.169367792852434], [74.66043665289719, 16.168463781854445]]], [[[74.64826494891881, 16.174772106936402], [74.64920040180014, 16.174773650857965], [74.64920837801124, 16.170253602762187], [74.6464020834778, 16.170248960030072], [74.64639243515144, 16.17567301587442], [74.64826334911817, 16.175676116234197], [74.64826494891881, 16.174772106936402]]], [[[74.69315423339877, 16.182977695203416], [74.69315283701978, 16.18388170789898], [74.69408833701733, 16.183883055264147], [74.69408972913925, 16.18297904248932], [74.69315423339877, 16.182977695203416]]], [[[74.65385876984148, 16.18562942179629], [74.65572821209825, 16.18653646743045], [74.65573134591394, 16.184728449161927], [74.65666684641289, 16.18472996117068], [74.65666840891433, 16.183825951832155], [74.65292642454516, 16.18381987946999], [74.65385876984148, 16.18562942179629]]], [[[74.6613428090767, 16.185641469206097], [74.66040730382711, 16.18563997767998], [74.66040112056398, 16.189256015371363], [74.66321075398126, 16.187452459439793], [74.6632122869738, 16.186548449716014], [74.66134126766585, 16.186545478832], [74.6613428090767, 16.185641469206097]]], [[[74.66320462103819, 16.191068497566153], [74.66320002030938, 16.193780525353606], [74.66694219637891, 16.193786420519732], [74.66694371301266, 16.192882410987515], [74.66507263330429, 16.1928794718103], [74.6650741583612, 16.191975462374014], [74.66320462103819, 16.191068497566153]]], [[[74.67442951813287, 16.191989992754657], [74.67162290920156, 16.191985676858835], [74.67162141396254, 16.192889686895782], [74.66975033329611, 16.1928867888813], [74.66974882944227, 16.193790798670946], [74.67161991862865, 16.193793696855845], [74.6716184231999, 16.194697706739], [74.67255397219576, 16.194699149741503], [74.67255546336426, 16.1937951397735], [74.67536209813758, 16.193799443827334], [74.67629469490142, 16.195608890811904], [74.67910135636086, 16.195613145967716], [74.67910281780031, 16.194709135489486], [74.68003836754535, 16.19471054555781], [74.67910574040108, 16.192901114302355], [74.67442803567296, 16.192894003045396], [74.67442951813287, 16.191989992754657]]], [[[74.68845548161981, 16.19653107343331], [74.69126215942453, 16.19653516826569], [74.6912649716185, 16.194727145268303], [74.6893952845189, 16.193820408364047], [74.68939387003512, 16.194724419817824], [74.6884583193779, 16.194723050917386], [74.68845548161981, 16.19653107343331]]], [[[74.68003836754535, 16.19471054555781], [74.68003399573132, 16.197422577010542], [74.68190512106328, 16.19742538529211], [74.68284357293673, 16.1956187618705], [74.68190801865465, 16.19561736407034], [74.68190946731251, 16.194713353344117], [74.68003836754535, 16.19471054555781]]], [[[74.65290272106257, 16.19738000611592], [74.653838280892, 16.197381531722396], [74.65383985756502, 16.196477523727978], [74.65103319116085, 16.196472934825966], [74.65103001214793, 16.198280950198317], [74.65290114002826, 16.198284013943734], [74.65290272106257, 16.19738000611592]]], [[[74.6921935126957, 16.199248559133945], [74.69312908501573, 16.199249911964767], [74.69313188069884, 16.197441889110156], [74.69126075319375, 16.197439179649056], [74.69125653396625, 16.200151213337772], [74.69219211045926, 16.20015257036638], [74.6921935126957, 16.199248559133945]]], [[[74.69218650062408, 16.203768614527046], [74.69218229231386, 16.206480646839907], [74.69311789873672, 16.206482000306927], [74.69311929733193, 16.20557798953337], [74.6949905019158, 16.205580683949226], [74.69499189189527, 16.204676672940415], [74.69312069583847, 16.204673978682894], [74.69312209425635, 16.203769967755484], [74.69218650062408, 16.203768614527046]]], [[[74.68001212418078, 16.21098272389039], [74.67907649770483, 16.210981312329636], [74.6790706447146, 16.214597348242002], [74.68000628825376, 16.21459876013444], [74.68000774737423, 16.21369475118888], [74.68187902619732, 16.213697562442317], [74.68001212418078, 16.21098272389039]]], [[[74.6790706447146, 16.214597348242002], [74.67813500126817, 16.214595932227454], [74.67813646892105, 16.21369192344798], [74.67626519083993, 16.213689079219645], [74.67626076200341, 16.216401104825966], [74.67813206568337, 16.21640394955547], [74.6790706447146, 16.214597348242002]]], [[[74.67158250444557, 16.216393920857023], [74.67158100664456, 16.217297928816617], [74.66970969574994, 16.21729502620056], [74.66971270832447, 16.215487010545278], [74.66877706155394, 16.21548555322421], [74.66877555104766, 16.216389561004753], [74.66783990010613, 16.216388099475527], [74.66783687027215, 16.218196114633987], [74.67157950874866, 16.21820193669922], [74.67157801075783, 16.219105944504815], [74.67251367488247, 16.219107389798342], [74.6725166622344, 16.21729937394042], [74.67345231791887, 16.21730081494141], [74.67345380718585, 16.216396806812334], [74.67158250444557, 16.216393920857023]]], [[[74.66689969156383, 16.219098656187704], [74.66596402801277, 16.219097186154407], [74.66595945664537, 16.221809207566398], [74.66689513300064, 16.221810677858652], [74.66689209347713, 16.223618691920876], [74.66782777846619, 16.223620158261262], [74.66876950806534, 16.220005591357], [74.66783384005419, 16.22000412948445], [74.66783687027215, 16.218196114633987], [74.66690121089235, 16.21819464881005], [74.66689969156383, 16.219098656187704]]], [[[74.6715630256286, 16.228146018325226], [74.67249873244356, 16.22814746446742], [74.67437460446293, 16.2254383222756], [74.67156752216415, 16.225433996987835], [74.6715630256286, 16.228146018325226]]], [[[74.6743731185218, 16.226342329718975], [74.67436866013368, 16.229054351586914], [74.67623860518886, 16.229961222462556], [74.6762400829649, 16.22905721515927], [74.67717579452102, 16.229058640756488], [74.67717874125155, 16.22725062575148], [74.67530733531446, 16.22724777076619], [74.67530881707972, 16.226343763315707], [74.6743731185218, 16.226342329718975]]], [[[74.68185144930162, 16.23087372237913], [74.680918641676, 16.2290643018856], [74.6790457529493, 16.229965487126545], [74.6790442878929, 16.23086949460305], [74.68185144930162, 16.23087372237913]]], [[[74.68185144930162, 16.23087372237913], [74.68184854453933, 16.232681737597165], [74.68372000302475, 16.23268453581057], [74.68372289070108, 16.230876520264182], [74.68185144930162, 16.23087372237913]]], [[[74.67902963222534, 16.239909565130038], [74.67902816614821, 16.240813571758846], [74.67809239886418, 16.240812153332232], [74.67808945788259, 16.242620166192218], [74.68089678565956, 16.242624409582362], [74.68183546855605, 16.240817802263948], [74.67996393352504, 16.240814986056346], [74.67996539532813, 16.23991097934459], [74.67902963222534, 16.239909565130038]]], [[[74.67808651652867, 16.244428178743835], [74.67715073223883, 16.244426755854374], [74.67714483131076, 16.24804277969862], [74.67901643418999, 16.248045622013937], [74.67901790100962, 16.247141616001915], [74.67995369831239, 16.247143030880036], [74.67995808538734, 16.244431012132473], [74.6790223009116, 16.244429597503203], [74.67902376735996, 16.243525591182753], [74.67808798725217, 16.24352417250657], [74.67808651652867, 16.244428178743835]]], [[[74.68556848406303, 16.24715143340138], [74.68369688844624, 16.24714864908424], [74.6836954430077, 16.248052655508584], [74.68463124504673, 16.248054049814304], [74.68462980379321, 16.24895805624327], [74.6893088367334, 16.24896496621078], [74.68930741677256, 16.249868972967704], [74.69117903913302, 16.24987170819577], [74.69118186185825, 16.24806369428416], [74.69024605918653, 16.248062328896], [74.68931309607684, 16.24625294547737], [74.68556992085819, 16.246247426736694], [74.68556848406303, 16.24715143340138]]], [[[74.6958525356193, 16.25349450244761], [74.6958553162817, 16.251686488359745], [74.69398367592346, 16.25168379413159], [74.69398227708105, 16.252587801056173], [74.69304645275695, 16.252586447664687], [74.69304504954816, 16.25349045443282], [74.6958525356193, 16.25349450244761]]], [[[74.70533043063189, 16.17305073320598], [74.70626588068995, 16.173052026176876], [74.70626721645212, 16.172148011472], [74.7081381083148, 16.17215058492922], [74.70813943548501, 16.171246569996075], [74.70720399376496, 16.17124528539848], [74.7072053251042, 16.170341270464178], [74.70533445042459, 16.17033868908936], [74.70533043063189, 16.17305073320598]]], [[[74.69597593477583, 16.173037577391252], [74.69410503664952, 16.17303489689623], [74.6941022542609, 16.174842924058943], [74.6959731694041, 16.174845604869557], [74.69597040368114, 16.17665363204068], [74.69784133619456, 16.176656296719006], [74.69877954277668, 16.174849595249327], [74.69784408489846, 16.17484826923422], [74.69784545911953, 16.173944255376647], [74.69597455213386, 16.173941591168806], [74.69597593477583, 16.173037577391252]]], [[[74.70252137515666, 16.1748548581948], [74.70252002212148, 16.175758872363414], [74.70439094733727, 16.175761479320606], [74.70438960272598, 16.17666549356587], [74.70532506971698, 16.176666790953217], [74.70533043063189, 16.17305073320598], [74.70158727413578, 16.173949534457343], [74.70158591693213, 16.17485354862567], [74.70252137515666, 16.1748548581948]]], [[[74.71374688047453, 16.174870252326947], [74.71281142123694, 16.174868992095913], [74.71281272738811, 16.17396497701857], [74.71094181767079, 16.17396244437104], [74.7109365585302, 16.177578503623344], [74.71000108677747, 16.17757723083305], [74.70999844819511, 16.179385259848633], [74.71280488923702, 16.179389066330792], [74.7128075022858, 16.177581036867213], [74.71467974426278, 16.176679538667027], [74.71374688047453, 16.174870252326947]]], [[[74.70157777190053, 16.180277632022907], [74.69877132114958, 16.180273677250327], [74.69876995057393, 16.181177690648333], [74.69970543832717, 16.181179013096617], [74.69970270542817, 16.182987039817792], [74.70157369822121, 16.1829896726846], [74.70157777190053, 16.180277632022907]]], [[[74.70999317002531, 16.183001316958133], [74.71186416468787, 16.18300385932393], [74.71186678691357, 16.18119583062365], [74.70999580927773, 16.181193288557], [74.70999317002531, 16.183001316958133]]], [[[74.69408972913925, 16.18297904248932], [74.69596072088503, 16.182981724720143], [74.69596348783725, 16.181173698624374], [74.69409251311805, 16.181171016709172], [74.69408972913925, 16.18297904248932]]], [[[74.71279574095344, 16.185717167033854], [74.71560227213502, 16.185720938054246], [74.71560615500945, 16.18300889469119], [74.71467065730518, 16.183007642019923], [74.71279574095344, 16.185717167033854]]], [[[74.75489266736281, 16.186673861366017], [74.75302163153027, 16.186671696953876], [74.75302050732051, 16.187575713927387], [74.75395602945949, 16.187576798254604], [74.75395378934324, 16.18938483209877], [74.75488932007057, 16.18938591243809], [74.75489266736281, 16.186673861366017]]], [[[74.71091814101878, 16.190234701328645], [74.71091682485603, 16.19113871487421], [74.71372343219493, 16.19114251192087], [74.71372734210192, 16.188430470383746], [74.71091814101878, 16.190234701328645]]], [[[74.75301713426322, 16.190287764387072], [74.75395266917852, 16.190288848905627], [74.75395378934324, 16.18938483209877], [74.75114719758876, 16.189381566388075], [74.75114493163315, 16.191189599540834], [74.75301600976807, 16.191191781053323], [74.75301713426322, 16.190287764387072]]], [[[74.74553169896227, 16.191182956220956], [74.74740162610411, 16.19208920332629], [74.74833946076225, 16.19028228005887], [74.74646839186886, 16.190280057517754], [74.74646954610593, 16.189376041227916], [74.74553401602799, 16.18937492384955], [74.74553169896227, 16.191182956220956]]], [[[74.75956588015346, 16.190295269587274], [74.7595647854736, 16.19119928669492], [74.75862924587656, 16.19119822680824], [74.758627047789, 16.193006260668405], [74.75769149974224, 16.193005196540636], [74.75769039633373, 16.193909213292898], [74.76049705346335, 16.193912393513912], [74.76050141556061, 16.19029632529592], [74.76143695103696, 16.19029737688886], [74.76143912315264, 16.18848934219526], [74.75863254248497, 16.18848617544184], [74.75863034481576, 16.190294209762925], [74.75956588015346, 16.190295269587274]]], [[[74.74272156912707, 16.193891626381035], [74.74178601804692, 16.193890492207473], [74.74178719387751, 16.19298647655598], [74.73991491611068, 16.193888211510398], [74.7399101779561, 16.19750427281147], [74.74271688210189, 16.197507688485285], [74.74271805396968, 16.1966036730745], [74.74084810663537, 16.195697384855844], [74.74084928687581, 16.194793369424975], [74.74272039748226, 16.19479564202237], [74.74272156912707, 16.193891626381035]]], [[[74.73897461005743, 16.197503126018304], [74.73710467192149, 16.196596805072126], [74.73710107938889, 16.199308849862586], [74.73897223200609, 16.19931115607287], [74.73897461005743, 16.197503126018304]]], [[[74.70903250227846, 16.200176292657783], [74.7090311766726, 16.201080305207682], [74.71183792411975, 16.20108412942191], [74.71090497563311, 16.19927483332551], [74.70903250227846, 16.200176292657783]]], [[[74.73896985365312, 16.20111918581996], [74.73709988172612, 16.200212864639], [74.73709628828206, 16.202924908507], [74.73896747499847, 16.202927215259542], [74.73896390645083, 16.20563925884229], [74.74270515933559, 16.206547838365328], [74.74270867694604, 16.20383579420855], [74.74177307898685, 16.20383465930138], [74.74177425563808, 16.202930644495375], [74.73990306846994, 16.202928362457218], [74.73896985365312, 16.20111918581996]]], [[[74.75767052300912, 16.21018150169146], [74.75954068494181, 16.21108764362063], [74.75954178115002, 16.210183628203936], [74.76047741032484, 16.210184685278623], [74.76047959400309, 16.208376654090323], [74.7586083527824, 16.20837453606879], [74.75767052300912, 16.21018150169146]]], [[[74.73614385688428, 16.215579943564467], [74.73614265358718, 16.21648395688843], [74.73427012747082, 16.217385636476102], [74.73520337329349, 16.21919483149365], [74.7370747132594, 16.21919715718026], [74.73707591251761, 16.218293144018975], [74.73894843489954, 16.217391439702503], [74.73895081596804, 16.215583412724033], [74.73614385688428, 16.215579943564467]]], [[[74.73052379551304, 16.22009295771954], [74.73239514324543, 16.220095324779255], [74.7323963639193, 16.21919131203813], [74.72958935524122, 16.219187755471914], [74.7295868882077, 16.22099578045954], [74.7305225662254, 16.220996970244727], [74.73052379551304, 16.22009295771954]]], [[[74.69964660452136, 16.220051519836044], [74.69777526255331, 16.220048864122706], [74.69683682572915, 16.22185554971955], [74.69964386415998, 16.22185953994346], [74.69964660452136, 16.220051519836044]]], [[[74.72584417692119, 16.220990980079915], [74.72584292621335, 16.221894992176438], [74.72864997236572, 16.221898598858733], [74.72771677449927, 16.220089376202598], [74.72584417692119, 16.220990980079915]]], [[[74.72397282175228, 16.22098855514679], [74.72210019912082, 16.221890125528965], [74.72209766331649, 16.22369814891968], [74.72396904377864, 16.223700590778346], [74.72397282175228, 16.22098855514679]]], [[[74.71835104781492, 16.226405249347028], [74.71928675049163, 16.22640648905536], [74.71928546941777, 16.227310500187432], [74.72115688355449, 16.22731296737291], [74.72116197320577, 16.223696921803434], [74.72022628317565, 16.223695690562593], [74.71835104781492, 16.226405249347028]]], [[[74.69870268575498, 16.22547425297244], [74.698699935812, 16.22728227200018], [74.70057134625935, 16.227284920709916], [74.70057407912273, 16.225476901371273], [74.69870268575498, 16.22547425297244]]], [[[74.71554004556523, 16.22911353775783], [74.71741147613254, 16.22911603824131], [74.71741018627345, 16.230020048996614], [74.71834590595066, 16.230021293122295], [74.71834847704562, 16.228213271388668], [74.71741276590991, 16.228212027409008], [74.71741405560562, 16.22730801649969], [74.71647834882194, 16.227306768467468], [74.71554004556523, 16.22911353775783]]], [[[74.7595154529712, 16.231879976971285], [74.76232264802684, 16.23188314028642], [74.76232373301916, 16.230979126453892], [74.76045337158864, 16.230073008041447], [74.7595154529712, 16.231879976971285]]], [[[74.70243868273218, 16.229999581811352], [74.7024400409251, 16.22909557225709], [74.70056861304975, 16.22909293974052], [74.70056451258618, 16.23180496770877], [74.70150023929406, 16.23180628626216], [74.70243324910022, 16.233615619258142], [74.70524045562864, 16.23361953823743], [74.70524180134984, 16.23271552876135], [74.70430607002675, 16.23271422663856], [74.7043087697566, 16.23090620760812], [74.70243868273218, 16.229999581811352]]], [[[74.75670714784965, 16.2327807898967], [74.7585775170587, 16.233686941217375], [74.7595154529712, 16.231879976971285], [74.75764398994794, 16.23187784746031], [74.75764509629774, 16.23097383393834], [74.75670936916255, 16.230972763055433], [74.75670714784965, 16.2327807898967]]], [[[74.70992045923813, 16.23272197747035], [74.70898472749168, 16.232720695982554], [74.70804632993418, 16.234527429698357], [74.71272503180529, 16.234533817251783], [74.71366600135893, 16.23091904161486], [74.71085883099678, 16.230915234741293], [74.70992045923813, 16.23272197747035]]], [[[74.74828208209244, 16.235483003056046], [74.74828438073109, 16.23367497782969], [74.74454142423072, 16.233670503687506], [74.74454025785863, 16.234574516076687], [74.74173066983919, 16.23637914108243], [74.74172831093868, 16.238187164922834], [74.74640827058434, 16.237288798634804], [74.7464094286318, 16.23638478634493], [74.74828208209244, 16.235483003056046]]], [[[74.73798527106125, 16.23818257386978], [74.7370495112806, 16.23818141578525], [74.73705071213497, 16.23727740424078], [74.73517920134871, 16.237275075822797], [74.73517557291585, 16.239987109815367], [74.73330403679415, 16.239984764471696], [74.73330525489612, 16.239080753355434], [74.7323694912247, 16.239079574559266], [74.73236826884883, 16.239983585606392], [74.7314325009809, 16.239982402612107], [74.73143004744848, 16.24179042433646], [74.73330160035889, 16.2417927864731], [74.73330281861509, 16.24088877551092], [74.73798168086368, 16.240894608244766], [74.73798287767197, 16.239990596863482], [74.73891864607589, 16.23999175095487], [74.73891506824708, 16.242703785070674], [74.74078663092773, 16.242706081270438], [74.74078781506341, 16.2418020698409], [74.74172359224158, 16.241803211679247], [74.74172831093868, 16.238187164922834], [74.74079255085664, 16.23818602335233], [74.74079373461758, 16.2372820115376], [74.73798646764227, 16.237278562257377], [74.73798527106125, 16.23818257386978]]], [[[74.72768072186703, 16.246305702072263], [74.72674492446536, 16.246304497938937], [74.72767823303795, 16.248113722157818], [74.73142145763877, 16.24811849794437], [74.73142268498744, 16.24721448766016], [74.73329428920229, 16.24721685062796], [74.73329794512763, 16.244504818897312], [74.72955478831787, 16.24450007727213], [74.7295535526512, 16.245404087648055], [74.72768196616344, 16.245401691913873], [74.72768072186703, 16.246305702072263]]], [[[74.69678697830098, 16.254399850527612], [74.69959447826048, 16.254403849186136], [74.69959722487468, 16.252595834626675], [74.69772695699176, 16.251689166059638], [74.69772557525975, 16.25259317329908], [74.69678975058326, 16.252591836436814], [74.69678697830098, 16.254399850527612]]], [[[74.72111994500692, 16.253529260892968], [74.7192495663983, 16.252622780610196], [74.71924571587141, 16.25533480707155], [74.7211173950211, 16.255337278746435], [74.72111994500692, 16.253529260892968]]], [[[74.69959310482305, 16.25530785635018], [74.70240061839974, 16.255311818045673], [74.70240469994799, 16.25259979562572], [74.70146887483712, 16.25259847942502], [74.69959310482305, 16.25530785635018]]], [[[74.7248607542862, 16.255342172499258], [74.72766827457153, 16.255345799416496], [74.72767076466067, 16.25353778056442], [74.72486327004538, 16.253534154072252], [74.7248607542862, 16.255342172499258]]], [[[74.7276670294088, 16.256249808726867], [74.72860287394055, 16.25625100950347], [74.7286041148245, 16.255347000122732], [74.72766827457153, 16.255345799416496], [74.7276670294088, 16.256249808726867]]], [[[74.70707579127374, 16.258030361082625], [74.70801164256837, 16.258031652943522], [74.70800897194522, 16.259839667957255], [74.71081655201267, 16.2598435191885], [74.71081919695787, 16.258035503723516], [74.7098833454107, 16.25803422426397], [74.70895015567456, 16.256224925197465], [74.70707847011731, 16.256222345911723], [74.70707579127374, 16.258030361082625]]], [[[74.71268827247631, 16.25984606600464], [74.7126869584384, 16.26075007377063], [74.71362282307508, 16.26075134105153], [74.71362020331087, 16.26255935650054], [74.71736498972814, 16.261660376887544], [74.71736886764077, 16.258948352483262], [74.71362544250796, 16.258943325293934], [74.71362413283293, 16.259847333211297], [74.71268827247631, 16.25984606600464]]], [[[74.79607963938868, 16.163212776289015], [74.79701504963792, 16.163213669904916], [74.79701781692688, 16.160501604331067], [74.79421162461269, 16.160498911633752], [74.79607963938868, 16.163212776289015]]], [[[74.83630456138742, 16.160535420237515], [74.8372399611605, 16.160536137060447], [74.83724144021927, 16.15872808889271], [74.83349987541247, 16.158725197294824], [74.83162603298183, 16.162339821852825], [74.82881980916848, 16.162337584856488], [74.82975212195319, 16.165954428054107], [74.83162373723547, 16.16505189229855], [74.83162144105157, 16.167763962054202], [74.83349230819137, 16.167765433363446], [74.83443150478567, 16.163246045562694], [74.8353669172163, 16.16324677072938], [74.8353684135607, 16.16143872319097], [74.83630381753704, 16.161439444164177], [74.83630456138742, 16.160535420237515]]], [[[74.79420788376642, 16.164114998277693], [74.79420601298679, 16.16592304113955], [74.79514143587264, 16.165923943131794], [74.79514236704034, 16.16501992168609], [74.79607778573353, 16.165020819516233], [74.79607963938868, 16.163212776289015], [74.7932734089953, 16.163210070790356], [74.79327246944335, 16.164114092282954], [74.79420788376642, 16.164114998277693]]], [[[74.82975212195319, 16.165954428054107], [74.82788127221356, 16.165952924044067], [74.82788048981041, 16.166856947119776], [74.82975057410624, 16.16776247430598], [74.82975212195319, 16.165954428054107]]], [[[74.81196280929274, 16.183115886588233], [74.81383297173994, 16.1840215530749], [74.81383381894629, 16.183117532152096], [74.81476932385385, 16.18311834876327], [74.81477185238019, 16.180406285390195], [74.81383636024273, 16.18040546892315], [74.81383551319769, 16.181309490076217], [74.81196452057148, 16.181307844705987], [74.81196280929274, 16.183115886588233]]], [[[74.8316061219752, 16.18584440944912], [74.83160535551073, 16.18674843101311], [74.83347640137619, 16.186749904141895], [74.83347564337978, 16.18765392571578], [74.83441117064314, 16.187654656150894], [74.83441267807144, 16.185846612840436], [74.8334771593245, 16.18584588249125], [74.83347791722471, 16.184941860763843], [74.8316061219752, 16.18584440944912]]], [[[74.7904385836439, 16.190327934871952], [74.79324519646697, 16.190330682193558], [74.7932470789741, 16.188522643582573], [74.79137697041556, 16.187616797052325], [74.79137602073443, 16.18852081636553], [74.79044049170484, 16.188519896584108], [74.7904385836439, 16.190327934871952]]], [[[74.82224527379603, 16.192164943564634], [74.82318082176005, 16.192165723609882], [74.82317921141974, 16.193973764782303], [74.82505112121638, 16.1930712920672], [74.82411717060901, 16.191262478791838], [74.82224608314924, 16.19126092290911], [74.82224527379603, 16.192164943564634]]], [[[74.78201378556514, 16.19483956254341], [74.78201279279469, 16.195743580690266], [74.78388391796378, 16.19574549111104], [74.78388687052355, 16.193033436103068], [74.78201577091711, 16.193031526019244], [74.78201477827261, 16.193935544319743], [74.78107922430355, 16.19393458304661], [74.78107822733564, 16.194838601213768], [74.78201378556514, 16.19483956254341]]], [[[74.82317679552615, 16.196685825964916], [74.82224122625965, 16.19668504569031], [74.82223879712157, 16.199397106044], [74.8231743791728, 16.19939788645623], [74.82317276801513, 16.201205926399656], [74.82410835864196, 16.20120670278494], [74.82410996127513, 16.199398662750248], [74.82504554342827, 16.19939943492606], [74.82411396696874, 16.19487856131918], [74.82317840617296, 16.19487778525331], [74.82317679552615, 16.196685825964916]]], [[[74.7717174497131, 16.199348848276014], [74.77265302860418, 16.199349851069794], [74.7726540642444, 16.198445833806414], [74.7698473405546, 16.198442813248214], [74.76984524363698, 16.200250847343], [74.77171640974512, 16.200252865403602], [74.7717174497131, 16.199348848276014]]], [[[74.83440212205518, 16.198502909563967], [74.83440136769521, 16.199406930182516], [74.83346578504877, 16.199406199188843], [74.83346350889464, 16.20211826045466], [74.83439910432828, 16.202118991577247], [74.83439759517776, 16.203927032122923], [74.8372044073432, 16.20392920103192], [74.83720589091526, 16.20212116023132], [74.83627029533886, 16.202120441465578], [74.83627402475655, 16.197600338330872], [74.83440212205518, 16.198502909563967]]], [[[74.82597557520756, 16.20572834239427], [74.8241051527658, 16.204822781932336], [74.82410194607642, 16.2084388598502], [74.8259731957, 16.208440400989023], [74.82597557520756, 16.20572834239427]]], [[[74.82409873857381, 16.21205493653829], [74.82597002231923, 16.212056478039298], [74.82690724252745, 16.21024920414618], [74.8250359757432, 16.210247671068494], [74.82503677332835, 16.209343651812645], [74.82410114427704, 16.209342879137527], [74.82409873857381, 16.21205493653829]]], [[[74.77825336658664, 16.211108003312674], [74.77638209723303, 16.211106041526698], [74.77544441506166, 16.2129130871], [74.77825134458952, 16.21291603630737], [74.77825336658664, 16.211108003312674]]], [[[74.78105827469413, 16.212918948418675], [74.77918698789401, 16.212917011132923], [74.77918497417305, 16.21472504393452], [74.78012062607384, 16.214726014752326], [74.7801196233843, 16.215630031094783], [74.7810552796153, 16.215630997847093], [74.78105627803818, 16.21472698144786], [74.78292758215642, 16.214728902472114], [74.78292956174735, 16.21292086921728], [74.78199391818924, 16.212919910878874], [74.78199491215646, 16.212015894192398], [74.7810592729272, 16.212014931788733], [74.78105827469413, 16.212918948418675]]], [[[74.76327782235471, 16.215611924604747], [74.76514913251445, 16.21561400239695], [74.76608692100716, 16.213807004108855], [74.76702256772357, 16.21380803257791], [74.76795609826243, 16.21561708816655], [74.76982740909683, 16.21561912473381], [74.76983055776536, 16.212907077397237], [74.77076620048335, 16.212908089318802], [74.77076724564067, 16.21200407332669], [74.76889596880285, 16.2120020454809], [74.76889702242504, 16.211098029530998], [74.76796138837172, 16.211097009485734], [74.76796033048397, 16.212001025375713], [74.76515341593078, 16.21199794033099], [74.76515555723174, 16.210189908836554], [74.76328429826349, 16.210187831776494], [74.76328213990087, 16.211995863026882], [74.76421777788175, 16.211996903739696], [74.76421670286365, 16.212900919310663], [74.76047413428836, 16.212896731484307], [74.7595341062332, 16.216511734505705], [74.76234108355287, 16.21651489466571], [74.76233783166734, 16.219226939626527], [74.76327350371396, 16.219227984951868], [74.76327458347676, 16.218323969980485], [74.76514591923956, 16.218326048138763], [74.76327782235471, 16.215611924604747]]], [[[74.78479888652559, 16.214730807007268], [74.7857345388036, 16.214731753091428], [74.78573551583125, 16.21382773633504], [74.78386421987021, 16.21382584015581], [74.78386224868687, 16.215633873368933], [74.78479790516936, 16.215634823631177], [74.78479888652559, 16.214730807007268]]], [[[74.82503278489702, 16.213863747323185], [74.82503039123145, 16.21657580370695], [74.82596605446166, 16.216576572622422], [74.82783973633782, 16.21386604129697], [74.82503278489702, 16.213863747323185]]], [[[74.78666824543606, 16.216540728446], [74.78760390637126, 16.216541666395766], [74.78854149600808, 16.214734566610236], [74.7857345388036, 16.214731753091428], [74.78666824543606, 16.216540728446]]], [[[74.79134369571176, 16.219257427298324], [74.79321504385551, 16.219259258169913], [74.793217873262, 16.21654720751626], [74.79228221196257, 16.216546294303097], [74.79228315924547, 16.215642277318352], [74.79041184536085, 16.215640438631706], [74.79040897772872, 16.218352489031265], [74.79134464744253, 16.21835341059819], [74.79134369571176, 16.219257427298324]]], [[[74.82877070154267, 16.219290910861197], [74.82783659588482, 16.217482116860488], [74.82596526073925, 16.217480591308377], [74.82596367314355, 16.219288628449593], [74.82315664519716, 16.219286308926158], [74.82315422501131, 16.221998363652585], [74.82502560253494, 16.221999914398204], [74.82689934922665, 16.219289393376997], [74.82877070154267, 16.219290910861197]]], [[[74.79789249334124, 16.220167780182894], [74.79602206651873, 16.219261973551063], [74.79601927498906, 16.221974023990757], [74.79789064933625, 16.2219758139426], [74.79789249334124, 16.220167780182894]]], [[[74.8081832123646, 16.22198536379501], [74.80724752453395, 16.221984516247797], [74.80724664513234, 16.222888533523154], [74.81098941386198, 16.222891899164104], [74.81099027618812, 16.22198788169117], [74.81005458819196, 16.22198704651669], [74.81005632121729, 16.220179011438123], [74.80912064181292, 16.220178172237947], [74.8081832123646, 16.22198536379501]]], [[[74.81191909825839, 16.229220850761013], [74.81191995669624, 16.22831683377786], [74.81472711083694, 16.228319303197505], [74.81472795640896, 16.22741528599247], [74.81753676358305, 16.225609683209495], [74.81847661022422, 16.221090396680644], [74.81660524196288, 16.221088788289865], [74.81660607856982, 16.22018477037399], [74.81286335975867, 16.22018150429608], [74.81286250607842, 16.22108552202019], [74.81192682224186, 16.221084695142757], [74.81192510618163, 16.222892730263123], [74.81098941386198, 16.222891899164104], [74.81098768904576, 16.224699933879183], [74.8100519882422, 16.22469909855762], [74.81004852087383, 16.228315166868388], [74.81191909825839, 16.229220850761013]], [[74.81473218346572, 16.222895198813248], [74.81473133816147, 16.22379921640296], [74.81379564141038, 16.223798397629352], [74.81379394210215, 16.22560643248185], [74.81285823686582, 16.225605609486895], [74.81285994471314, 16.223797574731], [74.81192424806997, 16.22379674770792], [74.81192510618163, 16.222892730263123], [74.81473218346572, 16.222895198813248]]], [[[74.83437947044011, 16.225623494689007], [74.83531517684598, 16.225624222803695], [74.83531592832414, 16.22472020437169], [74.83438022618796, 16.22471947629974], [74.83437947044011, 16.225623494689007]]], [[[74.76794233613164, 16.227369283735943], [74.77074946895601, 16.227372334730777], [74.77075051517342, 16.226468319969623], [74.7698148084355, 16.22646730715644], [74.76981690921102, 16.224659277522125], [74.76794445412033, 16.225561254494792], [74.76794233613164, 16.227369283735943]]], [[[74.78197999603243, 16.225576136413302], [74.7838543614548, 16.222866003144677], [74.78198298039146, 16.22286408935387], [74.78198397505176, 16.221960073513504], [74.7782412307587, 16.221956196666078], [74.77824224243018, 16.221052180976375], [74.7754351976881, 16.221049230209893], [74.77543417321097, 16.22195324572635], [74.7726271162474, 16.221950257668816], [74.77262192884781, 16.22647033321978], [74.77168622197762, 16.22646932865741], [74.77074842267233, 16.228276349414973], [74.77168413801712, 16.228277358221163], [74.7716820537926, 16.23008538747703], [74.77261777774507, 16.230086392275254], [74.77261673980506, 16.230990406846693], [74.77542392486949, 16.230993396658537], [74.77636169499989, 16.22918635532253], [74.7754259750571, 16.22918536708781], [74.77449231364834, 16.227376344964824], [74.77823515938366, 16.227380289188417], [74.77916683919636, 16.230997325301608], [74.78010256793837, 16.2309982971458], [74.78010156410478, 16.23190231210325], [74.78290876352568, 16.231905203045702], [74.78291074550093, 16.230097172714572], [74.78197502084029, 16.230096213306563], [74.78197900112005, 16.226480151945875], [74.78104329360475, 16.22647918863764], [74.78104429278706, 16.22557517316161], [74.78197999603243, 16.225576136413302]]], [[[74.83157158290518, 16.226525303776175], [74.83063587242246, 16.226524559116825], [74.8306335535019, 16.229236613072104], [74.83437795880077, 16.227431531236757], [74.83437947044011, 16.225623494689007], [74.83157235151083, 16.225621285593498], [74.83157158290518, 16.226525303776175]]], [[[74.80162706242228, 16.22830746154186], [74.79975471387709, 16.229209720191783], [74.79975288578824, 16.231017752620826], [74.8044315367519, 16.231022116644674], [74.80443510728045, 16.227406050454455], [74.80256458192174, 16.226500300993468], [74.80162706242228, 16.22830746154186]]], [[[74.76232698758386, 16.228267084494384], [74.76232481794275, 16.230075112544366], [74.76606771147337, 16.23007927203385], [74.76606984694786, 16.228271243495705], [74.76700556195858, 16.228272272931328], [74.76700662532399, 16.227368258486372], [74.76232698758386, 16.228267084494384]]], [[[74.7847821950102, 16.23009907915142], [74.78384647022432, 16.230098127996193], [74.78384449679187, 16.231906158439436], [74.78665169696427, 16.23190899985938], [74.78665267089713, 16.231004984509525], [74.78758840014011, 16.23100592334066], [74.78665461857786, 16.229196953578896], [74.7847831773617, 16.229195063758524], [74.7847821950102, 16.23009907915142]]], [[[74.79881623736529, 16.231920883483223], [74.79788050313175, 16.231919994119647], [74.79787865760773, 16.233728025878627], [74.7988144003852, 16.233728915346568], [74.79881531890432, 16.232824899453384], [74.80068679608925, 16.23282666590348], [74.79975288578824, 16.231017752620826], [74.79881715576809, 16.231016867436093], [74.79881623736529, 16.231920883483223]]], [[[74.83343996327214, 16.230142853026504], [74.83343844261111, 16.231950888718867], [74.83437417886458, 16.231951621259668], [74.8343734227337, 16.232855639033396], [74.83250194173118, 16.23285416973866], [74.83250117700815, 16.233758187349224], [74.83156543230726, 16.23375744646762], [74.83156389417086, 16.235565481370912], [74.83530690744422, 16.235568420477637], [74.83530765944607, 16.234664402892058], [74.83624340861145, 16.234665127306478], [74.83531141874113, 16.23014431380972], [74.83343996327214, 16.230142853026504]]], [[[74.80349311513949, 16.233733300775565], [74.80068588611432, 16.23373068190031], [74.80068406599156, 16.23553871366303], [74.79974831455306, 16.235537832346445], [74.79974740013233, 16.236441848060625], [74.80161891161279, 16.23644360666909], [74.80161981748769, 16.235539590851747], [74.80442707231914, 16.23554219765069], [74.80442796531877, 16.234638181603437], [74.80536371277006, 16.234639042230192], [74.80536549005524, 16.232831009803775], [74.80349401229815, 16.232829284625087], [74.80349311513949, 16.233733300775565]]], [[[74.79413568708496, 16.233724426733087], [74.7922642021796, 16.233722602396075], [74.79226325369578, 16.234626617841897], [74.79319900039094, 16.234627532127725], [74.79319805611969, 16.2355315475502], [74.79413380714726, 16.235532457761817], [74.79413192697149, 16.23734048848259], [74.79693735127601, 16.239151225398032], [74.7969419877667, 16.2346311479949], [74.79600624083402, 16.234630250219528], [74.79507236523455, 16.232821317027547], [74.79413662696453, 16.232820411103248], [74.79413568708496, 16.233724426733087]]], [[[74.82314050193436, 16.23736666068987], [74.8222047406414, 16.23736587835059], [74.82220555256345, 16.236461861539382], [74.82501282377586, 16.236464196035143], [74.82501442182894, 16.234656161907896], [74.82969238782526, 16.235563987050142], [74.82969394305182, 16.233755952322173], [74.82875819849782, 16.233755199058333], [74.82875898030939, 16.232851181623086], [74.82220798802116, 16.233749810643896], [74.82220717625331, 16.234653827686028], [74.82127142783057, 16.23465304135678], [74.82126897939983, 16.237365091882943], [74.82033321820994, 16.23736430128691], [74.82033239768955, 16.23826831792863], [74.81846086691894, 16.238266724257976], [74.81845837940199, 16.24097877344075], [74.81939415758323, 16.240979572480963], [74.8203315771172, 16.23917233449336], [74.82313888648329, 16.239174694173116], [74.82314050193436, 16.23736666068987]]], [[[74.81752510161222, 16.238265921229736], [74.81846086691894, 16.238266724257976], [74.81846169598627, 16.237362707709742], [74.81752593495303, 16.2373619047286], [74.81752510161222, 16.238265921229736]]], [[[74.80255286406394, 16.238252511287303], [74.80161709969092, 16.238251638072796], [74.80161800568054, 16.23734762240944], [74.79974648565371, 16.23734586369781], [74.79974282716027, 16.240961925476597], [74.80255015857293, 16.240964557969047], [74.80255286406394, 16.238252511287303]]], [[[74.81658682319726, 16.24097716297231], [74.81658766097063, 16.2400731467495], [74.81284456629683, 16.240069876452374], [74.81284542111321, 16.239165860344364], [74.81378119042715, 16.23916668406397], [74.81378289135034, 16.237358651520342], [74.81284713058359, 16.237357827897355], [74.811913087671, 16.235548967488164], [74.81097733555886, 16.235548135706047], [74.81097474595762, 16.23826018443095], [74.8091032162584, 16.238258508188125], [74.80910147248886, 16.24006654008979], [74.80722992591497, 16.240064847133976], [74.80722904539886, 16.240968862870016], [74.8062932679211, 16.24096801014847], [74.80629415271149, 16.24006399446244], [74.80348683343819, 16.240061411673334], [74.80348503815502, 16.241869442665436], [74.80909972849854, 16.24187457168346], [74.80909885642056, 16.242778587364775], [74.8147135744001, 16.242783568010303], [74.81471272791745, 16.24368758390668], [74.81658430955896, 16.243689211178722], [74.81658514749142, 16.24278519518693], [74.8184575501247, 16.241882789681014], [74.81845837940199, 16.24097877344075], [74.81658682319726, 16.24097716297231]]], [[[74.85594927518484, 16.15874156112166], [74.8559479661309, 16.160549610876817], [74.85688336683405, 16.16055024143546], [74.85688271649524, 16.161454266235214], [74.86062497005722, 16.16055272259169], [74.85875609363268, 16.15783941514942], [74.85688531760263, 16.157838166576326], [74.85688466738776, 16.158742191606013], [74.85594927518484, 16.15874156112166]]], [[[74.86062497005722, 16.16055272259169], [74.86062370334362, 16.162360772406874], [74.85968829397545, 16.16236015820721], [74.85968765630722, 16.16326418296365], [74.86342931102457, 16.16326661525563], [74.86342993168849, 16.162362590355933], [74.864365341216, 16.16236318812231], [74.86436657392419, 16.160555138022545], [74.86062497005722, 16.16055272259169]]], [[[74.84378776087267, 16.160541039802098], [74.84378705102644, 16.161445064059798], [74.84191624237808, 16.161443683734255], [74.8409793927889, 16.163251035450173], [74.84565645703114, 16.163254476399214], [74.84565715846544, 16.162350452214483], [74.8465925671976, 16.162351128038843], [74.84565856120038, 16.16054240361505], [74.84378776087267, 16.160541039802098]]], [[[74.89616834290302, 16.164189119621707], [74.89616787096749, 16.165093145456463], [74.89710329445906, 16.16509359951134], [74.89804103484714, 16.160573919250684], [74.89617023034538, 16.160573015516196], [74.89616928668416, 16.162381067722233], [74.8952338759767, 16.162380609639236], [74.89523292369309, 16.16418866148474], [74.89616834290302, 16.164189119621707]]], [[[74.89710329445906, 16.16509359951134], [74.89710235900215, 16.166901651004387], [74.89897276381426, 16.167806572576723], [74.89897322308235, 16.16690254689243], [74.89990865516636, 16.166902988672117], [74.89990956511093, 16.165094937021525], [74.89710329445906, 16.16509359951134]]], [[[74.86903822253963, 16.168694289470757], [74.86810398229164, 16.166885662704633], [74.87091027534105, 16.16688738256029], [74.8709120356422, 16.164175307726403], [74.86997661734378, 16.164174738651276], [74.86904000857905, 16.1659822152987], [74.86810458185248, 16.165981637937943], [74.86810638030644, 16.163269563177906], [74.86717096637283, 16.163268981810585], [74.8671703626749, 16.164173006773012], [74.86529952642029, 16.164171831643454], [74.86529523992678, 16.170500003749343], [74.86435979209064, 16.170499409776568], [74.86435855852083, 16.172307458189625], [74.86716492766759, 16.172309227984822], [74.86810158366751, 16.170501761004658], [74.86997247968554, 16.170502911955683], [74.86997366206134, 16.1686948628235], [74.86903822253963, 16.168694289470757]]], [[[74.89149026073966, 16.165994839166807], [74.89242568833053, 16.165995313794983], [74.89242617730372, 16.165091288146257], [74.89055533065712, 16.16509033483673], [74.89055582810253, 16.16418630916749], [74.88868448413692, 16.16508936509093], [74.88868246002073, 16.168705466772842], [74.88774701979943, 16.16870497562067], [74.88774599904221, 16.170513025943777], [74.88681055034708, 16.170512530623235], [74.88681003566631, 16.171416555640615], [74.88868094159606, 16.171417542229253], [74.88868144776976, 16.17051351715379], [74.89055284295605, 16.169610462033017], [74.8905543356715, 16.166898385945238], [74.89148976748324, 16.166898864710923], [74.89149026073966, 16.165994839166807]]], [[[74.84097650157126, 16.166867130611752], [74.84004107185254, 16.166866429931265], [74.84004034468093, 16.167770453488707], [74.83629860926096, 16.167767609504196], [74.83629786503245, 16.168671632817496], [74.83723330306991, 16.168672350020483], [74.83723182297724, 16.170480396501464], [74.84003816288897, 16.17048252370094], [74.84003889019915, 16.169578500373554], [74.84191049395669, 16.1686758743855], [74.84191264995705, 16.16596380346632], [74.84097722444456, 16.165963106936363], [74.84097650157126, 16.166867130611752]]], [[[74.87371484636371, 16.169601139871286], [74.87371427217003, 16.17050516453166], [74.87464972038299, 16.170505717399386], [74.87465086022763, 16.168697667936865], [74.87558629997055, 16.168698216629462], [74.87558686558587, 16.167794191750872], [74.8727805592241, 16.167792533440647], [74.87277940244046, 16.169600582925845], [74.87371484636371, 16.169601139871286]]], [[[74.89897138583493, 16.170518649169594], [74.89990683493038, 16.17051909105334], [74.90084138227068, 16.17232757960868], [74.90364775533655, 16.172328868416916], [74.90177862637097, 16.16871191134937], [74.89897230451699, 16.168710598184344], [74.89897138583493, 16.170518649169594]]], [[[74.8793275106595, 16.16960439522832], [74.87652117835115, 16.16960278604601], [74.87558460290906, 16.171410290805156], [74.87652005544767, 16.171410835483925], [74.87651949394244, 16.172314860087855], [74.87839040763396, 16.17231593717655], [74.87838985460121, 16.1732199617672], [74.88213169941974, 16.173222066736543], [74.88213223543623, 16.172318042021985], [74.88306769247255, 16.17231855795585], [74.88306928755722, 16.16960648326094], [74.88026295483235, 16.169604923401884], [74.88026241041145, 16.170508948285022], [74.87932696198536, 16.17050842008036], [74.8793275106595, 16.16960439522832]]], [[[74.93732310936329, 16.175957552090996], [74.93732339444296, 16.175053526228567], [74.93638792313156, 16.175053248684577], [74.93638850174561, 16.173245196762323], [74.93077572532653, 16.173243445357773], [74.92984153876952, 16.169627034787467], [74.92516431081205, 16.169625442042577], [74.9251629496271, 16.173241545947565], [74.92235656206549, 16.173240540740366], [74.92422645320504, 16.175953292054917], [74.92516192851144, 16.175953623071166], [74.92516260927682, 16.174145571732122], [74.92703354293515, 16.174146221352164], [74.92703321107253, 16.17505024709827], [74.92796868218807, 16.175050565759786], [74.92796802690972, 16.176858617059445], [74.93264542534446, 16.176860148871054], [74.93264511895134, 16.17776417449599], [74.93545157101413, 16.17776504428731], [74.9354518646409, 16.176861018611177], [74.93638734444401, 16.176861300300075], [74.9363870550727, 16.177765325992784], [74.93825802324469, 16.177765877066303], [74.93825858494769, 16.17595782553932], [74.93732310936329, 16.175957552090996]]], [[[74.86997011448338, 16.17411900929981], [74.87090557956456, 16.174119578743646], [74.87090675373234, 16.17231153015792], [74.86716492766759, 16.172309227984822], [74.86716311530805, 16.175021300341765], [74.86996952308897, 16.175023033444106], [74.86997011448338, 16.17411900929981]]], [[[74.92328958208576, 16.179569058527598], [74.92422507439261, 16.179569393734738], [74.9242257638426, 16.17776134304823], [74.92235479627443, 16.17776066860037], [74.92235373653072, 16.180472744395985], [74.92328923307169, 16.180473083736057], [74.92328958208576, 16.179569058527598]]], [[[74.90271097025503, 16.17504051867571], [74.90271185519293, 16.17323246825205], [74.8989695481207, 16.174134750219935], [74.89896725032148, 16.178654874807297], [74.90270920004205, 16.178656618602677], [74.90270875741857, 16.179560643392662], [74.90457974096047, 16.179561490663975], [74.9045810432124, 16.176849415914337], [74.90738663782295, 16.178658705811014], [74.90644731884323, 16.186794517831363], [74.9073828447675, 16.18679492726436], [74.90831753604014, 16.188603380997943], [74.91205967417474, 16.1886049613074], [74.91299718881639, 16.184085223904205], [74.91393270214866, 16.18408560446581], [74.9148689903186, 16.1822779314102], [74.91674000007751, 16.182278671875462], [74.91673924229347, 16.184086721465647], [74.91954578265474, 16.18408780143799], [74.91954541649946, 16.18499182618153], [74.9186098987645, 16.184991470283983], [74.91860804634744, 16.189511592745934], [74.91954358537447, 16.189511948748173], [74.91954321907976, 16.19041597303126], [74.91767175769378, 16.19131928103327], [74.91767100794854, 16.19312732913143], [74.91954212005615, 16.193128045419993], [74.91954175366847, 16.194032069396037], [74.92328399520169, 16.19403345265545], [74.92328434454814, 16.19312942859807], [74.92421990072721, 16.193129764101116], [74.92422128085288, 16.189513667025054], [74.92328574171233, 16.18951333160092], [74.92328609094797, 16.188609307159744], [74.92422162582956, 16.188609642564153], [74.92422231571727, 16.18680159341212], [74.92141573669059, 16.18680057497258], [74.92141645203883, 16.184992525633405], [74.9223519698427, 16.18499286918772], [74.92328818589654, 16.183185158901168], [74.91954614878678, 16.18318377661772], [74.91954651489559, 16.182279751720728], [74.92141788246292, 16.181376426034298], [74.92141859753877, 16.179568375774434], [74.91767662871932, 16.179566960912624], [74.91767587959234, 16.18137501100596], [74.91674037893347, 16.18137464696528], [74.91580564445117, 16.179566228803974], [74.91393466028028, 16.179565480243507], [74.91393426870367, 16.180469505241398], [74.91019105767687, 16.183180032934384], [74.91019310081462, 16.178659908783516], [74.91206407627253, 16.178660690201625], [74.91206607621017, 16.174140563903148], [74.91300154270151, 16.174140948329992], [74.91393622633815, 16.175949379484848], [74.91580755940697, 16.17504610244366], [74.91580870808868, 16.172334025707148], [74.91487325003123, 16.17233365365862], [74.91393857467936, 16.170525226046088], [74.9130031251787, 16.170524845820292], [74.9130027295971, 16.171428871562735], [74.91019636848633, 16.171427706153544], [74.90926173999966, 16.169619258084627], [74.90739084978803, 16.169618452464608], [74.90739000760897, 16.171426503747373], [74.90645455403629, 16.17142609472377], [74.90738916532293, 16.173234554723418], [74.90551781149695, 16.174137757793236], [74.90551695203142, 16.175945808212354], [74.90177505303727, 16.175944114068592], [74.90177549980326, 16.175040088997093], [74.90271097025503, 16.17504051867571]], [[74.91018983148295, 16.18589210650422], [74.90738326632511, 16.185890902965355], [74.90738410936008, 16.18408285413712], [74.90925513574139, 16.184083660516137], [74.9092555487041, 16.183179635939485], [74.91019105767687, 16.183180032934384], [74.91018983148295, 16.18589210650422]], [[74.90832462743023, 16.173234959683928], [74.90832421050146, 16.17413898508077], [74.91113060974422, 16.174140175364805], [74.90925843870912, 16.176851461754776], [74.90832295955627, 16.176851060811135], [74.90832379354622, 16.175043010400916], [74.9073883229299, 16.175042605392733], [74.90738916532293, 16.173234554723418], [74.90832462743023, 16.173234959683928]]], [[[74.92703055541305, 16.18228245030601], [74.92796606057543, 16.182282769117588], [74.92796573278022, 16.183186794192117], [74.92983675168122, 16.18318741951099], [74.92983707096228, 16.182283394399672], [74.92890156575858, 16.18228308381547], [74.92890221277325, 16.180475033399226], [74.92796671610341, 16.18047471873837], [74.92703055541305, 16.18228245030601]]], [[[74.83627849849681, 16.192176212034532], [74.83814885896233, 16.193081665846044], [74.83815033288596, 16.191273623118022], [74.83908587742188, 16.191274333144786], [74.83908661005412, 16.190370311623845], [74.8372155295479, 16.19036888753803], [74.837216270652, 16.189464866024057], [74.83628073472845, 16.189464147849684], [74.83627849849681, 16.192176212034532]]], [[[74.8400221503771, 16.190371017493046], [74.84002069358526, 16.19217906054117], [74.84189107146254, 16.193084481587963], [74.8428280560277, 16.19127713209138], [74.84189251130746, 16.191276438528796], [74.84189323116141, 16.19037241688405], [74.8400221503771, 16.190371017493046]]], [[[74.83533920054107, 16.1966955948437], [74.83721034050258, 16.19669703598578], [74.8372133059535, 16.193080951619244], [74.83627775299169, 16.193080233275918], [74.83627849849681, 16.192176212034532], [74.8344074012353, 16.192174763083504], [74.83533920054107, 16.1966955948437]]], [[[74.85030900715782, 16.195802641278032], [74.8521808132552, 16.194899928886908], [74.8521821595543, 16.19309188526419], [74.84937549863808, 16.193089915478215], [74.84937481272911, 16.193993937212138], [74.85031037058495, 16.193994597962856], [74.85030900715782, 16.195802641278032]]], [[[74.8540492787672, 16.1985173082748], [74.85405127309622, 16.19580524341905], [74.8521801400416, 16.195803950583077], [74.85217879348627, 16.19761199374502], [74.8540492787672, 16.1985173082748]]], [[[74.85404329350304, 16.206653498694042], [74.85310901468557, 16.204844812178234], [74.85123711852323, 16.205747531155584], [74.85123644053307, 16.20665155189157], [74.85404329350304, 16.206653498694042]]], [[[74.8559138723161, 16.207558796810073], [74.85591518569763, 16.205750755036053], [74.85497957217841, 16.205750118499825], [74.85497891124442, 16.206654139387847], [74.85404329350304, 16.206653498694042], [74.85404262826282, 16.207557519467574], [74.8559138723161, 16.207558796810073]]], [[[74.85591124505338, 16.21117487943593], [74.85684688420258, 16.2111755120752], [74.85684884191669, 16.208463450109598], [74.85497758925071, 16.208462180933367], [74.854976928191, 16.209366201590857], [74.85404129765585, 16.20936556078411], [74.85404063228911, 16.210269581327097], [74.85591190193152, 16.21027085889475], [74.85591124505338, 16.21117487943593]]], [[[74.86245946579709, 16.21298726272358], [74.86152381787213, 16.21298665474122], [74.86152129200885, 16.21660273639978], [74.86432952451248, 16.21479650751851], [74.86433138033392, 16.21208444560945], [74.86246009289691, 16.212083242081054], [74.86245946579709, 16.21298726272358]]], [[[74.83720069758988, 16.2084493016887], [74.83626357940663, 16.21025662226749], [74.83719921335924, 16.21025734141345], [74.83906828030045, 16.212970826603925], [74.84187522110857, 16.21297293495976], [74.84187450011251, 16.21387695468384], [74.84093884886421, 16.213876255979383], [74.84093812355599, 16.214780275585547], [74.83906681266465, 16.214778865727528], [74.83906534484282, 16.2165869045436], [74.83812968093305, 16.216586193347556], [74.83812746604883, 16.21929825086969], [74.83999881952013, 16.219299669388835], [74.84093304511121, 16.221108410675836], [74.83906167447425, 16.221107000238177], [74.83906094026099, 16.22201101914638], [74.83625237766901, 16.223816909767223], [74.83718658980025, 16.225625666657358], [74.841865844595, 16.22472518537535], [74.84186656613952, 16.223821166574037], [74.84560935937095, 16.223823921949997], [74.84561006379307, 16.22291990291003], [74.84935284066184, 16.222922592131855], [74.85029126686078, 16.219307176410084], [74.85122694415678, 16.21930783412521], [74.85216397010151, 16.217500448243452], [74.85403530783664, 16.217501742903853], [74.85403597354085, 16.21659772297582], [74.85590730291014, 16.21659900106885], [74.85590664574052, 16.217503021071934], [74.85777798381096, 16.217504282747697], [74.85777733513481, 16.218408302747985], [74.85964868190483, 16.218409548004537], [74.85964932204584, 16.21750552793113], [74.86058499122426, 16.217506144338223], [74.85871558588875, 16.214792846828747], [74.85497229959952, 16.21569434404119], [74.85684623154847, 16.21207953257669], [74.85310365813996, 16.21207697714119], [74.85310566716292, 16.20936491585646], [74.85029877593986, 16.20936295634812], [74.85029945832385, 16.20845893588129], [74.84936383226716, 16.208458274508903], [74.84936108541068, 16.21207435575967], [74.8484254423365, 16.21207369011023], [74.84749118988354, 16.21026498002439], [74.8446842866511, 16.21026294622045], [74.84468357858827, 16.21116696629679], [74.84374794000148, 16.211166280079564], [74.84375007685065, 16.208454219740887], [74.84281445110436, 16.208453529523943], [74.8428137346016, 16.209357549673143], [74.84094247471586, 16.209356156795483], [74.84094609941843, 16.204836055690127], [74.84001049086586, 16.20483535327635], [74.8400097617535, 16.205739373609838], [74.83813779857317, 16.206641976513335], [74.83813632305959, 16.208450016629516], [74.83720069758988, 16.2084493016887]], [[74.85029672852836, 16.212075017287486], [74.85029468072752, 16.214787077535057], [74.85123033668708, 16.214787735057097], [74.85122965826703, 16.215691755024487], [74.84748493089685, 16.21840115901941], [74.84561569756352, 16.215687747821672], [74.84748701762244, 16.215689100046305], [74.84748771310947, 16.214785080234837], [74.84842336893844, 16.214785750123927], [74.84842475124762, 16.212977710191666], [74.85029672852836, 16.212075017287486]], [[74.84094174963745, 16.210260176785994], [74.84000611549828, 16.21025947412455], [74.8400068448418, 16.209355454175316], [74.84094247471586, 16.209356156795483], [74.84094174963745, 16.210260176785994]]], [[[74.88678425993946, 16.216617708659722], [74.88584859400237, 16.216617207728714], [74.8858470320556, 16.219329270714937], [74.88491135334874, 16.219328765572087], [74.88491082836569, 16.220232786384074], [74.88678219434864, 16.22023379260526], [74.88678271079543, 16.219329771734202], [74.88865457625138, 16.218426740395905], [74.88865508409754, 16.217522719312967], [74.88678374359084, 16.217521729761426], [74.88678425993946, 16.216617708659722]]], [[[74.89052592542198, 16.218427713512153], [74.89052642473297, 16.217523692372076], [74.88959075439931, 16.217523207904073], [74.88958924356783, 16.220235271008313], [74.89146011473645, 16.221140256928816], [74.89333294941451, 16.218429142261403], [74.89052592542198, 16.218427713512153]]], [[[74.87555400049006, 16.2202275078484], [74.87648968312021, 16.220228054259188], [74.8764908098768, 16.218420013114013], [74.87461946172436, 16.218418916297434], [74.87461774592722, 16.22113097770664], [74.87555343278983, 16.22113152827357], [74.87555400049006, 16.2202275078484]]], [[[74.90455843572443, 16.22385861376865], [74.90549413641074, 16.223859032438888], [74.90549327394204, 16.22566707441024], [74.90362185551848, 16.225666232846162], [74.90362141570309, 16.22657025366708], [74.90455712917111, 16.22657067653659], [74.90455669359815, 16.227474697305418], [74.90642812915729, 16.227475530716728], [74.90736638314816, 16.222051815029126], [74.90643069094565, 16.2220514046567], [74.90643026404854, 16.22295542585896], [74.90455887118702, 16.222954592692204], [74.90455843572443, 16.22385861376865]]], [[[74.89426621247915, 16.222949715368465], [74.89426573005517, 16.223853736158592], [74.89520143042314, 16.223854200201725], [74.89520047402272, 16.225662241605747], [74.89800853170777, 16.22385556758229], [74.89800667002444, 16.22747165040377], [74.89987810518785, 16.227472541575988], [74.89987856211232, 16.22656852093368], [74.90268570226293, 16.226569826672037], [74.90268614634834, 16.225665805876172], [74.90362185551848, 16.225666232846162], [74.9036231747975, 16.22295416992197], [74.89426621247915, 16.222949715368465]]], [[[74.90829998331637, 16.22657232675924], [74.90923569691964, 16.226572729001056], [74.90923528269819, 16.22747674989035], [74.91297815445213, 16.227478317694214], [74.91204404196472, 16.223861847635803], [74.90830082022032, 16.22476428479714], [74.90829998331637, 16.22657232675924]]], [[[74.91578453980108, 16.229287492091196], [74.9148488132081, 16.229287118662427], [74.91484803583663, 16.231095160175744], [74.91578377097211, 16.231095533648336], [74.91578338652111, 16.231999554311518], [74.91671912595261, 16.231999923679027], [74.91671950613194, 16.231095902994177], [74.91859097652357, 16.231096629305586], [74.91859134813605, 16.23019260850118], [74.91765561719973, 16.230192247430043], [74.91765674470851, 16.227480184618877], [74.91578530853265, 16.22747945022637], [74.91578453980108, 16.229287492091196]]], [[[74.91858986154494, 16.233808691257213], [74.919525609592, 16.233809048285625], [74.91952597700286, 16.232905027691068], [74.92139746462207, 16.232905729324273], [74.92139674686644, 16.234713770518777], [74.92233249925495, 16.234714115184957], [74.92233320846591, 16.232906073950012], [74.9232689523322, 16.232906414448507], [74.92326930263206, 16.23200239369565], [74.91952634439048, 16.232001007019576], [74.91952671175483, 16.231096986271154], [74.91859097652357, 16.231096629305586], [74.91858986154494, 16.233808691257213]]], [[[74.92513941473321, 16.235619144978415], [74.92513975655415, 16.234715124417143], [74.92233249925495, 16.234714115184957], [74.92045990487767, 16.237425482878184], [74.92420296575231, 16.23742685352865], [74.92420261959292, 16.238330873839587], [74.9251383891406, 16.23833120620056], [74.92513770530395, 16.240139246630555], [74.9288811427329, 16.23923651468654], [74.92888049304689, 16.24104455511372], [74.9298162755224, 16.241044866886064], [74.93075332311625, 16.237429093221472], [74.92888179233668, 16.237428473951514], [74.92794668504544, 16.235620117118078], [74.92513941473321, 16.235619144978415]]], [[[74.93075174169364, 16.24194919466345], [74.93075142534906, 16.24285321472095], [74.93168721641445, 16.242853518270042], [74.93168784053404, 16.241045478042476], [74.9298162755224, 16.241044866886064], [74.92981595492319, 16.24194888700249], [74.93075174169364, 16.24194919466345]]], [[[74.93168628008691, 16.245565578034093], [74.931686904325, 16.24375753826837], [74.92887951836362, 16.24375661517723], [74.92981467232339, 16.245564966698467], [74.93168628008691, 16.245565578034093]]], [[[74.92794174750533, 16.249180417157252], [74.92981338939887, 16.249181045162675], [74.92981371016045, 16.24827702566211], [74.9288778934802, 16.248276713743493], [74.92887821849801, 16.247372694184218], [74.92607078141135, 16.24737173369649], [74.92607044356394, 16.248275753199447], [74.92794207682053, 16.248276397693505], [74.92794174750533, 16.249180417157252]]], [[[74.92513291602297, 16.252795521018875], [74.92419707806152, 16.25279518834596], [74.92419742457163, 16.251891169266774], [74.92232575727054, 16.25189049156295], [74.92232504711629, 16.253698529564865], [74.91951752066568, 16.253697481893873], [74.91951678475019, 16.2555055194649], [74.9204526354346, 16.255505872862788], [74.92138776724985, 16.25731425947265], [74.92419534518211, 16.257315282586553], [74.92419569180184, 16.256411263892492], [74.92325983674806, 16.25641092700804], [74.92326053847941, 16.254602889428305], [74.92419638497553, 16.25460322627327], [74.92513291602297, 16.252795521018875]]], [[[74.92700359085458, 16.255508230915726], [74.92700258950859, 16.258220287171213], [74.93074636111213, 16.25731752516994], [74.93074731104709, 16.25460546846246], [74.92700359085458, 16.255508230915726]]], [[[74.93732367950453, 16.174149500289445], [74.93825914657938, 16.17414977370558], [74.93825886577245, 16.175053799660798], [74.94012980848467, 16.175054334189994], [74.94013035306267, 16.173246282139957], [74.9391948902068, 16.173246016962455], [74.93919516672396, 16.172341990838028], [74.93825970813975, 16.17234172156511], [74.93732367950453, 16.174149500289445]]], [[[74.93451489525616, 16.18138086033956], [74.93545039632059, 16.1813811462248], [74.9354512773687, 16.178669069886737], [74.93358030079632, 16.178668494104457], [74.93357999862026, 16.179572519593304], [74.93264450610673, 16.179572225515777], [74.93264419965524, 16.18047625091061], [74.93451519321404, 16.18047683498706], [74.93451489525616, 16.18138086033956]]], [[[74.93170745987665, 16.184092053444562], [74.93170683824418, 16.18590010335522], [74.9335775805213, 16.1868047207423], [74.93451370323551, 16.184996960982346], [74.93357818516115, 16.1849966709154], [74.93357848745231, 16.18409264588685], [74.93170745987665, 16.184092053444562]]], [[[74.94105723066102, 16.20217533967193], [74.9401216315139, 16.202175078113846], [74.9401224499115, 16.1994630068302], [74.938250995938, 16.200366495257946], [74.9382515585328, 16.19855844756808], [74.93731597648777, 16.198558173717345], [74.93731626202008, 16.197654149773328], [74.93638068425481, 16.19765387182088], [74.93638039446085, 16.198557895748557], [74.9326380665397, 16.19855674269295], [74.9326377596796, 16.199460766476058], [74.9335733458933, 16.19946106093434], [74.9335727406394, 16.2012691083048], [74.934508335397, 16.201269398678928], [74.93544451837803, 16.199461637496032], [74.93731540536884, 16.200366221375013], [74.93731483417744, 16.202174268725514], [74.93544334189436, 16.203077732065324], [74.93637778548793, 16.20669410764181], [74.94292764882238, 16.20488792115964], [74.94292816896134, 16.203079874084036], [74.94105696209024, 16.203079363294915], [74.94105723066102, 16.20217533967193]]], [[[74.94386351662381, 16.203984146890555], [74.94479912436375, 16.20398439200137], [74.9447986212466, 16.20579243898145], [74.94667009686772, 16.204888893421014], [74.94573497939098, 16.203080609373256], [74.94386377242175, 16.203080123299706], [74.94386351662381, 16.203984146890555]]], [[[74.94386274913268, 16.206696217202243], [74.94386198149556, 16.209408286822566], [74.94479761482091, 16.209408532019804], [74.94479786645127, 16.20850450887545], [74.94666912461975, 16.208504986878978], [74.94573399021148, 16.20669670339007], [74.94386274913268, 16.206696217202243]]], [[[74.9419901859933, 16.21121583003553], [74.9401189023973, 16.211215310733348], [74.9401175371901, 16.21573542416188], [74.94292452660336, 16.21573619715997], [74.94292478687899, 16.21483217458257], [74.94386044578329, 16.21483242398865], [74.94386070177589, 16.213928401319748], [74.94292504713813, 16.213928151928314], [74.94292608800976, 16.21031206054283], [74.94199045045193, 16.210311807088793], [74.9419901859933, 16.21121583003553]]], [[[74.95321618222992, 16.21845078175667], [74.95508732965764, 16.21935520828981], [74.95695927946457, 16.216643528287342], [74.953216608979, 16.21664273669054], [74.95321618222992, 16.21845078175667]]], [[[74.95040938008603, 16.217546122236627], [74.946666692921, 16.217545215145496], [74.94666644966635, 16.218449237549454], [74.94573077364534, 16.21844900045491], [74.94573027855375, 16.220257045004374], [74.9476016476833, 16.220257515125283], [74.94760140865083, 16.221161537312305], [74.95228007076744, 16.220258618259976], [74.95040938008603, 16.217546122236627]]], [[[74.96444283669516, 16.226589159046526], [74.96537855139387, 16.226589313755188], [74.9653783933916, 16.2274933356179], [74.96724983135944, 16.227493632675966], [74.96631472724, 16.22387739826223], [74.96444316120953, 16.224781115108552], [74.96444283669516, 16.226589159046526]]], [[[74.9616353424835, 16.22839671374015], [74.9625710656915, 16.22839688084511], [74.96257157813129, 16.22568481534087], [74.96070015734836, 16.225684477064476], [74.96069997800579, 16.22658849895627], [74.95976426336118, 16.226588323619804], [74.95976407973693, 16.2274923454244], [74.96163551757819, 16.22749269199211], [74.9616353424835, 16.22839671374015]]], [[[74.96818511472866, 16.230205840220364], [74.96912084654872, 16.23020597845922], [74.96912098749645, 16.229301956793332], [74.97099244262081, 16.22930222087596], [74.97099257501787, 16.22839819911766], [74.97005685172223, 16.22839806914712], [74.97005698838153, 16.227494047319535], [74.96818555035769, 16.227493775016292], [74.96818511472866, 16.230205840220364]]], [[[74.96631272834493, 16.235629679592655], [74.96724818665678, 16.23743786828108], [74.97099125066984, 16.237438413239175], [74.97099138314238, 16.23653439217322], [74.97005562139915, 16.236534262134025], [74.9700558948649, 16.234726219786545], [74.96724863532567, 16.23472580494828], [74.96724848577884, 16.235629826136158], [74.96631272834493, 16.235629679592655]]], [[[74.97005507436381, 16.24015034590565], [74.96911929553441, 16.240150211706744], [74.96911915447954, 16.241054232449393], [74.97005493758334, 16.241054366656172], [74.97005466399641, 16.242862407926324], [74.9719261190728, 16.243766684516224], [74.97192650381663, 16.2410546226814], [74.97286228694558, 16.24105474449986], [74.97286241090289, 16.240150723727183], [74.97192663204832, 16.240150601915865], [74.97192676027191, 16.239246581073377], [74.97005521113564, 16.23924632507817], [74.97005507436381, 16.24015034590565]]], [[[74.97473304516242, 16.247383119097037], [74.9756688582424, 16.247383228572108], [74.97566908060217, 16.245575187987416], [74.9737974715541, 16.2455749649323], [74.9737971123462, 16.248287025654616], [74.97473292969543, 16.248287139267482], [74.97473304516242, 16.247383119097037]]], [[[74.98877008801206, 16.250096387946908], [74.98877013933722, 16.249192367859603], [74.9840910308389, 16.249192068317186], [74.9840907399687, 16.25280814813415], [74.98502657877026, 16.252808216321856], [74.9850266472168, 16.25190419647912], [74.98876998535198, 16.251904427890512], [74.98877003668365, 16.25100040795721], [74.9897058669486, 16.2510004554764], [74.98970591399963, 16.250096435463323], [74.98877008801206, 16.250096387946908]]], [[[74.99344918803547, 16.251000604232154], [74.99157752748717, 16.251000538118486], [74.99157756598346, 16.25009651810056], [74.9906417399902, 16.25009647884787], [74.99064156887925, 16.253712558448363], [74.99344909819939, 16.25371266383555], [74.99344918803547, 16.251000604232154]]], [[[74.97286067478636, 16.252807007539843], [74.97192483606574, 16.252806885628505], [74.97098873209775, 16.25461479886825], [74.97286042664413, 16.254615046852585], [74.97286067478636, 16.252807007539843]]], [[[74.96724459423714, 16.259134350004178], [74.96724444443458, 16.260038369113367], [74.97005206319285, 16.260038784633156], [74.9700523371089, 16.258230746289055], [74.96911647274031, 16.25823061193273], [74.96911661396487, 16.257326592652998], [74.96818075388475, 16.25732645417074], [74.96818046286738, 16.25913449263694], [74.96724459423714, 16.259134350004178]]], [[[74.98315428497753, 16.260040231717145], [74.98502603104205, 16.26004037229103], [74.98502623647262, 16.257328314380292], [74.98409037627746, 16.257328246172598], [74.9840903035254, 16.258232265549214], [74.9822185745901, 16.258232116723722], [74.98315428497753, 16.260040231717145]]], [[[74.99251311816703, 16.257328711225043], [74.99064139772501, 16.25732863681665], [74.99064135492968, 16.25823265621615], [74.98970549043307, 16.258232612808715], [74.98970539627442, 16.26004065137154], [74.99251301545173, 16.260040769205535], [74.99251311816703, 16.257328711225043]]], [[[74.93729479681495, 16.26545573223586], [74.93729422301352, 16.267263768507764], [74.93823012973662, 16.26726404358237], [74.93916659315067, 16.265456278184658], [74.94384608429316, 16.265457570677214], [74.94291201396807, 16.259129190420428], [74.94478400308441, 16.258225667621122], [74.94478476051323, 16.25551361041991], [74.94759231419185, 16.25551432341628], [74.9485276947451, 16.257322591136738], [74.9513352742787, 16.25732325461117], [74.95133571930762, 16.255515216211794], [74.94852816544874, 16.25551455281512], [74.94852840077823, 16.254610533538763], [74.94946424777127, 16.2546107587911], [74.94946586471751, 16.24828262160788], [74.94853004766784, 16.24828239644795], [74.94853028287827, 16.247378376555538], [74.94759447012004, 16.247378147277683], [74.94759423063309, 16.24828216715665], [74.9447867796208, 16.248281454494524], [74.94478652728824, 16.24918547425472], [74.94665792604019, 16.25008997323356], [74.9466571945646, 16.2528020319054], [74.94291410204818, 16.251897037192112], [74.9410416253924, 16.254608582729784], [74.93916993171106, 16.254608053696906], [74.93917020981006, 16.253704034488862], [74.93729881139369, 16.252799469702627], [74.93729795142607, 16.25551152723084], [74.93636210036892, 16.255511248232338], [74.93542683977438, 16.25370292689129], [74.93168347003751, 16.253701753168624], [74.93168315771103, 16.254605772242975], [74.93261900439472, 16.25460607189042], [74.93261838824013, 16.256414109843167], [74.93729766473392, 16.256415546252867], [74.93729737802364, 16.25731956519786], [74.94104081666372, 16.257320639984787], [74.941041086257, 16.256416620976815], [74.94197694168108, 16.256416879323933], [74.94197614568864, 16.259128936162163], [74.9401044091804, 16.25912841524282], [74.94010386131407, 16.260936452688735], [74.93823210775436, 16.26093591516932], [74.93823097756571, 16.264551989010577], [74.93729508368848, 16.264551713984304], [74.93729537054385, 16.263647695655685], [74.9354235914069, 16.2636471332289], [74.93542388680643, 16.26274311485616], [74.93448800154698, 16.26274282745638], [74.93448710244813, 16.2654548822929], [74.93261530629786, 16.26545429498443], [74.9326156145798, 16.26455027681705], [74.93167972081547, 16.264549976976426], [74.93167878306531, 16.26726203119467], [74.93074287647487, 16.26726172716491], [74.93074255956945, 16.26816574506571], [74.92887073788397, 16.2681651245605], [74.92887008688145, 16.269973160058182], [74.93167784513729, 16.269974084719227], [74.93167753245507, 16.270878102406574], [74.93261345619688, 16.270878402370137], [74.93261376459577, 16.26997438466523], [74.93448560357099, 16.269974972145686], [74.93448680271061, 16.26635890041761], [74.93542270509624, 16.26635918788473], [74.93542300055181, 16.26545516974319], [74.93729479681495, 16.26545573223586]]], [[[74.9728596820291, 16.26003916294223], [74.97098806881225, 16.259134895729545], [74.97098767074024, 16.261846952921903], [74.97285943376129, 16.261847201022498], [74.9728596820291, 16.26003916294223]]], [[[74.9803464861378, 16.261848028024527], [74.97660306691077, 16.260943628575816], [74.97660274584433, 16.263655685427977], [74.98221816795736, 16.26275221240764], [74.98221841195243, 16.260040155228413], [74.98128253893249, 16.260040074605154], [74.98128262453397, 16.259136055396052], [74.9803467557995, 16.259135970643236], [74.9803464861378, 16.261848028024527]]], [[[74.97379531528371, 16.261847318870284], [74.97285918546206, 16.26365523879457], [74.97660263880866, 16.264559704224588], [74.97660274584433, 16.263655685427977], [74.97379531528371, 16.261847318870284]]], [[[74.9859611976007, 16.26998464282396], [74.98783303788775, 16.269984758665306], [74.98783320491624, 16.26727270326579], [74.98689729761915, 16.267272647423525], [74.98689723766401, 16.268176665963836], [74.98502541451647, 16.268176541862648], [74.9859611976007, 16.26998464282396]]], [[[74.9382298470912, 16.268168061618812], [74.93729393608558, 16.268167786528103], [74.9372936491395, 16.269071804471373], [74.93542181861747, 16.26907124184692], [74.9354212275382, 16.270879277436297], [74.93822899904765, 16.270880115265673], [74.9382298470912, 16.268168061618812]]], [[[74.98876880382733, 16.272696865095046], [74.9887686495887, 16.27540891911606], [74.9934483489021, 16.27631313356597], [74.99344837889674, 16.275409115701663], [74.99251243303027, 16.27540908466183], [74.99251250158292, 16.273601048705537], [74.98876880382733, 16.272696865095046]]], [[[74.95039464828943, 16.276307421904185], [74.95133059807527, 16.276307639195604], [74.95133082089244, 16.2754036216529], [74.95039487539152, 16.275403404374195], [74.95039464828943, 16.276307421904185]]], [[[74.99812806539727, 16.27992929739883], [75.00000000000001, 16.27992930567854], [75.00000000000001, 16.278121270477847], [74.99812808254084, 16.278121262199104], [74.99812806539727, 16.27992929739883]]], [[[74.94571390531672, 16.279922342443804], [74.94664987217057, 16.279922580485337], [74.94665011647415, 16.27901856331711], [74.94852204165582, 16.2790190269535], [74.94852227737246, 16.27811500968102], [74.94758631905981, 16.278114779946076], [74.947587038976, 16.27540272770628], [74.95039487539152, 16.275403404374195], [74.95039532955265, 16.2735953690829], [74.94945939263515, 16.273595147691484], [74.94945962397833, 16.272691129943144], [74.9457158935938, 16.27269020305023], [74.94571539661877, 16.274498238361282], [74.94665133776054, 16.274498476319227], [74.94665109353413, 16.275402493873035], [74.9429073119237, 16.275401517153693], [74.94290757328879, 16.274497499657066], [74.94197163221146, 16.27449724514555], [74.94197216346058, 16.272689209950777], [74.94103623096856, 16.272688951331148], [74.93916353057757, 16.27540047421621], [74.94197136656172, 16.275401262627273], [74.94197083521186, 16.277209297359402], [74.94103488129653, 16.27720903866406], [74.94103461131094, 16.278113055899315], [74.9438424859635, 16.278113819612667], [74.9438422288181, 16.2790178368155], [74.94290626629821, 16.279017586369076], [74.94384068560444, 16.284441938412712], [74.94290469736437, 16.28444168787836], [74.94290417425427, 16.286249721097647], [74.94009563500146, 16.288056977377188], [74.94009536052238, 16.28896099367135], [74.94196737980069, 16.288961515597997], [74.94196711388227, 16.28986553184552], [74.94383914180574, 16.289866037232652], [74.94383965647032, 16.288058004601314], [74.94477566187884, 16.288058251052277], [74.94477591489829, 16.28715423460644], [74.94945592073292, 16.287155404662418], [74.94945638384334, 16.28534737140239], [74.94852039122219, 16.28534714570118], [74.9485213344165, 16.281731078308173], [74.94664938351707, 16.281730614590384], [74.94571390531672, 16.279922342443804]]], [[[74.94945568915576, 16.288059421176698], [74.9503916946561, 16.288059642775497], [74.95039124003566, 16.289867675598483], [74.95226326823462, 16.289868106420393], [74.95226348697403, 16.288964090022283], [74.95319949680537, 16.288964299207233], [74.95226392441138, 16.287156056994565], [74.94945592073292, 16.287155404662418], [74.94945568915576, 16.288059421176698]]], [[[74.96911194883715, 16.287159188189516], [74.96724009603815, 16.286254889751316], [74.96723949563373, 16.289870956473507], [74.96349577304521, 16.28806231024556], [74.96349560578442, 16.288966326851675], [74.96255959581899, 16.288966163231727], [74.96255925268744, 16.290774196193315], [74.96349527123117, 16.290774359832408], [74.96349510393868, 16.29167837620701], [74.96536714963662, 16.291678691075322], [74.96536730835, 16.290774674682297], [74.97004726405214, 16.291679405743565], [74.96911194883715, 16.287159188189516]]], [[[74.95975156598881, 16.288965647518246], [74.95881555606834, 16.288965467329206], [74.9588157447728, 16.28806145077337], [74.95600772795022, 16.288060885385683], [74.95600712320007, 16.29077293472248], [74.95975119712242, 16.290773680419502], [74.95975156598881, 16.288965647518246]]], [[[74.9850237687326, 16.289872963524505], [74.98408775430372, 16.289872895172916], [74.98408768138593, 16.290776911773957], [74.9794075878696, 16.29077650785459], [74.97940739912337, 16.2925845407779], [74.97847137185752, 16.292584447554837], [74.97847127318538, 16.293488463895276], [74.9822153994438, 16.293488811948396], [74.98315158546045, 16.291680855795228], [74.98970374656945, 16.29168127631026], [74.98970388811574, 16.288969226446095], [74.98502383735676, 16.28896894684231], [74.9850237687326, 16.289872963524505]]], [[[74.99157563818324, 16.295297424594843], [74.99251167837895, 16.295297459818627], [74.9925116440517, 16.29620147598385], [74.9943837330312, 16.296201534002883], [74.9943838360032, 16.292585468865326], [74.9934478086745, 16.292585441934207], [74.99344783870328, 16.291681425458446], [74.99157575402307, 16.292585375642247], [74.99157563818324, 16.295297424594843]]], [[[74.99531964876786, 16.301625652194566], [74.99625571901267, 16.301625670850083], [74.99812783374682, 16.30433774238863], [75.00000000000001, 16.304337750681427], [75.00000000000001, 16.30162570401545], [74.99719178925855, 16.301625685359927], [74.99719184076407, 16.29800962206199], [74.99438368153544, 16.298009566108522], [74.9943836042796, 16.300721613687973], [74.99531967023051, 16.30072163648783], [74.99531964876786, 16.301625652194566]]]]}}, {"id": "2", "type": "Feature", "properties": {"cls": 3, "area_km2": 56.01, "depth_range": "2-5 m", "color": "#2563eb", "scenario": "Froehlich-type hydrograph (peak 51,570 m3/s)"}, "geometry": {"type": "MultiPolygon", "coordinates": [[[[74.66891712050464, 16.131412493634816], [74.6689141171836, 16.133220523406187], [74.66704208792325, 16.13412162663255], [74.66704057753907, 16.135025641154872], [74.66797584546184, 16.13502709906333], [74.66797283289084, 16.136835128050027], [74.66984338599484, 16.136838031907143], [74.67170947082676, 16.1395529632891], [74.67264476044204, 16.139554401117582], [74.67358301237411, 16.1377478052954], [74.67545210252436, 16.13865467508661], [74.6763903248458, 16.136848066216828], [74.67358449334397, 16.136843790406076], [74.67265664101318, 16.132322281759738], [74.66985087427959, 16.13231795800915], [74.66985237165073, 16.131413942999625], [74.66891712050464, 16.131412493634816]]], [[[74.67639179299256, 16.135944050998656], [74.67732413820332, 16.13775349850963], [74.6791947016777, 16.13775632050757], [74.67919906793124, 16.135044274102952], [74.67732852991467, 16.135041452604344], [74.677327066104, 16.13594546798275], [74.67639179299256, 16.135944050998656]]], [[[74.66517004198204, 16.13502271303561], [74.66517156085102, 16.134118698686017], [74.66236577096802, 16.134114276012188], [74.66142282769812, 16.138632862826057], [74.66422868093376, 16.1386372991097], [74.66423020443274, 16.13773328515347], [74.66516548479528, 16.137734755624457], [74.6651685230164, 16.135926727308547], [74.66610379498943, 16.135928193505055], [74.66610530971236, 16.135024179145635], [74.66517004198204, 16.13502271303561]]], [[[74.65487114184867, 16.14133440670351], [74.65487270808117, 16.140430393857926], [74.65393741606813, 16.14042887800231], [74.65393584559135, 16.141332890758495], [74.65206683234194, 16.140425833984455], [74.65206367431091, 16.14223385906111], [74.6501930740088, 16.142230798273467], [74.65019624901741, 16.14042277355778], [74.64926095750644, 16.140421237191145], [74.64926254910333, 16.139517224808877], [74.64739197487329, 16.139514139950933], [74.64739037478843, 16.140418152151266], [74.64645508358194, 16.140416603478037], [74.64645026998325, 16.14312863934491], [74.65486800908484, 16.14314243216461], [74.65486644255351, 16.144046444780123], [74.65954298900095, 16.144053964298408], [74.65954453430685, 16.143149951239536], [74.6604798396471, 16.14315144274569], [74.65954762462384, 16.141341924891726], [74.65487114184867, 16.14133440670351]]], [[[74.6773226741133, 16.138657513658092], [74.67732120993014, 16.139561528729892], [74.6763859198452, 16.139560111411456], [74.67637563824164, 16.145888214182293], [74.67918159791768, 16.145892455581883], [74.67918596667099, 16.143180411247137], [74.67825065942223, 16.143179001800302], [74.67825650010822, 16.139562941946323], [74.67919179037914, 16.13956435106073], [74.67919324607472, 16.13866033582248], [74.6773226741133, 16.138657513658092]]], [[[74.68665989343086, 16.148615631030466], [74.68666131608042, 16.147711615902786], [74.68385532872172, 16.147707472503875], [74.68385389333267, 16.148611487387303], [74.68572313298723, 16.149518268890343], [74.68572027874154, 16.15132629859988], [74.68384815086394, 16.152227546154055], [74.683845279082, 16.1540355750772], [74.68758671466614, 16.154041093677023], [74.68758813361028, 16.153137078928598], [74.68852348848431, 16.153138448233094], [74.68852914636919, 16.1495223881496], [74.68665989343086, 16.148615631030466]]], [[[74.65485233928884, 16.152182554867935], [74.65485547404501, 16.150374530940994], [74.65298479671519, 16.15037149315812], [74.65298322089244, 16.151275504980905], [74.65204787813042, 16.151273979842276], [74.65204629796, 16.15217799149844], [74.65485233928884, 16.152182554867935]]], [[[74.6829156806031, 16.150418127336994], [74.6801096561202, 16.15041393394617], [74.68010820346818, 16.151317948270446], [74.67823751244623, 16.15131513198596], [74.67729923600719, 16.153121745605716], [74.67823458987439, 16.153123160072415], [74.67823312844914, 16.15402717400057], [74.67916848665732, 16.154028584444735], [74.68010675072382, 16.152221962518013], [74.68197745061028, 16.152224762546854], [74.68197600626927, 16.15312877688273], [74.68291136059817, 16.153130170821182], [74.6829156806031, 16.150418127336994]]], [[[74.67449021803638, 16.154925504681604], [74.67636094229685, 16.154928354479054], [74.67636535206117, 16.152216313195467], [74.67449465328929, 16.152213463901784], [74.67449317496562, 16.153117477571772], [74.67355782147266, 16.153116046682516], [74.67449021803638, 16.154925504681604]]], [[[74.65578612331832, 16.153088079717925], [74.6548507717613, 16.153086566716308], [74.65297534027614, 16.155795562943812], [74.65484606858091, 16.15579860180101], [74.65484450065485, 16.156702613342418], [74.6557798692057, 16.156704126700696], [74.65577674155315, 16.158512149731596], [74.65671211870192, 16.158513659161162], [74.65671055897627, 16.15941767065041], [74.65483822795414, 16.160318658740522], [74.6548350910059, 16.162126680979], [74.65764127345284, 16.162131210334817], [74.65764282922534, 16.161227198987177], [74.65857821932187, 16.161228700467962], [74.65858132207016, 16.1594206773655], [74.6576459404738, 16.159419176061604], [74.65765527184718, 16.153995105442764], [74.65578455993922, 16.153992091578733], [74.65578612331832, 16.153088079717925]]], [[[74.66044591367032, 16.163039714253912], [74.65951051487565, 16.163038220812773], [74.65951206224547, 16.16213420936525], [74.65764127345284, 16.162131210334817], [74.65763816161132, 16.163939232799777], [74.65857356446013, 16.1639407345459], [74.6585720126424, 16.164844745751665], [74.6595074198411, 16.164846243477484], [74.66044591367032, 16.163039714253912]]], [[[74.67540493059549, 16.167583113984307], [74.67540788165209, 16.165775088855284], [74.67353853946736, 16.164868216313312], [74.67353408751178, 16.167580253616723], [74.67540493059549, 16.167583113984307]]], [[[74.65950277655195, 16.167558276898692], [74.66043510909184, 16.169367792852434], [74.66230596650084, 16.169370768636327], [74.66231057210841, 16.166658734886337], [74.66137515611219, 16.16665724931182], [74.66137669537154, 16.16575323799573], [74.6585704607261, 16.16574875688065], [74.65856735659773, 16.167556778908253], [74.65950277655195, 16.167558276898692]]], [[[74.6613659185027, 16.172081315595715], [74.66136437855887, 16.172985326374217], [74.66323527018984, 16.172988294637086], [74.66323986420713, 16.170276261546967], [74.66136899809698, 16.170273293808286], [74.66136745834872, 16.1711773047404], [74.660432021187, 16.171175814618024], [74.6604304770875, 16.1720798253856], [74.6613659185027, 16.172081315595715]]], [[[74.67913932366292, 16.172108848554], [74.67913786454048, 16.17301286095336], [74.68100875977962, 16.17301567299996], [74.68101021039452, 16.17211166043506], [74.68007476698253, 16.172110256549892], [74.68007767644274, 16.170302231355013], [74.67727137228238, 16.17029799553392], [74.67726843730196, 16.17210602023003], [74.67913932366292, 16.172108848554]]], [[[74.6931681923145, 16.173937564022715], [74.69317098303432, 16.172129536864936], [74.68942920521506, 16.172124110418387], [74.6894306174562, 16.171220097043776], [74.68849517747843, 16.17121873023573], [74.68755689600405, 16.173025385667266], [74.68475055136112, 16.173021247761447], [74.68474911767032, 16.173925260577718], [74.68568457004801, 16.17392664407208], [74.6856831405205, 16.174830656892983], [74.68755405405659, 16.17483341171018], [74.6875526329475, 16.175737424616432], [74.68848809410564, 16.17573879593854], [74.68849234439918, 16.173026756747234], [74.69036324145901, 16.173029486574197], [74.6903618332926, 16.173933499875467], [74.69129728621084, 16.173934858702456], [74.69129447811869, 16.175742885234563], [74.69316540124026, 16.175745590873316], [74.69316400557024, 16.17664960418342], [74.69503355030768, 16.17755630692514], [74.69503493755602, 16.17665229353356], [74.69597040368114, 16.17665363204068], [74.6959731694041, 16.174845604869557], [74.6941022542609, 16.174842924058943], [74.69410364549937, 16.173938910515982], [74.6931681923145, 16.173937564022715]]], [[[74.68287965538721, 16.173018468602656], [74.68100875977962, 16.17301567299996], [74.68100295639884, 16.17663172249154], [74.68381222734749, 16.174827885629924], [74.68287965538721, 16.173018468602656]]], [[[74.65949348731905, 16.172982341667606], [74.65762259647256, 16.172979340517276], [74.65668090535617, 16.17659387435728], [74.65855183004042, 16.17659688443808], [74.65855338313985, 16.175692874230773], [74.66042584420065, 16.174791857227483], [74.65949348731905, 16.172982341667606]]], [[[74.65760546340053, 16.18292345013405], [74.65666684641289, 16.18472996117068], [74.66040884939767, 16.184735968064956], [74.66041039487014, 16.183831958373066], [74.6594748982334, 16.183830462908585], [74.65947799739777, 16.182022443470192], [74.65760546340053, 16.18292345013405]]], [[[74.65479270318347, 16.186534951129246], [74.6547942743988, 16.185630942122614], [74.65292484501477, 16.184723888451263], [74.65292168565327, 16.186531906183188], [74.65479270318347, 16.186534951129246]]], [[[74.65198617703842, 16.186530377538332], [74.65198459294925, 16.187434386199058], [74.65292010582213, 16.187435914933832], [74.65292168565327, 16.186531906183188], [74.65198617703842, 16.186530377538332]]], [[[74.6463747370049, 16.185617111070815], [74.64636990809284, 16.188329135419202], [74.64730542461683, 16.18833068893404], [74.64918124856, 16.185621758450104], [74.6463747370049, 16.185617111070815]]], [[[74.6519798400786, 16.190146411719933], [74.65197825558734, 16.191050420073108], [74.65291378549509, 16.191051949167566], [74.65291852589075, 16.188339923607597], [74.65104749172889, 16.18833686184318], [74.65104590318009, 16.189240870259976], [74.65011038199162, 16.189239333114823], [74.65010878908319, 16.190143341364333], [74.6519798400786, 16.190146411719933]]], [[[74.67162440434574, 16.19108166674501], [74.67162589939504, 16.190177656554297], [74.66601273521242, 16.19016891465792], [74.6650802576213, 16.188359423860014], [74.66320922089142, 16.188356469086706], [74.66320462103819, 16.191068497566153], [74.66414015213125, 16.19106997727139], [74.66507263330429, 16.1928794718103], [74.66694371301266, 16.192882410987515], [74.66694219637891, 16.193786420519732], [74.67162141396254, 16.192889686895782], [74.67162290920156, 16.191985676858835], [74.6725584454175, 16.191987119606814], [74.67255993630224, 16.191083109408144], [74.67162440434574, 16.19108166674501]]], [[[74.69033083100557, 16.193821773067437], [74.69032942078208, 16.19472578460146], [74.6922005225441, 16.194728501818332], [74.692203325861, 16.192920478353894], [74.688461156776, 16.19291502809393], [74.68846257534004, 16.192011016566877], [74.6865929268489, 16.191104255458477], [74.68564737282783, 16.197430952445117], [74.68751849925607, 16.19743371131652], [74.68751992253122, 16.196529700254622], [74.68845548161981, 16.19653107343331], [74.6884583193779, 16.194723050917386], [74.69033083100557, 16.193821773067437]]], [[[74.67723759749815, 16.191090260986844], [74.67536653273818, 16.19108741270277], [74.67536357643156, 16.19289543352937], [74.67910574040108, 16.192901114302355], [74.68003836754535, 16.19471054555781], [74.68190946731251, 16.194713353344117], [74.68190801865465, 16.19561736407034], [74.68284357293673, 16.1956187618705], [74.6828421284478, 16.196522772602016], [74.68190656990492, 16.19652137471968], [74.68190367212975, 16.198329395787656], [74.6847103736003, 16.198333577574495], [74.68471180974979, 16.197429566833137], [74.68377624676283, 16.197428177103642], [74.68378344744669, 16.19290812265194], [74.68191236435251, 16.192905331661002], [74.68191381273468, 16.19200132070412], [74.6772361279106, 16.191994271606077], [74.67723759749815, 16.191090260986844]]], [[[74.65384143413804, 16.19557351565663], [74.65290588283035, 16.195571990229524], [74.65290746356384, 16.19466798217095], [74.65103636977051, 16.19466491914592], [74.65103319116085, 16.196472934825966], [74.65383985756502, 16.196477523727978], [74.65384143413804, 16.19557351565663]]], [[[74.64916208072836, 16.196469854971923], [74.64916527638043, 16.194661839654003], [74.64822972983727, 16.19466029373297], [74.64823133177146, 16.19375628604953], [74.64636024751067, 16.193753182039828], [74.64635219421618, 16.198273218775245], [74.64915888467087, 16.198277869982146], [74.64915568820794, 16.200085884684647], [74.651962405145, 16.20009049937486], [74.65290114002826, 16.198284013943734], [74.65103001214793, 16.198280950198317], [74.65103319116085, 16.196472934825966], [74.64916208072836, 16.196469854971923]]], [[[74.69030825669356, 16.20828594838372], [74.69030684503848, 16.209189958687162], [74.69217808320313, 16.209192678460397], [74.69218229231386, 16.206480646839907], [74.69124668597993, 16.206479289252936], [74.69124527876791, 16.20738329979027], [74.68937405783986, 16.207380572096213], [74.68937264200993, 16.208284582396345], [74.69030825669356, 16.20828594838372]]], [[[74.68656294098116, 16.21008847959665], [74.68656436978522, 16.209184469692627], [74.68188772779502, 16.20827350616204], [74.68188627775855, 16.209177515734474], [74.68001358293137, 16.210078714636975], [74.68001066533775, 16.21188673306685], [74.68188047669344, 16.212793553254674], [74.68281900416241, 16.210986933845824], [74.68562588496896, 16.210991106710967], [74.68562731812874, 16.21008709696512], [74.68656294098116, 16.21008847959665]]], [[[74.68187467415738, 16.21640958954343], [74.68187902619732, 16.213697562442317], [74.68000774737423, 16.21369475118888], [74.68000628825376, 16.21459876013444], [74.6790706447146, 16.214597348242002], [74.67906771766302, 16.21640536573635], [74.68187467415738, 16.21640958954343]]], [[[74.67345529635845, 16.215492798606274], [74.67251367488247, 16.219107389798342], [74.67532066782321, 16.219111700939113], [74.67532214874386, 16.218207692795513], [74.67625780897792, 16.21820912151193], [74.67626076200341, 16.216401104825966], [74.67532511030363, 16.21639967627733], [74.67532659094277, 16.215495667902765], [74.67345529635845, 16.215492798606274]]], [[[74.6678308094522, 16.221812144026885], [74.66782777846619, 16.223620158261262], [74.67156902081946, 16.22452998972131], [74.67157051937984, 16.22362598237776], [74.67063483400835, 16.223624532535396], [74.67063783938185, 16.221816517787467], [74.66970216264308, 16.22181506399129], [74.66970517617222, 16.22000704910601], [74.67251218106453, 16.220011397611817], [74.67251367488247, 16.219107389798342], [74.67157801075783, 16.219105944504815], [74.67157950874866, 16.21820193669922], [74.66783687027215, 16.218196114633987], [74.66783384005419, 16.22000412948445], [74.66876950806534, 16.220005591357], [74.66876648599977, 16.221813606071095], [74.6678308094522, 16.221812144026885]]], [[[74.67718021447683, 16.226346618133437], [74.67718316064747, 16.224538602666264], [74.67624747044128, 16.22453717748734], [74.67531474320224, 16.222727732743508], [74.67344338033499, 16.222724862098897], [74.67344189040733, 16.22362886968895], [74.67156902081946, 16.22452998972131], [74.67156752216415, 16.225433996987835], [74.67437460446293, 16.2254383222756], [74.67530733531446, 16.22724777076619], [74.67717874125155, 16.22725062575148], [74.67717579452102, 16.229058640756488], [74.67811150617047, 16.229060062227735], [74.67810856760853, 16.230868077091426], [74.6790442878929, 16.23086949460305], [74.6790457529493, 16.229965487126545], [74.67998146905539, 16.229966900428767], [74.67998439034855, 16.22815888507878], [74.67811297531185, 16.228156054680333], [74.6781159133155, 16.22634803935443], [74.67718021447683, 16.226346618133437]]], [[[74.68466292955442, 16.228165888874454], [74.6809200980058, 16.2281602940894], [74.68091718525397, 16.229968309604768], [74.6818529015448, 16.22996971465455], [74.68185144930162, 16.23087372237913], [74.68372289070108, 16.230876520264182], [74.68372000302475, 16.23268453581057], [74.68184854453933, 16.232681737597165], [74.68184709202022, 16.23358574509061], [74.68371711498267, 16.234492551048767], [74.68183982804501, 16.238105781401963], [74.68652003473356, 16.237208740918366], [74.68652719143793, 16.232688702178507], [74.68465717201698, 16.231781920910446], [74.68466292955442, 16.228165888874454]]], [[[74.68183982804501, 16.238105781401963], [74.6799683186567, 16.23810296568984], [74.67902963222534, 16.239909565130038], [74.67996539532813, 16.23991097934459], [74.67996393352504, 16.240814986056346], [74.68183546855605, 16.240817802263948], [74.68183982804501, 16.238105781401963]]], [[[74.68556848406303, 16.24715143340138], [74.68556992085819, 16.246247426736694], [74.68837730213674, 16.246251571988097], [74.68838157349789, 16.243539550802353], [74.68370122421304, 16.244436629348584], [74.68183401520908, 16.241721809063776], [74.68089824337312, 16.24172040294208], [74.68089678565956, 16.242624409582362], [74.67808945788259, 16.242620166192218], [74.67808798725217, 16.24352417250657], [74.67995808538734, 16.244431012132473], [74.67901496727755, 16.24894962794884], [74.68088657908103, 16.24895245390556], [74.68088512062928, 16.249856459929003], [74.68182093094634, 16.249857866792865], [74.68369688844624, 16.24714864908424], [74.68556848406303, 16.24715143340138]]], [[[74.70345008870797, 16.17937623411176], [74.70345278686855, 16.177568206158423], [74.7006463739011, 16.177564276757302], [74.70157912962125, 16.17937361831538], [74.70345008870797, 16.17937623411176]]], [[[74.71279574095344, 16.185717167033854], [74.7127983551635, 16.18390913864563], [74.71186285345017, 16.18390787355884], [74.71186416468787, 16.18300385932393], [74.70999317002531, 16.183001316958133], [74.71000108677747, 16.17757723083305], [74.7109365585302, 16.177578503623344], [74.71094181767079, 16.17396244437104], [74.71187727248785, 16.173963712750442], [74.7118785828102, 16.17305969767074], [74.71094313224725, 16.173058429366], [74.71001031917768, 16.17124912685964], [74.70907487728934, 16.171247850483127], [74.70907355437268, 16.17215186549166], [74.70626721645212, 16.172148011472], [74.70626588068995, 16.173052026176876], [74.70533043063189, 16.17305073320598], [74.7053237292755, 16.17757080519804], [74.70719467202288, 16.177573387788748], [74.70718934345281, 16.181189444608002], [74.7081248319769, 16.18119073003754], [74.70718667866036, 16.182997472556764], [74.70905767281953, 16.183000039604696], [74.70999053043785, 16.18480934505199], [74.71186154212926, 16.184811887716947], [74.71186023072514, 16.185715901798215], [74.71092472058005, 16.185714632448157], [74.71092208900605, 16.187522660230865], [74.70998657042841, 16.18752138661656], [74.70998393000328, 16.189329413942094], [74.71091945709806, 16.189330687706228], [74.71091814101878, 16.190234701328645], [74.71185367245603, 16.19023597105206], [74.71279181901616, 16.188429209039967], [74.71466286527038, 16.188431727612375], [74.71466676165865, 16.18571968516187], [74.71279574095344, 16.185717167033854]]], [[[74.69408972913925, 16.18297904248932], [74.6940855525084, 16.185691080583304], [74.69969860542913, 16.185699079323346], [74.69970270542817, 16.182987039817792], [74.69408972913925, 16.18297904248932]]], [[[74.75582596244482, 16.188482971651442], [74.75582485086872, 16.189386988661955], [74.75769591267631, 16.189389128763306], [74.75769701573483, 16.188485111626928], [74.7567614890547, 16.188484043696796], [74.75676370347855, 16.186676009319235], [74.75489266736281, 16.186673861366017], [74.75489043590545, 16.188481895490874], [74.75582596244482, 16.188482971651442]]], [[[74.76892439316488, 16.187593587853012], [74.7689222893256, 16.1894016236723], [74.77172888500802, 16.1894046548014], [74.77172992418464, 16.188500636751886], [74.770794396483, 16.188499630550183], [74.7707964831552, 16.18669159433911], [74.76892439316488, 16.187593587853012]]], [[[74.77453342828815, 16.191215685111978], [74.7745324016926, 16.192119703107153], [74.7735968567571, 16.19211870901735], [74.77359479485051, 16.19392674466035], [74.77546590182673, 16.1939287289571], [74.77546794669321, 16.192120693080756], [74.7773390368888, 16.192122660679313], [74.77734106445789, 16.1903146242643], [74.77546999130026, 16.19031265689715], [74.77546896902918, 16.19121667502736], [74.77453342828815, 16.191215685111978]]], [[[74.692203325861, 16.192920478353894], [74.69313886835523, 16.192921830628094], [74.69314026562056, 16.192017818701046], [74.69220472738608, 16.192016466506363], [74.692203325861, 16.192920478353894]]], [[[74.77078709104468, 16.194827754869443], [74.77172264856362, 16.194828761485432], [74.77172160892543, 16.195732778997222], [74.77359273268229, 16.19573477999604], [74.77359479485051, 16.19392674466035], [74.77265924146036, 16.193925746336927], [74.77266027670652, 16.19302172861254], [74.77172472764221, 16.193020726231374], [74.77078709104468, 16.194827754869443]]], [[[74.74551894984464, 16.201127128769567], [74.74551663086747, 16.202935159142864], [74.74738666785174, 16.203841406954712], [74.74739127170459, 16.200225345683297], [74.7492635767349, 16.19932354578531], [74.74926586103103, 16.197515514274198], [74.7473947238279, 16.19751329892262], [74.74739702487854, 16.19570526736456], [74.74646146490842, 16.195704153643295], [74.74646492871823, 16.19299210592629], [74.7483360231691, 16.192994328859537], [74.74833487715931, 16.193898344972762], [74.74927042875404, 16.193899450329756], [74.75020370522564, 16.195708583825507], [74.75207482581833, 16.195710774213754], [74.75207369663416, 16.19661479035498], [74.7548803908425, 16.196618045250098], [74.75487927437034, 16.197522061505826], [74.75768598199969, 16.197525279533586], [74.75768487824115, 16.19842929590165], [74.76142717310503, 16.198433529207218], [74.76142608632354, 16.199337545747273], [74.76236166447427, 16.199338593840565], [74.762362746994, 16.198434577238896], [74.7642349689057, 16.197532644147575], [74.76423711655752, 16.19572461031503], [74.7633015553152, 16.195723570702494], [74.76143369234659, 16.19300942835313], [74.76236924067065, 16.19301047601517], [74.76330694455356, 16.191203485082152], [74.7670501653327, 16.190303600016563], [74.76705228634123, 16.188495564590994], [74.76237465018004, 16.18849038954928], [74.76237356841544, 16.18939440699609], [74.76050141556061, 16.19029632529592], [74.76049487199958, 16.19572042716193], [74.75955931103242, 16.195719371080752], [74.75956040605956, 16.194815354357253], [74.7539470672887, 16.194808931787538], [74.75394818780882, 16.193904915364822], [74.75301263585463, 16.193903830591132], [74.75207934183875, 16.192094708880457], [74.75020825532815, 16.192092519007318], [74.75020939267337, 16.191188502610686], [74.74740277622807, 16.191185187124642], [74.74740162610411, 16.19208920332629], [74.74646608317501, 16.192088089866942], [74.74646723755855, 16.19118407373076], [74.74553169896227, 16.191182956220956], [74.74553401602799, 16.18937492384955], [74.74459848602355, 16.189373802355732], [74.7445961604395, 16.191181834595223], [74.7408528271479, 16.192081322671292], [74.74085164713206, 16.192985338332697], [74.74272156912707, 16.193891626381035], [74.74272039748226, 16.19479564202237], [74.74084928687581, 16.194793369424975], [74.74271688210189, 16.197507688485285], [74.73897461005743, 16.197503126018304], [74.73803426878241, 16.201118034638544], [74.73896985365312, 16.20111918581996], [74.73990306846994, 16.202928362457218], [74.74177425563808, 16.202930644495375], [74.74177307898685, 16.20383465930138], [74.74551894984464, 16.201127128769567]]], [[[74.6921935126957, 16.199248559133945], [74.69125512737868, 16.201055224413544], [74.6949974509319, 16.201060628136027], [74.69499884047073, 16.20015661674265], [74.69406326371175, 16.200155272068816], [74.69406605104865, 16.198347249209448], [74.6921935126957, 16.199248559133945]]], [[[74.77078291505174, 16.198443824218845], [74.77078395914931, 16.197539806996758], [74.76891281874455, 16.19753778105669], [74.76891176612398, 16.19844179815968], [74.76797619176008, 16.198440778953255], [74.766101846613, 16.201150778493194], [74.76423067278468, 16.201148710890493], [74.76422959858412, 16.20205272738409], [74.76609971519464, 16.202958811646553], [74.76703743362866, 16.201151806116606], [74.76984419507843, 16.20115486427512], [74.7698473405546, 16.198442813248214], [74.77078291505174, 16.198443824218845]]], [[[74.70809559435799, 16.20107902223255], [74.70809426440557, 16.201983034630143], [74.7071586779128, 16.201981747460827], [74.70715600922918, 16.203789771874003], [74.70902719935057, 16.20379234239598], [74.70902852520865, 16.202888330076785], [74.70996411613257, 16.20288960908372], [74.70996543764383, 16.201985596612456], [74.70809559435799, 16.20107902223255]]], [[[74.69499189189527, 16.204676672940415], [74.69499606130493, 16.20196463945249], [74.6940604760213, 16.201963294620583], [74.6940590820435, 16.2028673057811], [74.69312349258556, 16.202865956751168], [74.69312069583847, 16.204673978682894], [74.69499189189527, 16.204676672940415]]], [[[74.70528347645094, 16.204691196814213], [74.70528213337047, 16.2055952086765], [74.70434653007976, 16.205593908845376], [74.70434113984938, 16.20920995521979], [74.705276760197, 16.209211255356433], [74.70527810361811, 16.208307243801837], [74.70714933603934, 16.20830983156098], [74.70715600922918, 16.203789771874003], [74.70528347645094, 16.204691196814213]]], [[[74.76422744997868, 16.203860760140664], [74.76422637557376, 16.204764776403653], [74.7586127534208, 16.204758473267248], [74.75767162767785, 16.20927748632278], [74.75860725244843, 16.20927855157695], [74.7586083527824, 16.20837453606879], [74.76141521471736, 16.20837770692027], [74.7614163021882, 16.207473691148923], [74.7651587686742, 16.20747786101819], [74.76516304964744, 16.203861796183975], [74.76422744997868, 16.203860760140664]]], [[[74.6949905019158, 16.205580683949226], [74.69311929733193, 16.20557798953337], [74.69311650005282, 16.20738601100355], [74.69405211082844, 16.207387360429905], [74.69405071632022, 16.20829137112888], [74.69498633144858, 16.20829271651408], [74.6949905019158, 16.205580683949226]]], [[[74.74176719461155, 16.20835473217806], [74.74083157540751, 16.208353592816884], [74.740828031092, 16.211065635419246], [74.7426981221073, 16.21197192460259], [74.74363960173866, 16.207452983984144], [74.74176954858552, 16.206546703258073], [74.74176719461155, 16.20835473217806]]], [[[74.75860505157121, 16.21108658236257], [74.75860615204469, 16.21018256700821], [74.75673489404357, 16.21018043225368], [74.75673045760564, 16.213796492708024], [74.75953520285837, 16.21560771955049], [74.75953629941404, 16.21470370451835], [74.76047194991793, 16.214704761903544], [74.76047522636973, 16.21199271615932], [74.75860505157121, 16.21108658236257]]], [[[74.74176130837078, 16.212874803132127], [74.74176013089874, 16.213778817092187], [74.74082448610243, 16.21377767732936], [74.74082212240154, 16.215585704884813], [74.73801277326181, 16.217390287303093], [74.73801038335647, 16.219198313838437], [74.74268873497223, 16.219204035278], [74.74269108220219, 16.217396008070775], [74.74362674421444, 16.21739713985549], [74.743631420715, 16.213781084251902], [74.74176130837078, 16.212874803132127]]], [[[74.77263022789852, 16.21923821141488], [74.77263230200403, 16.217430180194267], [74.77450363056779, 16.217432175770888], [74.7745046589876, 16.216528159927996], [74.77356899894018, 16.21652716425966], [74.77357106411785, 16.21471913246008], [74.77637801885463, 16.214722106747494], [74.77637699909846, 16.215626122860424], [74.7801196233843, 16.215630031094783], [74.78012062607384, 16.214726014752326], [74.77918497417305, 16.21472504393452], [74.77825134458952, 16.21291603630737], [74.77544441506166, 16.2129130871], [74.77544543888979, 16.21200907081433], [74.77076724564067, 16.21200407332669], [74.77076620048335, 16.212908089318802], [74.76983055776536, 16.212907077397237], [74.76982635940762, 16.216523140358834], [74.77169663782057, 16.217429176221476], [74.77169247227526, 16.22104523811916], [74.77262815353016, 16.221046242327773], [74.7726271162474, 16.221950257668816], [74.77543417321097, 16.22195324572635], [74.7754351976881, 16.221049230209893], [74.77637087920425, 16.22105021792268], [74.77543724644764, 16.219241198946154], [74.77263022789852, 16.21923821141488]]], [[[74.69777801963838, 16.218240844019213], [74.69777664113951, 16.219144854109448], [74.69964797457183, 16.219147509666865], [74.69965208420241, 16.216435478697463], [74.6987164302447, 16.21643415321395], [74.69871505618758, 16.21733816353622], [74.69684373999954, 16.217335500044918], [74.6968423573207, 16.218239510133806], [74.69777801963838, 16.218240844019213]]], [[[74.69777112627055, 16.222760893700556], [74.69776698920161, 16.22547292258545], [74.6968312927356, 16.225471588073418], [74.69682852571303, 16.22727960678832], [74.698699935812, 16.22728227200018], [74.6987054353496, 16.223666233636663], [74.69964112345134, 16.223667559742914], [74.69964386415998, 16.22185953994346], [74.69683682572915, 16.22185554971955], [74.6968354426122, 16.222759559423512], [74.69777112627055, 16.222760893700556]]], [[[74.75670714784965, 16.2327807898967], [74.75670936916255, 16.230972763055433], [74.75764509629774, 16.23097383393834], [74.75764398994794, 16.23187784746031], [74.7595154529712, 16.231879976971285], [74.76232698758386, 16.228267084494384], [74.76419841712953, 16.228269172246804], [74.7641994933062, 16.22736515798382], [74.76794233613164, 16.227369283735943], [74.76794445412033, 16.225561254494792], [74.76888015645503, 16.225562275498856], [74.76888121107913, 16.224658260702906], [74.76981690921102, 16.224659277522125], [74.7698148084355, 16.22646730715644], [74.77075051517342, 16.226468319969623], [74.77074946895601, 16.227372334730777], [74.77262192884781, 16.22647033321978], [74.7726271162474, 16.221950257668816], [74.77075574526651, 16.221948245009465], [74.77075469938042, 16.222852260155406], [74.76888226563645, 16.223754245830005], [74.76888332012696, 16.222850230880145], [74.76701194114071, 16.22284818510715], [74.76701300410201, 16.221944170200437], [74.76514270535375, 16.221038093188188], [74.76608265411495, 16.21742306580208], [74.76701831789846, 16.21742409451276], [74.76701938045574, 16.21652007914443], [74.76889069969012, 16.21652212407677], [74.76702256772357, 16.21380803257791], [74.76608692100716, 16.213807004108855], [74.76514913251445, 16.21561400239695], [74.76327782235471, 16.215611924604747], [74.76327674279716, 16.21651593980692], [74.76514699039906, 16.217422032968418], [74.76514591923956, 16.218326048138763], [74.76327458347676, 16.218323969980485], [74.76327350371396, 16.219227984951868], [74.76233783166734, 16.219226939626527], [74.76234108355287, 16.21651489466571], [74.7595341062332, 16.216511734505705], [74.75953300953854, 16.217415749383992], [74.75859734630346, 16.21741468768952], [74.75859404299935, 16.22012673167574], [74.75765836703091, 16.220125665670537], [74.75765615594256, 16.22193369448479], [74.75578367295574, 16.222835564017302], [74.75578144437034, 16.22464359211801], [74.75671714154234, 16.224644666685965], [74.75671603141335, 16.225548680683957], [74.75952313615899, 16.22555187982619], [74.75858302745021, 16.229166873294545], [74.75764730878714, 16.229165806663424], [74.75764620257746, 16.23006982033937], [74.75577475691986, 16.23006767457288], [74.75577587167145, 16.22916366102285], [74.75296871652807, 16.229160411616157], [74.75296758896366, 16.2300644249755], [74.75203186645406, 16.230063333523674], [74.7520329982894, 16.22915932022838], [74.75109728012242, 16.229158224714496], [74.75109614401613, 16.230062237945496], [74.75016042165016, 16.23006113824098], [74.75015928120071, 16.23096515133047], [74.7482878281433, 16.23096293941261], [74.74641290233428, 16.233672749013213], [74.75296082207751, 16.23548850351465], [74.75389881765939, 16.233681565223648], [74.75764177703816, 16.233685874273274], [74.75764288352808, 16.232781860905288], [74.75670714784965, 16.2327807898967]]], [[[74.72583667148545, 16.226415051504443], [74.72583792258952, 16.225511039792814], [74.72864501997158, 16.22551464732208], [74.72864625818775, 16.224610635321714], [74.72677611506957, 16.223704222631792], [74.72677860818526, 16.221896198528004], [74.72490724432068, 16.221893781700754], [74.72490849929699, 16.220989769675295], [74.72397282175228, 16.22098855514679], [74.72396904377864, 16.223700590778346], [74.72209766331649, 16.22369814891968], [74.72209893125881, 16.222794137262813], [74.7211632454171, 16.2227929102186], [74.72115688355449, 16.22731296737291], [74.72022117644569, 16.227311735842957], [74.71834590595066, 16.230021293122295], [74.72021734554905, 16.230023768994762], [74.72021606842175, 16.230927779891356], [74.72115179261354, 16.230929011710426], [74.72115561094016, 16.228216978572796], [74.72302703394, 16.228219429399818], [74.72209385900753, 16.22641018342838], [74.72583667148545, 16.226415051504443]]], [[[74.7754259750571, 16.22918536708781], [74.77636169499989, 16.22918635532253], [74.77636067420951, 16.230090370204373], [74.77916784723764, 16.2300933103242], [74.77916885521508, 16.229189295269837], [74.77823313507913, 16.22918831941354], [74.77823515938366, 16.227380289188417], [74.77449231364834, 16.227376344964824], [74.7754259750571, 16.22918536708781]]], [[[74.69776009233944, 16.22999296918675], [74.69869581024432, 16.229994299964186], [74.69869443488089, 16.230898309131483], [74.70056587949394, 16.230900958463042], [74.70056997969783, 16.228188930263727], [74.698699935812, 16.22728227200018], [74.69869718552064, 16.229090290719874], [74.6977614718866, 16.22908896002053], [74.69776009233944, 16.22999296918675]]], [[[74.71740502602023, 16.233636091247675], [74.71740631620608, 16.23273208080044], [74.71927778127043, 16.23273456536282], [74.71928034431082, 16.23092654394574], [74.71834462028104, 16.23092530387359], [74.71741147613254, 16.22911603824131], [74.7146043304048, 16.229112281327026], [74.71460302773309, 16.23001629186185], [74.71366730838429, 16.230015031231023], [74.71272503180529, 16.234533817251783], [74.70898207014068, 16.23452871546402], [74.70897941245313, 16.236336734637348], [74.71085091020875, 16.236339294086484], [74.71085223054907, 16.2354352843882], [74.71178797527963, 16.235436557846107], [74.71178665921208, 16.236340567619095], [74.71365815746847, 16.236343102300374], [74.7136620797862, 16.233631072304256], [74.71740502602023, 16.233636091247675]]], [[[74.70243324910022, 16.233615619258142], [74.70243460763726, 16.23271161001199], [74.70056451258618, 16.23180496770877], [74.70056177851097, 16.23361298596911], [74.70243324910022, 16.233615619258142]]], [[[74.70617350815552, 16.235428855182736], [74.70617216645141, 16.236332864503854], [74.70710791503406, 16.236334158676318], [74.70710925246541, 16.235430149279285], [74.70804499686, 16.235431439248103], [74.70804766292396, 16.233623420071577], [74.70524045562864, 16.23361953823743], [74.70523776393057, 16.235427556958463], [74.70617350815552, 16.235428855182736]]], [[[74.74173066983919, 16.23637914108243], [74.74266642144946, 16.23638027839099], [74.7436045146452, 16.234573387156644], [74.73986154253548, 16.234568830201056], [74.7398603547268, 16.235472842179654], [74.73798766414752, 16.236374550567948], [74.73798886057702, 16.235470538801497], [74.73705311361562, 16.235469380920744], [74.73705551479219, 16.23366135729264], [74.73518403818733, 16.23365902942097], [74.73517920134871, 16.237275075822797], [74.73705071213497, 16.23727740424078], [74.7370495112806, 16.23818141578525], [74.73798527106125, 16.23818257386978], [74.73798646764227, 16.237278562257377], [74.74079373461758, 16.2372820115376], [74.74079255085664, 16.23818602335233], [74.74172831093868, 16.238187164922834], [74.74173066983919, 16.23637914108243]]], [[[74.7314325009809, 16.239982402612107], [74.73236826884883, 16.239983585606392], [74.7323694912247, 16.239079574559266], [74.73330525489612, 16.239080753355434], [74.73330403679415, 16.239984764471696], [74.73517557291585, 16.239987109815367], [74.73517920134871, 16.237275075822797], [74.73143618069716, 16.237270369447753], [74.73143495420273, 16.238174380579576], [74.72956343579507, 16.23817200248305], [74.72862271866597, 16.241786850160544], [74.73143004744848, 16.24179042433646], [74.7314325009809, 16.239982402612107]]], [[[74.73329794512763, 16.244504818897312], [74.732364601257, 16.2426956182855], [74.73049303995224, 16.242693247750925], [74.73049057740369, 16.24450126887371], [74.73329794512763, 16.244504818897312]]], [[[74.72581288544873, 16.243591259392876], [74.72580912714272, 16.246303289674948], [74.7295535526512, 16.245404087648055], [74.72955478831787, 16.24450007727213], [74.72674742153073, 16.244496477686283], [74.72674866994488, 16.24359246744435], [74.72581288544873, 16.243591259392876]]], [[[74.72299540607385, 16.250819687957705], [74.7258028617136, 16.25082333860352], [74.72580411495801, 16.249919328971984], [74.72393374805813, 16.249012889916152], [74.72393627125625, 16.247204870552455], [74.72300046989625, 16.24720364982491], [74.72299540607385, 16.250819687957705]]], [[[74.72486327004538, 16.253534154072252], [74.72767076466067, 16.25353778056442], [74.72767200958711, 16.25263377102272], [74.72673618224749, 16.252632566395206], [74.72673868041915, 16.25082454722172], [74.72486578548627, 16.251726135336817], [74.72486327004538, 16.253534154072252]]], [[[74.7192495663983, 16.252622780610196], [74.72018539309812, 16.25262401829656], [74.72111867005434, 16.25443326985826], [74.72392617654774, 16.254436946157057], [74.72299540607385, 16.250819687957705], [74.72112376938077, 16.250817233534466], [74.72112249467014, 16.251721242731065], [74.71925084974488, 16.251718771635527], [74.7192495663983, 16.252622780610196]]], [[[74.71924314844749, 16.257142824326873], [74.7192495663983, 16.252622780610196], [74.71737791324253, 16.252620292840433], [74.71737662125894, 16.253524301592183], [74.7164407905256, 16.253523051435515], [74.71643949418207, 16.2544270600369], [74.71831116428685, 16.25442955636393], [74.71830858846813, 16.256237573627935], [74.71269352779701, 16.25623003416933], [74.71269484141945, 16.255326026017677], [74.70988997770361, 16.253514184626543], [74.70989528202769, 16.249898151528495], [74.70895946906796, 16.249896868611998], [74.70709185925234, 16.24718226543006], [74.7024128607208, 16.247175748703732], [74.7014743328054, 16.248982448760678], [74.6996027170606, 16.248979804582348], [74.6996040898899, 16.2480757968785], [74.69773386434058, 16.247169128705774], [74.69585670648095, 16.250782481200137], [74.6930492589082, 16.250778433897043], [74.69399066880811, 16.247163758351977], [74.69305487014555, 16.2471624054364], [74.6921218852095, 16.245353033856134], [74.68931451567832, 16.245348938412032], [74.68931167638554, 16.247156952465613], [74.69118186185825, 16.24806369428416], [74.69117903913302, 16.24987170819577], [74.690243227908, 16.249870342647522], [74.69024181213437, 16.250774349407603], [74.69117762763642, 16.2507757150359], [74.69117480437532, 16.252583728484808], [74.6958553162817, 16.251686488359745], [74.6958525356193, 16.25349450244761], [74.69678836448597, 16.253495843520774], [74.69678975058326, 16.252591836436814], [74.69866277747805, 16.251690498711483], [74.69866140002364, 16.25259450602903], [74.69959722487468, 16.252595834626675], [74.69959447826048, 16.254403849186136], [74.70053031175442, 16.254405173806717], [74.70146887483712, 16.25259847942502], [74.70708382678785, 16.252606314644396], [74.70708248774729, 16.25351032257691], [74.70801831764838, 16.253511614059356], [74.70801564786971, 16.255319629844408], [74.70707980941202, 16.255318338210582], [74.70707847011731, 16.256222345911723], [74.70895015567456, 16.256224925197465], [74.71175241220281, 16.25984479466371], [74.71362413283293, 16.259847333211297], [74.71362544250796, 16.258943325293934], [74.71736886764077, 16.258948352483262], [74.71737016011483, 16.25804434419423], [74.71924314844749, 16.257142824326873]]], [[[74.80356560103182, 16.16050774351946], [74.80356381573961, 16.16231578803534], [74.8063700352872, 16.162318357802164], [74.80637091520941, 16.161414335431196], [74.80543551288805, 16.161413483000732], [74.80543728106545, 16.15960543812922], [74.80356560103182, 16.16050774351946]]], [[[74.79607963938868, 16.163212776289015], [74.79514609111972, 16.161403835136408], [74.79327528792018, 16.161402027575093], [74.7932734089953, 16.163210070790356], [74.79607963938868, 16.163212776289015]]], [[[74.80823997712282, 16.163224072832723], [74.80823910559138, 16.164128095150033], [74.80917452083273, 16.164128935404886], [74.8091771225079, 16.161416868074454], [74.80730631758671, 16.161415183753636], [74.80730544191523, 16.162319206174576], [74.8063700352872, 16.162318357802164], [74.80636915530908, 16.16322238009646], [74.80823997712282, 16.163224072832723]]], [[[74.80542489910466, 16.17226174578841], [74.80542666863039, 16.170453702757452], [74.80355667230211, 16.16954796303152], [74.80449833371897, 16.163220670926172], [74.80356292300844, 16.16321981017827], [74.80356381573961, 16.16231578803534], [74.80169300299102, 16.16231405431615], [74.80169210175781, 16.163218076356955], [74.79701597212618, 16.16230964812364], [74.79701504963792, 16.163213669904916], [74.79607963938868, 16.163212776289015], [74.79607778573353, 16.165020819516233], [74.79514236704034, 16.16501992168609], [74.79514143587264, 16.165923943131794], [74.79607685881763, 16.165924841014814], [74.7970104363175, 16.167733777660956], [74.80262302658886, 16.16773905463153], [74.80262212926475, 16.16864307626338], [74.80168669315616, 16.16864220699138], [74.80168308627647, 16.172258292546978], [74.80074763321191, 16.17225741895931], [74.80074400839838, 16.1758735030817], [74.8016794784805, 16.17587437687508], [74.80168038051539, 16.174970355908144], [74.80355131234158, 16.174972091057104], [74.803553099222, 16.173164048688783], [74.80542489910466, 16.17226174578841]], [[74.80075397442042, 16.165929268791594], [74.79981855118372, 16.16592839145469], [74.79982037094317, 16.16412034796267], [74.80169120046735, 16.16412209832108], [74.80168849625241, 16.166834163753343], [74.80075306870609, 16.166833290474237], [74.80075397442042, 16.165929268791594]]], [[[74.82319610980396, 16.174989317156104], [74.82413317661783, 16.17318204773079], [74.82039134245146, 16.173178923180178], [74.82038970872955, 16.174986967299738], [74.82319610980396, 16.174989317156104]]], [[[74.81103676070401, 16.17317082402085], [74.81103504189396, 16.174978867186862], [74.81384144138393, 16.17498134039318], [74.81384059466147, 16.175885362006678], [74.81477606552082, 16.175886178233508], [74.81384398122876, 16.172269275092372], [74.81290852744078, 16.17226845494677], [74.8129076766256, 16.173172476742145], [74.81103676070401, 16.17317082402085]]], [[[74.81664867526283, 16.174079754760943], [74.81758413777249, 16.174080558557424], [74.81758247841876, 16.17588860224256], [74.81945424180813, 16.174986175790945], [74.81852042567839, 16.17317733623776], [74.81664950911495, 16.17317573285061], [74.81664867526283, 16.174079754760943]]], [[[74.80635506805517, 16.177686726374322], [74.80541958917898, 16.17768587303996], [74.80541693345752, 16.180397935629802], [74.80635242510135, 16.180398789114825], [74.80635330614189, 16.179494768278072], [74.8091597686394, 16.1794973039053], [74.81009352816251, 16.181306182882338], [74.81383551319769, 16.181309490076217], [74.81290342173924, 16.17769258456818], [74.81196794247727, 16.177691760020494], [74.81196708708227, 16.17859578130698], [74.80635418712649, 16.178590747364574], [74.80635506805517, 16.177686726374322]]], [[[74.83160995356795, 16.181324300477787], [74.83160918734669, 16.18222832242556], [74.83067368577444, 16.182227579907366], [74.83067060337338, 16.18584366675617], [74.83254164062566, 16.18584514802748], [74.83254240278369, 16.184941126343276], [74.83347791722471, 16.184941860763843], [74.83348019063679, 16.182229795121085], [74.83160995356795, 16.181324300477787]]], [[[74.79886666318569, 16.182199886693926], [74.7988675783916, 16.18129586641923], [74.79699658756377, 16.181294089421925], [74.79699474006662, 16.183102129685434], [74.79512280009513, 16.18400435593481], [74.79512093521568, 16.185812395526646], [74.797927485052, 16.18581508032227], [74.79699381623011, 16.18400614970204], [74.79980034087167, 16.18400880949742], [74.79980216294356, 16.18220076907449], [74.79886666318569, 16.182199886693926]]], [[[74.82411957280573, 16.18855041609004], [74.82412037343634, 16.187646395035884], [74.82224932004866, 16.187644839519137], [74.82038071955017, 16.18493120447092], [74.81757417848904, 16.18492881606404], [74.8175750087191, 16.18402479502727], [74.8166394993946, 16.1840239907103], [74.81851299569942, 16.181313531518054], [74.81477100959157, 16.1813103065913], [74.81383212447982, 16.184925573920943], [74.81476763790214, 16.184926390628206], [74.8166361611265, 16.1876400742075], [74.81944274035288, 16.187642475381068], [74.82224608314924, 16.19126092290911], [74.82411717060901, 16.191262478791838], [74.82411636977515, 16.192166499538867], [74.82505191784108, 16.192167271351575], [74.82505351093887, 16.190359229689964], [74.82598905053622, 16.190359997296106], [74.82598984275018, 16.189455976304977], [74.82411957280573, 16.18855041609004]]], [[[74.79231344060938, 16.186713693220764], [74.79231154982428, 16.188521732031685], [74.79418167121878, 16.189427570415454], [74.79511907009952, 16.187620434811365], [74.79418354508908, 16.187619531544144], [74.79418448193505, 16.186715511993302], [74.79231344060938, 16.186713693220764]]], [[[74.78108321154279, 16.190318509609828], [74.78201676349863, 16.192127507641924], [74.78388785458526, 16.192129417613437], [74.78389179020786, 16.188513342886843], [74.78108321154279, 16.190318509609828]]], [[[74.80447076283099, 16.191245320876813], [74.80447165306153, 16.190341301062016], [74.80634272996397, 16.190343013252765], [74.80634361161978, 16.18943899326047], [74.80353700912806, 16.189436418952106], [74.80353522020495, 16.191244458557083], [74.80447076283099, 16.191245320876813]]], [[[74.79324237225833, 16.193042739534032], [74.79324143073599, 16.193946758493905], [74.79417698550262, 16.19394766624977], [74.79511627198143, 16.19033249316254], [74.79137412119141, 16.190328854761574], [74.7913712714249, 16.193040911779626], [74.79324237225833, 16.193042739534032]]], [[[74.83627775299169, 16.193080233275918], [74.8372133059535, 16.193080951619244], [74.83721404719866, 16.192176930335624], [74.83627849849681, 16.192176212034532], [74.83627775299169, 16.193080233275918]]], [[[74.77920811655542, 16.19393264815025], [74.78014367039773, 16.19393361765678], [74.78014667370172, 16.191221562864698], [74.77827458208321, 16.192123638304274], [74.77920811655542, 16.19393264815025]]], [[[74.80166142575354, 16.19395478009462], [74.80166052251563, 16.19485879944935], [74.8035316416777, 16.194860536845432], [74.80353432565828, 16.192148478244377], [74.80259877882933, 16.192147611757687], [74.80259787996596, 16.193051631317218], [74.80072677795958, 16.19304988589246], [74.80072587051879, 16.193953905272558], [74.80166142575354, 16.19395478009462]]], [[[74.8241155688905, 16.193070520209105], [74.82411236484374, 16.196686602122043], [74.825982711015, 16.197592162460605], [74.8259835036311, 16.196688142083854], [74.82691907310033, 16.196688905888532], [74.82692143786468, 16.193976844162716], [74.82598588117779, 16.19397608049275], [74.8259866735928, 16.193072059808777], [74.8241155688905, 16.193070520209105]]], [[[74.85872267034102, 16.204848618812118], [74.85872331413721, 16.203944597622264], [74.85965891929406, 16.20394521760589], [74.85966083764875, 16.201233153466077], [74.85872524528078, 16.20123253359175], [74.85872653250576, 16.19942449052065], [74.8577909487032, 16.199423866600952], [74.85779289201936, 16.196711801528263], [74.85685732104272, 16.19671117360107], [74.85685927677154, 16.193999107947942], [74.85592371861867, 16.193998476014716], [74.85499146182562, 16.189477729379895], [74.85124931499661, 16.18947514477205], [74.85124999217021, 16.18857112257678], [74.85218552455477, 16.188571774863735], [74.85218754304269, 16.185859707702246], [74.85031650386668, 16.185858399243916], [74.85031718512624, 16.184954376780208], [74.84657442603569, 16.18585573295204], [74.84657372770053, 16.186759755182138], [74.8456382040948, 16.186759078282847], [74.84563609604753, 16.189471144393142], [74.84657163242915, 16.18947182141188], [74.84657093391671, 16.190375843334923], [74.8428287716222, 16.190373110405837], [74.84283020267502, 16.18856506680443], [74.8390873426399, 16.18946629002612], [74.83908880767198, 16.187658246600364], [74.83534669795432, 16.187655382470936], [74.8353481968662, 16.185847339075035], [74.83628371570853, 16.18584806119505], [74.83628446083533, 16.184944039339477], [74.83347791722471, 16.184941860763843], [74.8334771593245, 16.18584588249125], [74.83441267807144, 16.185846612840436], [74.83441117064314, 16.187654656150894], [74.83347564337978, 16.18765392571578], [74.83347640137619, 16.186749904141895], [74.83160535551073, 16.18674843101311], [74.83160382243588, 16.18855647391079], [74.83347412724262, 16.189461968633225], [74.83347185267615, 16.192174032433567], [74.83159998889748, 16.193076579811397], [74.83159922204386, 16.19398060076115], [74.83253477902672, 16.19398133973056], [74.83253172816939, 16.197597422935385], [74.83346730224427, 16.197598157960858], [74.83346578504877, 16.199406199188843], [74.83627402475655, 16.197600338330872], [74.83627477049818, 16.19669631747348], [74.83533920054107, 16.1966955948437], [74.83534070040426, 16.194887552983477], [74.83440513901657, 16.194886826321646], [74.8344074012353, 16.192174763083504], [74.83627849849681, 16.192176212034532], [74.83628073472845, 16.189464147849684], [74.837216270652, 16.189464866024057], [74.8372155295479, 16.19036888753803], [74.84189323116141, 16.19037241688405], [74.84189251130746, 16.191276438528796], [74.8428280560277, 16.19127713209138], [74.84189107146254, 16.193084481587963], [74.8521821595543, 16.19309188526419], [74.85124389606084, 16.196707319570194], [74.8521794667853, 16.196707972202447], [74.8521801400416, 16.195803950583077], [74.85405127309622, 16.19580524341905], [74.8540492787672, 16.1985173082748], [74.8549848581419, 16.19851794862981], [74.85498353690244, 16.20032599155823], [74.85591912484307, 16.200326627870044], [74.85591321556288, 16.20846281758181], [74.85778511653591, 16.207560057670893], [74.85778641286073, 16.20575201574871], [74.8568507992585, 16.205751387452352], [74.85685145162304, 16.204847366412924], [74.85872267034102, 16.204848618812118]]], [[[74.82504634040679, 16.198495414748088], [74.82504554342827, 16.19939943492606], [74.82410996127513, 16.199398662750248], [74.82410835864196, 16.20120670278494], [74.82504394931962, 16.201207475051536], [74.82504474639923, 16.200303455027207], [74.82691591938112, 16.200304987114254], [74.82691670788594, 16.199400966923054], [74.82504634040679, 16.198495414748088]]], [[[74.8400097617535, 16.205739373609838], [74.83907561568914, 16.203930626374092], [74.83439759517776, 16.203927032122923], [74.83439910432828, 16.202118991577247], [74.83346350889464, 16.20211826045466], [74.83346426766079, 16.201214240109547], [74.83159231817194, 16.20211678585266], [74.83159078344298, 16.20392482613906], [74.83252638730626, 16.203925565586445], [74.83252333431993, 16.207541645410974], [74.83345895528716, 16.207542380911786], [74.83345819618415, 16.208446400719], [74.83532944679185, 16.20844785944513], [74.83532869617038, 16.209351879261202], [74.83719995549808, 16.2093533215895], [74.83720069758988, 16.2084493016887], [74.83813632305959, 16.208450016629516], [74.83813779857317, 16.206641976513335], [74.8400097617535, 16.205739373609838]]], [[[74.82784836847908, 16.20392182715528], [74.82784915292073, 16.20301780722674], [74.82410755724915, 16.202110722687046], [74.8241051527658, 16.204822781932336], [74.82597557520756, 16.20572834239427], [74.8259731957, 16.208440400989023], [74.82410194607642, 16.2084388598502], [74.8250359757432, 16.210247671068494], [74.82690724252745, 16.21024920414618], [74.82690960954227, 16.20753714587785], [74.82878163131397, 16.206634642538212], [74.82878397214611, 16.203922583080363], [74.82784836847908, 16.20392182715528]]], [[[74.82783973633782, 16.21386604129697], [74.82784209115515, 16.211153983817066], [74.82597081573985, 16.21115245889203], [74.82597002231923, 16.212056478039298], [74.82503438042123, 16.212055709349592], [74.82503278489702, 16.213863747323185], [74.82783973633782, 16.21386604129697]]], [[[74.84093884886421, 16.213876255979383], [74.84187450011251, 16.21387695468384], [74.84187522110857, 16.21297293495976], [74.83906828030045, 16.212970826603925], [74.83906681266465, 16.214778865727528], [74.84093812355599, 16.214780275585547], [74.84093884886421, 16.213876255979383]]], [[[74.82502959324178, 16.21747982234775], [74.82783659588482, 16.217482116860488], [74.8278389512992, 16.214770060303184], [74.82690329650237, 16.214769299722672], [74.82502959324178, 16.21747982234775]]], [[[74.79414977903019, 16.220164184204574], [74.79415071801718, 16.219260167420465], [74.79134369571176, 16.219257427298324], [74.79134464744253, 16.21835341059819], [74.79040897772872, 16.218352489031265], [74.79041184536085, 16.215640438631706], [74.78947618850925, 16.215639513104595], [74.78947714853217, 16.21473549620528], [74.78854149600808, 16.214734566610236], [74.78760390637126, 16.216541666395766], [74.78666824543606, 16.216540728446], [74.7857345388036, 16.214731753091428], [74.78386224868687, 16.215633873368933], [74.78386421987021, 16.21382584015581], [74.78292857198325, 16.21382488588315], [74.78292758215642, 16.214728902472114], [74.78105627803818, 16.21472698144786], [74.78105428112914, 16.21653501416941], [74.78573258456252, 16.216539786373474], [74.78573160734909, 16.217443802899126], [74.78853860295604, 16.21744661691367], [74.78853763848312, 16.218350633527656], [74.78947330807549, 16.218351563341084], [74.7894713874821, 16.22015959644749], [74.7904070656711, 16.220160522246378], [74.79040515337115, 16.22196855515379], [74.79227652700436, 16.221970394596347], [74.79227557930119, 16.222874411042646], [74.79788972724613, 16.22287983070706], [74.7978888050976, 16.223783847394586], [74.7997592830862, 16.224689637772443], [74.7997620239171, 16.221977587397518], [74.79601927498906, 16.221974023990757], [74.79602020555791, 16.221070007254454], [74.79414977903019, 16.220164184204574]]], [[[74.83812451221488, 16.222914326489256], [74.83812525074353, 16.222010307699726], [74.83906094026099, 16.22201101914638], [74.83906167447425, 16.221107000238177], [74.84093304511121, 16.221108410675836], [74.84093377074123, 16.220204391607915], [74.839998089668, 16.220203688492386], [74.83999881952013, 16.219299669388835], [74.83812746604883, 16.21929825086969], [74.83812968093305, 16.216586193347556], [74.83906534484282, 16.2165869045436], [74.839066078777, 16.215682885174008], [74.83719475953824, 16.21568145874286], [74.83719550195937, 16.21477743938015], [74.83532494234927, 16.21387197718857], [74.83532193843575, 16.21748805414667], [74.83438627044747, 16.217487326416602], [74.83438400420917, 16.220199383199592], [74.83251187872442, 16.22110193379935], [74.83157235151083, 16.225621285593498], [74.83437947044011, 16.225623494689007], [74.83438022618796, 16.22471947629974], [74.83625163050789, 16.224720928318646], [74.83625237766901, 16.223816909767223], [74.83812451221488, 16.222914326489256]]], [[[74.79976293741166, 16.221073570452017], [74.7997620239171, 16.221977587397518], [74.80069771129448, 16.221978467938634], [74.80069862052045, 16.221074450941433], [74.79976293741166, 16.221073570452017]]], [[[74.81285823686582, 16.225605609486895], [74.81379394210215, 16.22560643248185], [74.81379564141038, 16.223798397629352], [74.81473133816147, 16.22379921640296], [74.81473218346572, 16.222895198813248], [74.81192510618163, 16.222892730263123], [74.81192424806997, 16.22379674770792], [74.81285994471314, 16.223797574731], [74.81285823686582, 16.225605609486895]]], [[[74.78478710614561, 16.225579001417312], [74.78572280964144, 16.22557994816829], [74.78572378741225, 16.22467593233502], [74.78665948670039, 16.224676874905487], [74.78947042709412, 16.221063612885303], [74.78759906236235, 16.221061748806868], [74.7876000312869, 16.220157732478498], [74.78385731963536, 16.220153955055725], [74.7838583055706, 16.219249938872203], [74.78292263208124, 16.21924898426324], [74.78292164187798, 16.220153000390706], [74.78104928774914, 16.22105509462719], [74.78198298039146, 16.22286408935387], [74.7838543614548, 16.222866003144677], [74.78385337526967, 16.22377001902045], [74.78104429278706, 16.22557517316161], [74.78104329360475, 16.22647918863764], [74.78197900112005, 16.226480151945875], [74.78197502084029, 16.230096213306563], [74.78291074550093, 16.230097172714572], [74.78290975454469, 16.231001187918626], [74.7857188979388, 16.229196010731787], [74.78571987595738, 16.22829199520635], [74.784784159651, 16.22829104828866], [74.78478710614561, 16.225579001417312]]], [[[74.81659771011492, 16.229224946071025], [74.8212771390271, 16.228324920768536], [74.82127877033257, 16.22651688562218], [74.82034306040325, 16.22651609558262], [74.82034388024844, 16.22561207794041], [74.8231526112985, 16.22380639975229], [74.82315422501131, 16.221998363652585], [74.81847578210147, 16.221994414614034], [74.81753676358305, 16.225609683209495], [74.81660105813303, 16.22560887671542], [74.81472711083694, 16.228319303197505], [74.81191995669624, 16.22831683377786], [74.81098251328586, 16.230124036177862], [74.81566030476701, 16.23103216938234], [74.81659771011492, 16.229224946071025]]], [[[74.80818058680005, 16.224697415539552], [74.80724488616201, 16.224696567843072], [74.80724136755272, 16.228312635559632], [74.8044342147331, 16.228310067117448], [74.80443242946883, 16.23011810021255], [74.80630388170937, 16.230119816834748], [74.80630476582773, 16.22921580022494], [74.81098337604911, 16.229220019320458], [74.81098423875771, 16.228316002386098], [74.81004852087383, 16.228315166868388], [74.8100519882422, 16.22469909855762], [74.81098768904576, 16.224699933879183], [74.81098941386198, 16.222891899164104], [74.80818233723186, 16.222889381120122], [74.80818058680005, 16.224697415539552]]], [[[74.83343844261111, 16.231950888718867], [74.83343996327214, 16.230142853026504], [74.83250423560973, 16.23014211644522], [74.83250500013908, 16.229238098526842], [74.8306335535019, 16.229236613072104], [74.83063123414068, 16.231948666334873], [74.82875976207143, 16.23194716411089], [74.82875819849782, 16.233755199058333], [74.82969394305182, 16.233755952322173], [74.82969316546317, 16.234659969724646], [74.83156466326339, 16.234661463957753], [74.83250194173118, 16.23285416973866], [74.8343734227337, 16.232855639033396], [74.83437417886458, 16.231951621259668], [74.83343844261111, 16.231950888718867]]], [[[74.78852412944448, 16.231006858045156], [74.78665267089713, 16.231004984509525], [74.78665072296971, 16.232813015132255], [74.78758646075603, 16.232813954073567], [74.78758549097188, 16.23371796932456], [74.78852123309169, 16.23371890419359], [74.78852412944448, 16.231006858045156]]], [[[74.8091032162584, 16.238258508188125], [74.81097474595762, 16.23826018443095], [74.81097733555886, 16.235548135706047], [74.8091067031352, 16.234642443460896], [74.80910931771331, 16.231930394107195], [74.80817358285486, 16.231929550139526], [74.8081744585421, 16.23102553358388], [74.80630299753501, 16.2310238333676], [74.80536371277006, 16.234639042230192], [74.80442796531877, 16.234638181603437], [74.80442707231914, 16.23554219765069], [74.80161981748769, 16.235539590851747], [74.80161891161279, 16.23644360666909], [74.79974740013233, 16.236441848060625], [74.79974831455306, 16.235537832346445], [74.80068406599156, 16.23553871366303], [74.80068679608925, 16.23282666590348], [74.79881531890432, 16.232824899453384], [74.7988144003852, 16.233728915346568], [74.79787865760773, 16.233728025878627], [74.79788050313175, 16.231919994119647], [74.79881623736529, 16.231920883483223], [74.79881899239923, 16.229208835110928], [74.79788327097954, 16.229207945903905], [74.79788419347861, 16.22830392967806], [74.79694847638807, 16.2283030363973], [74.79694754961827, 16.229207052570718], [74.79507610707209, 16.229205253525837], [74.79507517170157, 16.230109269516714], [74.79320372085033, 16.230107453860633], [74.79320183284592, 16.231915485398396], [74.79226609896702, 16.23191457127348], [74.7922642021796, 16.233722602396075], [74.79413568708496, 16.233724426733087], [74.79413662696453, 16.232820411103248], [74.79507236523455, 16.232821317027547], [74.79507142962706, 16.233725332710538], [74.7969419877667, 16.2346311479949], [74.79693642380175, 16.240055240647663], [74.79974374187049, 16.24005791014741], [74.79974648565371, 16.23734586369781], [74.80161800568054, 16.23734762240944], [74.80161709969092, 16.238251638072796], [74.80255286406394, 16.238252511287303], [74.80255015857293, 16.240964557969047], [74.80348593582501, 16.240965427207886], [74.80348683343819, 16.240061411673334], [74.80629415271149, 16.24006399446244], [74.8062932679211, 16.24096801014847], [74.80722904539886, 16.240968862870016], [74.80722992591497, 16.240064847133976], [74.80910147248886, 16.24006654008979], [74.8091032162584, 16.238258508188125]]], [[[74.82595096513394, 16.233752914502322], [74.82595175976189, 16.232848897201116], [74.82782324007701, 16.23285042427627], [74.82782638391402, 16.229234353943465], [74.82501921477406, 16.229232057679013], [74.82501841607635, 16.230136075242886], [74.82314696169341, 16.23013452367787], [74.8231461544025, 16.231038541073744], [74.8203389603983, 16.23103618263955], [74.8203381402415, 16.231940199820077], [74.81846584053568, 16.23284262381384], [74.81752676824108, 16.236457888150476], [74.81659101153379, 16.236457081088307], [74.81565693838854, 16.234648236700675], [74.81191394648948, 16.23464495104377], [74.81191222879816, 16.236452983855582], [74.81378289135034, 16.237358651520342], [74.81378119042715, 16.23916668406397], [74.81284542111321, 16.239165860344364], [74.81284456629683, 16.240069876452374], [74.81658766097063, 16.2400731467495], [74.81658682319726, 16.24097716297231], [74.81845837940199, 16.24097877344075], [74.81846086691894, 16.238266724257976], [74.82033239768955, 16.23826831792863], [74.82033321820994, 16.23736430128691], [74.82126897939983, 16.237365091882943], [74.82127142783057, 16.23465304135678], [74.82220717625331, 16.234653827686028], [74.82220798802116, 16.233749810643896], [74.82595096513394, 16.233752914502322]], [[74.81752510161222, 16.238265921229736], [74.81752593495303, 16.2373619047286], [74.81846169598627, 16.237362707709742], [74.81846086691894, 16.238266724257976], [74.81752510161222, 16.238265921229736]]], [[[74.90832421050146, 16.17413898508077], [74.90832462743023, 16.173234959683928], [74.90738916532293, 16.173234554723418], [74.9073883229299, 16.175042605392733], [74.90832379354622, 16.175043010400916], [74.90832295955627, 16.176851060811135], [74.90925843870912, 16.176851461754776], [74.91113060974422, 16.174140175364805], [74.90832421050146, 16.17413898508077]]], [[[74.86809498430874, 16.180446025002535], [74.86809678459097, 16.177733953923617], [74.87090323078161, 16.177735674994672], [74.87183754681655, 16.17954428819195], [74.87557894370201, 16.180450533072293], [74.87557667901305, 16.184066627831097], [74.87651219112936, 16.184067172958834], [74.8765127530982, 16.183163149352165], [74.87931927688811, 16.18316475995576], [74.8793187276912, 16.18406878365719], [74.88025423994856, 16.184069312328354], [74.88025205984425, 16.187685406491074], [74.88305864791859, 16.18768696818713], [74.88305918022137, 16.18678294466972], [74.883994705389, 16.186783456974712], [74.88399576137726, 16.18497540964937], [74.88493127806244, 16.184975917779703], [74.88493075434292, 16.185879941510642], [74.8868017963284, 16.1858809454872], [74.88680643198573, 16.17774472861492], [74.8886779038788, 16.176841691071544], [74.88867891657982, 16.175033641764227], [74.88961438660988, 16.175034129007116], [74.89148680728667, 16.172323016365578], [74.89335772204143, 16.17232396190226], [74.8933591767595, 16.169611886252977], [74.89523054245466, 16.168708789757073], [74.89523006611621, 16.169612815181548], [74.89616551084009, 16.169613273480408], [74.89616456657926, 16.171421324153304], [74.89429366014815, 16.171420403336874], [74.8942926987516, 16.173228453594618], [74.89709814797529, 16.175037878927935], [74.89709767993484, 16.175941903869354], [74.89522625431952, 16.176845015816806], [74.895224347695, 16.18046111429367], [74.89709533928682, 16.180462027425857], [74.89709580747588, 16.179558002867978], [74.89803129906026, 16.179558453237796], [74.8980285150217, 16.184982599593248], [74.8970929978958, 16.18498214906442], [74.89709206113133, 16.186790197182713], [74.90270565826737, 16.18588881477434], [74.90270521541906, 16.186792838950513], [74.90551093271633, 16.188602152554445], [74.90551050256057, 16.189506176574806], [74.90363898659464, 16.190409360880473], [74.90363810910814, 16.192217408438648], [74.90176700639816, 16.192216552236598], [74.90176655909309, 16.193120575850187], [74.9008310035205, 16.193120141549123], [74.90270078539032, 16.1958330764907], [74.90457192223973, 16.19583392465954], [74.90457148760449, 16.19673794804119], [74.90550706033179, 16.19673836597422], [74.90644518935915, 16.19131463805478], [74.90738073657816, 16.1913150476082], [74.90831544888071, 16.193123500693442], [74.90925100467277, 16.19312390206187], [74.91018737839467, 16.191316251571873], [74.91580066272091, 16.191318548364528], [74.91580027934064, 16.192222572408898], [74.91486472763079, 16.192222199878465], [74.91486356456312, 16.19493427148527], [74.91673469356898, 16.194935012560503], [74.91673431435227, 16.195839036319462], [74.91860508125751, 16.1967437846938], [74.91860471051545, 16.197647808341806], [74.91673355584666, 16.19764708360704], [74.91673203854678, 16.20126317726075], [74.9195380885131, 16.20307230493353], [74.9195395548542, 16.199456211640022], [74.92047514077083, 16.199456563754303], [74.92047477848263, 16.200360587213577], [74.92234595890898, 16.20036127912796], [74.92234737382957, 16.196745184667446], [74.92609000339014, 16.195842494874643], [74.92609134969494, 16.192226398564824], [74.92702690167884, 16.1922267216991], [74.92702955919302, 16.18499452524315], [74.92890059508258, 16.184995158864435], [74.92890027148285, 16.1858991837273], [74.92983579371645, 16.1858994943846], [74.92983419670315, 16.190419617639215], [74.93170528381779, 16.190420226788955], [74.93170466190914, 16.1922282756252], [74.92983355775594, 16.192227666403813], [74.92983227961831, 16.195843763011855], [74.9307678487267, 16.195844069752862], [74.93170279570968, 16.197652420291583], [74.93357425363023, 16.196748989302733], [74.9335748586922, 16.194940941164425], [74.93263929378548, 16.194940646792684], [74.93264052071989, 16.191324549664074], [74.93451161647111, 16.191325134152986], [74.9345122127841, 16.189517085059382], [74.93357667341762, 16.18951679490711], [74.9335772781726, 16.187708745540647], [74.93264174734298, 16.187708451307365], [74.93264236053778, 16.185900401668547], [74.93170683824418, 16.18590010335522], [74.9317077706633, 16.183188028374143], [74.93264328018405, 16.183188326634827], [74.9326435866939, 16.182284301470137], [74.93451459727936, 16.18228488561534], [74.93451519321404, 16.18047683498706], [74.93264419965524, 16.18047625091061], [74.93451608697418, 16.177764758469348], [74.93264511895134, 16.17776417449599], [74.93264542534446, 16.176860148871054], [74.92796802690972, 16.176858617059445], [74.92796868218807, 16.175050565759786], [74.92703321107253, 16.17505024709827], [74.92703354293515, 16.174146221352164], [74.92516260927682, 16.174145571732122], [74.92516192851144, 16.175953623071166], [74.9232909779205, 16.17595295692668], [74.92329062899505, 16.176856982441958], [74.9223551494775, 16.176856643181754], [74.92235479627443, 16.17776066860037], [74.9242257638426, 16.17776134304823], [74.92422507439261, 16.179569393734738], [74.92328958208576, 16.179569058527598], [74.92328923307169, 16.180473083736057], [74.92141824001219, 16.180472400942723], [74.91954614878678, 16.18318377661772], [74.92328818589654, 16.183185158901168], [74.92328783679383, 16.184089183802765], [74.92141645203883, 16.184992525633405], [74.92141573669059, 16.18680057497258], [74.92422231571727, 16.18680159341212], [74.92422162582956, 16.188609642564153], [74.92328609094797, 16.188609307159744], [74.92328574171233, 16.18951333160092], [74.92422128085288, 16.189513667025054], [74.92421990072721, 16.193129764101116], [74.92328434454814, 16.19312942859807], [74.92328399520169, 16.19403345265545], [74.91954175366847, 16.194032069396037], [74.91954212005615, 16.193128045419993], [74.91767100794854, 16.19312732913143], [74.91767175769378, 16.19131928103327], [74.91954321907976, 16.19041597303126], [74.91954358537447, 16.189511948748173], [74.91860804634744, 16.189511592745934], [74.9186098987645, 16.184991470283983], [74.91954541649946, 16.18499182618153], [74.91954578265474, 16.18408780143799], [74.91673924229347, 16.184086721465647], [74.91674000007751, 16.182278671875462], [74.9148689903186, 16.1822779314102], [74.91486860292447, 16.18318195620009], [74.91299718881639, 16.184085223904205], [74.91205967417474, 16.1886049613074], [74.90831753604014, 16.188603380997943], [74.90831795339258, 16.187699356828578], [74.90644731884323, 16.186794517831363], [74.90738663782295, 16.178658705811014], [74.9064511502122, 16.178658296594765], [74.90645072461261, 16.17956232148349], [74.89896725032148, 16.178654874807297], [74.8989695481207, 16.174134750219935], [74.9008404803721, 16.174135630084074], [74.90084093133571, 16.173231604884716], [74.90271185519293, 16.17323246825205], [74.90271229761974, 16.172328442925185], [74.90084138227068, 16.17232757960868], [74.90084183317703, 16.17142355425596], [74.89897138583493, 16.170518649169594], [74.89897230451699, 16.168710598184344], [74.89803686395696, 16.16871015224259], [74.89710329445906, 16.16509359951134], [74.89242617730372, 16.165091288146257], [74.89242568833053, 16.165995313794983], [74.8905543356715, 16.166898385945238], [74.89055284295605, 16.169610462033017], [74.88961739841774, 16.16960997907248], [74.88868094159606, 16.171417542229253], [74.88587458275033, 16.171416056180156], [74.88587510168463, 16.17051203119218], [74.88400420445888, 16.170511019998525], [74.88400473186672, 16.16960699499341], [74.88306928755722, 16.16960648326094], [74.88306769247255, 16.17231855795585], [74.88213223543623, 16.172318042021985], [74.88213169941974, 16.173222066736543], [74.87838985460121, 16.1732199617672], [74.87839040763396, 16.17231593717655], [74.87651949394244, 16.172314860087855], [74.87558516863216, 16.1705062661566], [74.87371427217003, 16.17050516453166], [74.87371484636371, 16.169601139871286], [74.87277940244046, 16.169600582925845], [74.8727805592241, 16.167792533440647], [74.87184512384327, 16.16779197245101], [74.87184570643244, 16.16688794762644], [74.86810398229164, 16.166885662704633], [74.86810338269274, 16.167789687394652], [74.86997366206134, 16.1686948628235], [74.86997247968554, 16.170502911955683], [74.86810158366751, 16.170501761004658], [74.86716492766759, 16.172309227984822], [74.86435855852083, 16.172307458189625], [74.86435979209064, 16.170499409776568], [74.86529523992678, 16.170500003749343], [74.86529952642029, 16.164171831643454], [74.86342869032123, 16.16417064007867], [74.86342931102457, 16.16326661525563], [74.85968765630722, 16.16326418296365], [74.85968829397545, 16.16236015820721], [74.86062370334362, 16.162360772406874], [74.86062497005722, 16.16055272259169], [74.85688271649524, 16.161454266235214], [74.85688336683405, 16.16055024143546], [74.85501322426737, 16.159644951408477], [74.85501190662943, 16.16145300093557], [74.85407650175918, 16.161452362123637], [74.85407583862661, 16.16235638673458], [74.84659326433655, 16.161447103737647], [74.8465925671976, 16.162351128038843], [74.84565715846544, 16.162350452214483], [74.84565645703114, 16.163254476399214], [74.84191264995705, 16.16596380346632], [74.84191049395669, 16.1686758743855], [74.84097505568695, 16.168675177732485], [74.84003816288897, 16.17048252370094], [74.83723182297724, 16.170480396501464], [74.83723330306991, 16.168672350020483], [74.83629786503245, 16.168671632817496], [74.83629860926096, 16.167767609504196], [74.83162144105157, 16.167763962054202], [74.83162373723547, 16.16505189229855], [74.82975212195319, 16.165954428054107], [74.82975057410624, 16.16776247430598], [74.82881514070719, 16.16776172426726], [74.82881436245732, 16.168665747234016], [74.82507181703639, 16.169566728513594], [74.82506943080017, 16.17227879618631], [74.82974747782245, 16.171378565889484], [74.82974825196715, 16.17047454310865], [74.83536092993731, 16.170478957816098], [74.83629488764574, 16.17228772530376], [74.83816579779443, 16.172289155936614], [74.839099789487, 16.174097911121468], [74.84097071693195, 16.17409931725409], [74.84096999364537, 16.175003340239233], [74.84190546169143, 16.175004037179395], [74.84190618072344, 16.174100014153233], [74.84284164456058, 16.174100706940923], [74.84284307397928, 16.17229266057691], [74.84658489574565, 16.17229539029177], [74.84658559337187, 16.171391366834023], [74.84471539699543, 16.170485986823802], [74.84471822090265, 16.166869892238566], [74.84565365084826, 16.166870572371483], [74.84565435246083, 16.165966548493426], [74.84939674023813, 16.165065203659616], [74.84939605567764, 16.165969227772138], [74.85033148159124, 16.165969887318617], [74.85033012084436, 16.16777793539132], [74.85220031787719, 16.16868326630866], [74.85313709199485, 16.166875865492162], [74.85500795271096, 16.166877147677116], [74.85500729357803, 16.167781171865702], [74.85594272825143, 16.167781806831282], [74.85594338313194, 16.166877782605305], [74.85781424409845, 16.1668790401331], [74.85781489043305, 16.165975015756405], [74.85875031672585, 16.16597563831935], [74.85875160076839, 16.16416758926261], [74.86062243646906, 16.164168821915446], [74.86062116943354, 16.165976871117383], [74.86249139722841, 16.166882112035864], [74.86248827126379, 16.171402233673728], [74.8596831914952, 16.169592354112112], [74.85968191546998, 16.171400402321588], [74.85874646361938, 16.171399783649395], [74.85874582129222, 16.172303807602667], [74.86155218972662, 16.17230565139557], [74.8615515601208, 16.17320967538069], [74.86248702059999, 16.17321028179206], [74.86248514430643, 16.175922353394327], [74.8634206175891, 16.175922955800843], [74.86341999633363, 16.17682697955031], [74.86154841149204, 16.17772979415578], [74.86154589186928, 16.181345887794965], [74.86248139064709, 16.18134649452762], [74.86248076489818, 16.1822505177813], [74.86435238832156, 16.181347695652725], [74.86435177108616, 16.182251718977078], [74.86622277743086, 16.18225290371826], [74.86622216867035, 16.183156927035586], [74.86715767615782, 16.1831575132702], [74.8671582806613, 16.182253489918384], [74.86902988318863, 16.181350626480878], [74.8690304791024, 16.18044660290734], [74.86809498430874, 16.180446025002535]], [[74.87371312367328, 16.17231321362235], [74.87464858039357, 16.172313766555177], [74.87464801034456, 16.173217791018047], [74.87371254937023, 16.17321723805267], [74.87371140065466, 16.17502528668321], [74.8718404617978, 16.175024168287095], [74.87277882399353, 16.170504607553426], [74.87371427217003, 16.17050516453166], [74.87371312367328, 16.17231321362235]], [[74.87090675373234, 16.17231153015792], [74.87090557956456, 16.174119578743646], [74.86997011448338, 16.17411900929981], [74.86996952308897, 16.175023033444106], [74.86716311530805, 16.175021300341765], [74.86716492766759, 16.172309227984822], [74.87090675373234, 16.17231153015792]], [[74.92890156575858, 16.18228308381547], [74.92983707096228, 16.182283394399672], [74.92983675168122, 16.18318741951099], [74.92796573278022, 16.183186794192117], [74.92703088744425, 16.181378425173513], [74.92890221277325, 16.180475033399226], [74.92890156575858, 16.18228308381547]]], [[[74.86435115381158, 16.18315574222469], [74.8643499191449, 16.1849637884897], [74.86622034215695, 16.18586899652711], [74.86622216867035, 16.183156927035586], [74.86435115381158, 16.18315574222469]]], [[[74.93076595648289, 16.201268212469785], [74.9335727406394, 16.2012691083048], [74.9335733458933, 16.19946106093434], [74.93170248460738, 16.198556444133928], [74.93170186234357, 16.200364491588253], [74.93076627190686, 16.2003641888756], [74.93076595648289, 16.201268212469785]]], [[[74.93544334189436, 16.203077732065324], [74.93731483417744, 16.202174268725514], [74.93731540536884, 16.200366221375013], [74.93637981481777, 16.200365943373548], [74.9363801046485, 16.199461919599447], [74.93263683898253, 16.202172837364625], [74.93263653204457, 16.20307686084055], [74.93450773859207, 16.203077445776326], [74.93450744016124, 16.20398146920982], [74.9354430477268, 16.203981755515642], [74.93544334189436, 16.203077732065324]]], [[[74.92421644888057, 16.20217000141714], [74.92421610357549, 16.20307402472639], [74.92328050051813, 16.203073689006324], [74.92327980131543, 16.204881735354924], [74.92421541289961, 16.204882071114454], [74.92421575824851, 16.203978047958827], [74.92608697295519, 16.20397870707993], [74.92608730975562, 16.203074683808758], [74.92421644888057, 16.20217000141714]]], [[[74.94479912436375, 16.20398439200137], [74.9429279089001, 16.203983897660237], [74.94292764882238, 16.20488792115964], [74.94105642489758, 16.204887410310473], [74.9410561562757, 16.20579143370304], [74.93824930772544, 16.20579063648438], [74.93824902629423, 16.206694659753285], [74.93637778548793, 16.20669410764181], [74.93637836538838, 16.204886061092065], [74.93450714171148, 16.2048854925665], [74.93450684324279, 16.20578951584637], [74.93169937249903, 16.207596678333463], [74.9326337687271, 16.211213068667124], [74.93356941037057, 16.21121336335043], [74.9363751750259, 16.21483031331259], [74.93918215142946, 16.21483113573416], [74.93918187408659, 16.215735158250553], [74.9401175371901, 16.21573542416188], [74.9401189023973, 16.211215310733348], [74.94386172558407, 16.21031230987568], [74.94479912436375, 16.20398439200137]]], [[[74.86807395567625, 16.2120868032066], [74.86900959960782, 16.212087382301796], [74.86900840509357, 16.213895423996373], [74.87087971013435, 16.213896569956457], [74.8708791213534, 16.21480059075576], [74.87275043507643, 16.21480172029368], [74.8727498547917, 16.215705741082445], [74.87368551597528, 16.215706299700656], [74.8736866679747, 16.213898257980638], [74.87555797338456, 16.21389936271946], [74.87555854079707, 16.212995341679264], [74.87462289234023, 16.21299479140324], [74.87462403558898, 16.211186749156905], [74.87088147625325, 16.21118450709737], [74.8690119881821, 16.208471297990346], [74.86339822753646, 16.208467762425524], [74.86339698214502, 16.210275804319508], [74.86246134697733, 16.210275200565427], [74.8615244492379, 16.212082634134408], [74.8577818750047, 16.212080161131496], [74.85778252339314, 16.211176140593082], [74.8587181626248, 16.211176764989577], [74.85871945074784, 16.209368723608833], [74.85684884191669, 16.208463450109598], [74.856845578853, 16.212983553001315], [74.8559099311722, 16.21298292028772], [74.85590861712446, 16.214790960832037], [74.85497296095262, 16.214790323921754], [74.85497229959952, 16.21569434404119], [74.85871558588875, 16.214792846828747], [74.8596499621463, 16.216601507780833], [74.86152129200885, 16.21660273639978], [74.86152381787213, 16.21298665474122], [74.86245946579709, 16.21298726272358], [74.86246009289691, 16.212083242081054], [74.86620266792777, 16.212085632651302], [74.86620327792514, 16.21118161179149], [74.86807455714228, 16.211182782278033], [74.86807395567625, 16.2120868032066]]], [[[74.85122965826703, 16.215691755024487], [74.85123033668708, 16.214787735057097], [74.85029468072752, 16.214787077535057], [74.85029672852836, 16.212075017287486], [74.84936108541068, 16.21207435575967], [74.8493603985877, 16.212978375880205], [74.84842475124762, 16.212977710191666], [74.84842336893844, 16.214785750123927], [74.84748771310947, 16.214785080234837], [74.84748701762244, 16.215689100046305], [74.84561569756352, 16.215687747821672], [74.84561499349839, 16.216591767476846], [74.8484206037944, 16.218401829065872], [74.84842129514612, 16.217497809445714], [74.85122965826703, 16.215691755024487]]], [[[74.93450355883814, 16.215733766854186], [74.93450415617296, 16.21392572190798], [74.92982620403474, 16.21302020512036], [74.92982652398479, 16.2121161825429], [74.92889087815507, 16.212115871355575], [74.92889022970246, 16.21392391639709], [74.92795457536106, 16.213923601051043], [74.92795326114145, 16.217539690137745], [74.92888893255059, 16.217540005557876], [74.92888860821125, 16.21844402765591], [74.93356698689793, 16.218445542998616], [74.9335672898992, 16.2175415208116], [74.93543892742233, 16.216638075753398], [74.93543922185106, 16.21573405337875], [74.93450355883814, 16.215733766854186]]], [[[74.88584859400237, 16.216617207728714], [74.88585015565224, 16.213905144050624], [74.88491450254845, 16.213904639085733], [74.88491502729867, 16.213000617735634], [74.88210808098667, 16.212999078198575], [74.88210754343777, 16.213903099458243], [74.87836437711945, 16.21480500997057], [74.8774276020856, 16.216612513820905], [74.87649193649061, 16.216611971661298], [74.87649249974395, 16.215707950819628], [74.87368551597528, 16.215706299700656], [74.87368436382984, 16.21751434111319], [74.87462003358426, 16.217514895673922], [74.87461946172436, 16.218418916297434], [74.8764908098768, 16.218420013114013], [74.87649024651635, 16.21932403372504], [74.87929728181561, 16.21932564811965], [74.8792978323725, 16.218421627413836], [74.88116918087785, 16.218422682997005], [74.88210593058663, 16.216615162776062], [74.88584859400237, 16.216617207728714]]], [[[74.9401175371901, 16.21573542416188], [74.94011726409673, 16.216639446617023], [74.94105293148463, 16.21663970842108], [74.94105239378095, 16.218447753131535], [74.94292374567749, 16.21844826443101], [74.94292348533587, 16.21935228670096], [74.94573052610738, 16.21935302276807], [74.94573077364534, 16.21844900045491], [74.94666644966635, 16.218449237549454], [74.94666693616023, 16.21664119266467], [74.9401175371901, 16.21573542416188]]], [[[74.90736638314816, 16.222051815029126], [74.90736511518335, 16.224763878477486], [74.91204404196472, 16.223861847635803], [74.91204444327353, 16.22295782636952], [74.91298013990158, 16.22295821201861], [74.91298212472223, 16.218438104420674], [74.91485347536938, 16.218438863122365], [74.91485425205171, 16.216630819455943], [74.91391858525063, 16.216630442211084], [74.91391897782195, 16.215726420284724], [74.91204765282882, 16.215725653471402], [74.9111128010382, 16.21391721993331], [74.91017714713863, 16.2139168262663], [74.91017673755098, 16.214820848255354], [74.90643410514893, 16.214819232270898], [74.90643325176036, 16.21662727582859], [74.90549758519293, 16.21662686147783], [74.90549715419075, 16.21753088311705], [74.90643282502552, 16.217531297492137], [74.9064319714747, 16.2193393405886], [74.90549629210447, 16.21933892616485], [74.90455974202946, 16.22114655030862], [74.90268836635354, 16.221145700743346], [74.9026888102702, 16.2202416794861], [74.8998817597732, 16.220240374284195], [74.89988404294854, 16.215720267227944], [74.89894838084503, 16.2157198240431], [74.89894792000077, 16.21662384558207], [74.89520525481325, 16.216622031509882], [74.89520573272571, 16.21571801007745], [74.8933344088467, 16.215717078358864], [74.89333489526243, 16.21481305690428], [74.8923992376358, 16.214812584888765], [74.89239874695328, 16.215716606315635], [74.89052742326002, 16.2157156498613], [74.89052792247611, 16.214811628490605], [74.88772094997452, 16.214810162975496], [74.88772043795812, 16.21571418426011], [74.88678477625537, 16.21571368748115], [74.88678374359084, 16.217521729761426], [74.88865508409754, 16.217522719312967], [74.88865457625138, 16.218426740395905], [74.88959025082072, 16.218427229015703], [74.88959075439931, 16.217523207904073], [74.89052642473297, 16.217523692372076], [74.89052592542198, 16.218427713512153], [74.89333294941451, 16.218429142261403], [74.89333100307331, 16.22204522638847], [74.89426669487258, 16.222045694501443], [74.89426621247915, 16.222949715368465], [74.9036231747975, 16.22295416992197], [74.90362185551848, 16.225666232846162], [74.90549327394204, 16.22566707441024], [74.90549413641074, 16.223859032438888], [74.90455843572443, 16.22385861376865], [74.90455887118702, 16.222954592692204], [74.90643026404854, 16.22295542585896], [74.90643069094565, 16.2220514046567], [74.90736638314816, 16.222051815029126]]], [[[74.8980071354895, 16.22656762981377], [74.89800853170777, 16.22385556758229], [74.89707283124972, 16.223855115913572], [74.89707236160362, 16.22475913670779], [74.89613665690584, 16.22475868088751], [74.8961357089846, 16.22656672219172], [74.8980071354895, 16.22656762981377]]], [[[74.91297894870736, 16.225670275654682], [74.91297855159233, 16.2265742967129], [74.91672102660854, 16.227479819485524], [74.9167214066675, 16.22657579841607], [74.91578569286193, 16.22657542917859], [74.91578646144744, 16.22476738685231], [74.91204364063049, 16.224765868825187], [74.91204323927082, 16.225669889937674], [74.91297894870736, 16.225670275654682]]], [[[74.96163551757819, 16.22749269199211], [74.9588283608336, 16.22749216595184], [74.95882817292714, 16.228396187669002], [74.95414976650098, 16.227491206702013], [74.9541499757472, 16.226587184964245], [74.95321426118966, 16.22658698074886], [74.95321447469267, 16.225682958946173], [74.95415018498015, 16.22568316314957], [74.95415039419984, 16.224779141258], [74.95321468818216, 16.22477893706659], [74.95415123094611, 16.221163052922815], [74.95321554200487, 16.221162848779343], [74.95321575542674, 16.220258826515327], [74.94947301687341, 16.220257968750747], [74.94947255586762, 16.222066013101177], [74.95134394219042, 16.222066450282526], [74.95134372020355, 16.222970472368086], [74.95227941765516, 16.22297068478471], [74.952278982178, 16.224778728750096], [74.95134327618764, 16.224778516308536], [74.95134283211546, 16.226586559941406], [74.95040711759933, 16.22658634334935], [74.95040689127183, 16.227490365037717], [74.95227811105816, 16.228394815758115], [74.95227767541546, 16.230202858800673], [74.95321340704238, 16.230203067190534], [74.95321319347175, 16.231107088608674], [74.95508466530872, 16.231107493032543], [74.95508446026793, 16.232011514397485], [74.9560202004777, 16.232011710430765], [74.95602040124682, 16.231107689054323], [74.9588276091363, 16.23110825235903], [74.95882779707848, 16.230204230872598], [74.96069926052195, 16.23020458575439], [74.96069943990996, 16.229300564170227], [74.96163516737774, 16.229300735411275], [74.96163551757819, 16.22749269199211]]], [[[74.9279483298505, 16.2311000132572], [74.92701259441961, 16.231099693432455], [74.92420677205959, 16.22748262503035], [74.92327105379869, 16.227482288777512], [74.92327035339858, 16.22929033097553], [74.92233462661842, 16.22928999055694], [74.92233427211397, 16.230194011520595], [74.92139854108514, 16.230193666955515], [74.92139925861355, 16.228385624991727], [74.92046353614941, 16.228385276341054], [74.92046389915014, 16.22748125526424], [74.91765674470851, 16.227480184618877], [74.91765561719973, 16.230192247430043], [74.91859134813605, 16.23019260850118], [74.91952634439048, 16.232001007019576], [74.92326930263206, 16.23200239369565], [74.9232689523322, 16.232906414448507], [74.92233320846591, 16.232906073950012], [74.92233249925495, 16.234714115184957], [74.92513975655415, 16.234715124417143], [74.92513941473321, 16.235619144978415], [74.92794668504544, 16.235620117118078], [74.92888179233668, 16.237428473951514], [74.93075332311625, 16.237429093221472], [74.93075458789396, 16.233813010682756], [74.92981883958558, 16.233812703184167], [74.9279483298505, 16.2311000132572]]], [[[74.96724818665678, 16.23743786828108], [74.96631272834493, 16.235629679592655], [74.96724848577884, 16.235629826136158], [74.96724863532567, 16.23472580494828], [74.96912014167613, 16.234726085634865], [74.96724908390935, 16.232013740923072], [74.97005630499855, 16.232014155688322], [74.97005644169245, 16.2311101341684], [74.96818511472866, 16.230205840220364], [74.96818569554898, 16.226589753127794], [74.96724998082107, 16.22658961079582], [74.96724983135944, 16.227493632675966], [74.9653783933916, 16.2274933356179], [74.96537855139387, 16.226589313755188], [74.96444283669516, 16.226589159046526], [74.96444267442256, 16.227493180900158], [74.96257123651559, 16.227492859087263], [74.96257072401087, 16.230204924130064], [74.96537791932472, 16.2302054007446], [74.96537760323011, 16.232013443777834], [74.96350595598466, 16.232917151507355], [74.96350545610265, 16.23562921519425], [74.96537697092073, 16.235629528921173], [74.96537681281838, 16.23653355001467], [74.96444105113116, 16.23653339520612], [74.96444072634951, 16.238341437144122], [74.96724803708156, 16.23834188923812], [74.96724773790267, 16.240149930921362], [74.96631195910086, 16.24014978433487], [74.96631180522283, 16.24105380505246], [74.96911915447954, 16.241054232449393], [74.96911929553441, 16.240150211706744], [74.97099098569959, 16.239246455140247], [74.97099125066984, 16.237438413239175], [74.96724818665678, 16.23743786828108]]], [[[74.93543038087083, 16.242854691167313], [74.93636675340406, 16.241046933668542], [74.93823831868275, 16.24104748701298], [74.93823888288395, 16.239239446241907], [74.93730310878402, 16.239239171666615], [74.93636791592681, 16.237430851948375], [74.93449638491347, 16.237430282219904], [74.93449668404476, 16.2365262616309], [74.93356092283966, 16.236525970591046], [74.93356061943508, 16.237429991162983], [74.93075332311625, 16.237429093221472], [74.9298162755224, 16.241044866886064], [74.93168784053404, 16.241045478042476], [74.93168721641445, 16.242853518270042], [74.93075142534906, 16.24285321472095], [74.93075110898442, 16.243757234701476], [74.931686904325, 16.24375753826837], [74.93168628008691, 16.245565578034093], [74.93543038087083, 16.242854691167313]]], [[[74.96818308069857, 16.24286213535137], [74.96818278997567, 16.244670176281684], [74.97099019058754, 16.24467057899645], [74.97099045565844, 16.242862538018915], [74.97005466399641, 16.242862407926324], [74.9700548007942, 16.24195838732973], [74.96818308069857, 16.24286213535137]]], [[[74.9737971123462, 16.248287025654616], [74.9737975912749, 16.24467094453756], [74.97192599080863, 16.244670704973895], [74.97192586253634, 16.245574725354583], [74.9709900580395, 16.245574599369753], [74.97098966034507, 16.248286660027773], [74.9737971123462, 16.248287025654616]]], [[[74.97286067478636, 16.252807007539843], [74.9728607988457, 16.251902987767956], [74.97379663329626, 16.251903105539807], [74.97379699259508, 16.24919104574141], [74.96724594203387, 16.250998174555235], [74.96724579231656, 16.251902194357626], [74.96630995792661, 16.251902047659378], [74.96630949588335, 16.254614106578696], [74.96724534310783, 16.254614253302744], [74.96724504358798, 16.256422292214403], [74.96911675518048, 16.256422573296238], [74.96911689638718, 16.25551855386245], [74.97005274791798, 16.255518688195167], [74.97005302174739, 16.25371064908078], [74.97192470772036, 16.253710905316236], [74.97192483606574, 16.252806885628505], [74.97286067478636, 16.252807007539843]]], [[[74.92326053847941, 16.254602889428305], [74.92325983674806, 16.25641092700804], [74.92419569180184, 16.256411263892492], [74.92513086217494, 16.258219633993484], [74.92700258950859, 16.258220287171213], [74.92700392459436, 16.254604212009838], [74.92606807803328, 16.254603887564038], [74.92606841603038, 16.253699868600137], [74.92419673152949, 16.253699207348127], [74.92419638497553, 16.25460322627327], [74.92326053847941, 16.254602889428305]]], [[[74.98970534919063, 16.2609446705374], [74.98970549043307, 16.258232612808715], [74.99064135492968, 16.25823265621615], [74.99064139772501, 16.25732863681665], [74.99251315240112, 16.256424691744147], [74.9925132208628, 16.254616652551277], [74.99344906825023, 16.25461668354933], [74.99344909819939, 16.25371266383555], [74.99064156887925, 16.253712558448363], [74.9906417399902, 16.25009647884787], [74.98970591399963, 16.250096435463323], [74.98876998535198, 16.251904427890512], [74.9850266472168, 16.25190419647912], [74.98502657877026, 16.252808216321856], [74.9840907399687, 16.25280814813415], [74.98409066723967, 16.253712167895877], [74.9859622892267, 16.254616319838917], [74.98596216086102, 16.256424358992785], [74.9850263049408, 16.256424294922645], [74.98502603104205, 16.26004037229103], [74.98876952322091, 16.26004060382449], [74.98876931774487, 16.263656680014485], [74.99157698828307, 16.263656810282583], [74.99157702681349, 16.262752791343022], [74.99064114091243, 16.262752752058123], [74.99064122652746, 16.260944713952465], [74.98970534919063, 16.2609446705374]]], [[[74.94290861858391, 16.270881428899543], [74.94103677071796, 16.270880915858267], [74.94103785001207, 16.267264843987455], [74.94197375680503, 16.267265102516244], [74.94197349128957, 16.26816912061471], [74.94478122461557, 16.26816987142632], [74.94478097193166, 16.269073889491676], [74.9457168873554, 16.269074131502993], [74.94571713575655, 16.268170113423466], [74.94852486927263, 16.26817081459472], [74.9485253403336, 16.266362778122318], [74.94946124297103, 16.266363003546264], [74.94946170540878, 16.264554966739187], [74.94852581133502, 16.264554741341644], [74.94852675315916, 16.260938666855566], [74.9522702610447, 16.26093954342596], [74.95227047934218, 16.26003552456046], [74.95601457377926, 16.257324277726035], [74.9550797407451, 16.25280398455233], [74.95414390222504, 16.252803784121884], [74.95414411184245, 16.251899764538912], [74.95227244339816, 16.251899351304502], [74.9522726615576, 16.250995331668747], [74.95414453103753, 16.250091725141964], [74.95320956070134, 16.24647544094496], [74.95508117784897, 16.24647584577228], [74.95508138309756, 16.245571825638585], [74.95320977450194, 16.245571420835002], [74.95320998828902, 16.24466740064806], [74.9522741882871, 16.244667192062533], [74.95227484239275, 16.241955131076537], [74.94759590672354, 16.241954026387216], [74.94759566732749, 16.242858046728067], [74.9466598759631, 16.242857813387495], [74.94666036328961, 16.241049772656194], [74.94572458049021, 16.241049535213552], [74.94572482840469, 16.240145514746384], [74.94478904989538, 16.240145273188478], [74.94478829328087, 16.242857334316607], [74.94385250196356, 16.242857088586288], [74.94385198892341, 16.244665128924705], [74.94291618907168, 16.24466487903517], [74.94385096264827, 16.248281208677746], [74.94104351182922, 16.24828044643921], [74.94104297293252, 16.250088485764405], [74.93917132203015, 16.250087956886542], [74.93917160004118, 16.24918393729344], [74.93823577889333, 16.249183666672597], [74.93823521429921, 16.25099170575006], [74.93729938461479, 16.250991430965392], [74.93729909801331, 16.251895450372515], [74.93355576234912, 16.251894309846087], [74.93542831555801, 16.24918283002042], [74.93355667342739, 16.24918225159426], [74.93355697708172, 16.248278232022976], [74.93168565576977, 16.24737361749187], [74.93168628008691, 16.245565578034093], [74.92794339387291, 16.244660319068586], [74.92794306464107, 16.245564338840293], [74.92887886847194, 16.245564654834695], [74.92981306861701, 16.250085064586237], [74.92606942989336, 16.250987811246333], [74.92606841603038, 16.253699868600137], [74.92794010061678, 16.253700513320894], [74.92793944171548, 16.25550855124724], [74.92887529259721, 16.255508867445457], [74.92887561777958, 16.25460484850226], [74.93074731104709, 16.25460546846246], [74.93074762765202, 16.253701449405913], [74.93542683977438, 16.25370292689129], [74.93542654456164, 16.25460694603442], [74.93729795142607, 16.25551152723084], [74.93729881139369, 16.252799469702627], [74.94010577854307, 16.254608320279882], [74.94010687372139, 16.250992242923115], [74.9410427034586, 16.2509925053115], [74.94104243396762, 16.251896524781586], [74.94291410204818, 16.251897037192112], [74.9447867796208, 16.248281454494524], [74.94759423063309, 16.24828216715665], [74.94759447012004, 16.247378147277683], [74.94946586471751, 16.24828262160788], [74.94946424777127, 16.2546107587911], [74.94852840077823, 16.254610533538763], [74.94852816544874, 16.25551455281512], [74.95133571930762, 16.255515216211794], [74.9513352742787, 16.25732325461117], [74.9485276947451, 16.257322591136738], [74.94759231419185, 16.25551432341628], [74.94478476051323, 16.25551361041991], [74.94478400308441, 16.258225667621122], [74.94291201396807, 16.259129190420428], [74.94384608429316, 16.265457570677214], [74.93916659315067, 16.265456278184658], [74.93823012973662, 16.26726404358237], [74.93729422301352, 16.267263768507764], [74.93729479681495, 16.26545573223586], [74.93542300055181, 16.26545516974319], [74.93542270509624, 16.26635918788473], [74.93448680271061, 16.26635890041761], [74.93448560357099, 16.269974972145686], [74.9382298470912, 16.268168061618812], [74.93822899904765, 16.270880115265673], [74.93729307519294, 16.270879840126643], [74.93729278819244, 16.271783857838646], [74.94197216346058, 16.272689209950777], [74.94197163221146, 16.27449724514555], [74.94290757328879, 16.274497499657066], [74.9429073119237, 16.275401517153693], [74.94665109353413, 16.275402493873035], [74.94665133776054, 16.274498476319227], [74.94571539661877, 16.274498238361282], [74.9457158935938, 16.27269020305023], [74.94477996103626, 16.27268996098223], [74.94478021378407, 16.271785943225225], [74.9429083572849, 16.271785446704573], [74.94290861858391, 16.270881428899543]]], [[[74.98128253893249, 16.260040074605154], [74.98221841195243, 16.260040155228413], [74.9822182492942, 16.261848193424946], [74.98409001247117, 16.261848342285315], [74.98409008524162, 16.260944323216858], [74.98502596255653, 16.260944391440535], [74.98502603104205, 16.26004037229103], [74.98315428497753, 16.260040231717145], [74.98315436201887, 16.259136212498834], [74.98128262453397, 16.259136055396052], [74.98128253893249, 16.260040074605154]]], [[[74.9794105103885, 16.262751958089606], [74.97941041620307, 16.263655976980353], [74.97660274584433, 16.263655685427977], [74.97660253176622, 16.26546372294414], [74.97847432912529, 16.26546392147114], [74.97847423064, 16.266367940125253], [74.98221784255858, 16.266368287567857], [74.98221792391598, 16.2654642688934], [74.98128202520992, 16.2654641882418], [74.98128219647243, 16.263656150671135], [74.9794105103885, 16.262751958089606]]], [[[74.97473050320059, 16.267271545055948], [74.97473038757282, 16.268175563531695], [74.97566629908201, 16.268175673154403], [74.97566674442083, 16.264559598763302], [74.97473085004005, 16.26455948916627], [74.97473096563859, 16.26365547038226], [74.97285918546206, 16.26365523879457], [74.9728593096156, 16.262751219947056], [74.97379519541892, 16.26275133780175], [74.97379543514093, 16.260943299861772], [74.97285955789911, 16.26094318202089], [74.97285943376129, 16.261847201022498], [74.97098767074024, 16.261846952921903], [74.97098806881225, 16.259134895729545], [74.97005220015521, 16.259134765499624], [74.97005206319285, 16.260038784633156], [74.96818031734489, 16.260038511754484], [74.9681801718132, 16.260942530794992], [74.97005178924218, 16.26184682266909], [74.96911449465857, 16.270886873758677], [74.97098621049669, 16.27179115669367], [74.97098647607106, 16.26998312033793], [74.9719223961152, 16.269983246522223], [74.97192291003266, 16.266367172856206], [74.97379471588391, 16.266367412757038], [74.97379459598122, 16.2672714313032], [74.97473050320059, 16.267271545055948]]], [[[74.98502562006398, 16.26546448603231], [74.98502541451647, 16.268176541862648], [74.98876911221683, 16.26727275497159], [74.98876926636773, 16.264560698869353], [74.98502562006398, 16.26546448603231]]], [[[74.94852416256947, 16.270882868725216], [74.94665231451182, 16.270882405333023], [74.9457158935938, 16.27269020305023], [74.94852369135958, 16.27269090442678], [74.94852416256947, 16.270882868725216]]], [[[74.98502507185064, 16.27269663337167], [74.9868969378314, 16.272696757509188], [74.98689687785351, 16.273600775586996], [74.98876875241771, 16.273600883179146], [74.98876880382733, 16.272696865095046], [74.9878328708276, 16.272696813371073], [74.98783298220457, 16.270888776977646], [74.98596113335086, 16.270888661129526], [74.98502507185064, 16.27269663337167]]], [[[74.95039601068669, 16.27088331556771], [74.95039555661168, 16.2726913513216], [74.94945962397833, 16.272691129943144], [74.94945939263515, 16.273595147691484], [74.95039532955265, 16.2735953690829], [74.95039487539152, 16.275403404374195], [74.95226676640742, 16.27540383479296], [74.95226720343041, 16.273595799451275], [74.95320314039013, 16.273596008428235], [74.95320335459678, 16.272691990629504], [74.95226742192118, 16.272691781664783], [74.9522678588613, 16.270883745860502], [74.95039601068669, 16.27088331556771]]], [[[74.99438427334412, 16.277217178257505], [74.99438429905543, 16.276313160468728], [74.99251239875068, 16.276313102524316], [74.99251226161068, 16.279929173203154], [74.99532020635684, 16.278121218735706], [74.99532022778429, 16.27721720102271], [74.99438427334412, 16.277217178257505]]], [[[74.99719211095466, 16.279025269488493], [74.99719212381194, 16.278121251850674], [74.99532020635684, 16.278121218735706], [74.99625609650519, 16.281737307448005], [74.99719207237794, 16.281737321939197], [74.99719208523767, 16.28083330453276], [74.9990640284122, 16.280833321093148], [74.99906403269851, 16.27992930360861], [74.99719211095466, 16.279025269488493]]], [[[74.98876792942177, 16.28806516203697], [74.98783192355492, 16.288065110261513], [74.98689603776492, 16.286257020579296], [74.98221613286452, 16.285352661923202], [74.98221621432998, 16.28444864486795], [74.97847225962651, 16.28444829701835], [74.97847206238812, 16.28625633101101], [74.97753606515157, 16.286256233684554], [74.97753596223484, 16.287160250559463], [74.97472795770068, 16.287159933712275], [74.97472807348201, 16.2862559168559], [74.97285607907175, 16.28625568492905], [74.9728562034216, 16.285351668009092], [74.97098421761861, 16.285351419530578], [74.97098435053591, 16.284447402548004], [74.97004836193453, 16.284447272104426], [74.97004904782933, 16.279927186072662], [74.96724084633036, 16.281734804612675], [74.96724054624191, 16.283542838899557], [74.96443259343832, 16.283542385479375], [74.96443226758684, 16.285350419404633], [74.96162428915078, 16.285349928659645], [74.96162464072734, 16.283541894791803], [74.9625606249536, 16.283542062495147], [74.9625607964381, 16.282638045435704], [74.95881687674927, 16.282637349818106], [74.9588170653703, 16.281733332722226], [74.95975304098846, 16.281733512826953], [74.95975414674908, 16.276309408568764], [74.95788224695534, 16.276309044346895], [74.95694590282422, 16.27811689102417], [74.95320206915379, 16.278116096265308], [74.95320185486591, 16.279020113601376], [74.95132992953936, 16.279019691361043], [74.95133059807527, 16.276307639195604], [74.95039464828943, 16.276307421904185], [74.95039487539152, 16.275403404374195], [74.947587038976, 16.27540272770628], [74.94758631905981, 16.278114779946076], [74.94852227737246, 16.27811500968102], [74.94852204165582, 16.2790190269535], [74.94665011647415, 16.27901856331711], [74.94664987217057, 16.279922580485337], [74.94571390531672, 16.279922342443804], [74.94664938351707, 16.281730614590384], [74.9485213344165, 16.281731078308173], [74.94852039122219, 16.28534714570118], [74.94945638384334, 16.28534737140239], [74.94945592073292, 16.287155404662418], [74.95226392441138, 16.287156056994565], [74.95226370569961, 16.28806007354701], [74.9588157447728, 16.28806145077337], [74.95881555606834, 16.288965467329206], [74.95975156598881, 16.288965647518246], [74.95975138156145, 16.28986966400746], [74.96162341001505, 16.289870011979072], [74.96162323415459, 16.290774028411473], [74.96255925268744, 16.290774196193315], [74.96255959581899, 16.288966163231727], [74.96349560578442, 16.288966326851675], [74.96349577304521, 16.28806231024556], [74.96723949563373, 16.289870956473507], [74.96724009603815, 16.286254889751316], [74.96911194883715, 16.287159188189516], [74.96911166578936, 16.288967221583572], [74.97004767582305, 16.288967356207593], [74.97004781306268, 16.28806333954127], [74.9709838188163, 16.288063470015384], [74.9709836858654, 16.288967486689334], [74.97379171604179, 16.288967853280916], [74.9737915959495, 16.289871869899144], [74.97566362468349, 16.28987209359523], [74.97753534459791, 16.292584350188527], [74.97940739912337, 16.2925845407779], [74.9794075878696, 16.29077650785459], [74.98408768138593, 16.290776911773957], [74.98502383735676, 16.28896894684231], [74.98876787795689, 16.288969178809896], [74.98876792942177, 16.28806516203697]]], [[[74.99812796249027, 16.290777502117674], [74.99719194373607, 16.290777491760764], [74.99719196947096, 16.288969458413685], [74.99625595929587, 16.28896944391571], [74.99625597645083, 16.288065427127275], [74.99344795879935, 16.288065358783683], [74.99344798881863, 16.287161341922083], [74.99157598563694, 16.287161275653382], [74.99157602423072, 16.28625725871851], [74.9897040768024, 16.285353158880298], [74.98970374656945, 16.29168127631026], [74.9915757926315, 16.291681359170358], [74.99157583123745, 16.290777342621297], [74.99251184998272, 16.290777377834782], [74.9925118156663, 16.291681394385904], [74.9943838360032, 16.292585468865326], [74.9943837330312, 16.296201534002883], [74.99531977752352, 16.296201556796078], [74.99531973461038, 16.298009588904375], [74.99719184076407, 16.29800962206199], [74.99719178925855, 16.301625685359927], [75.00000000000001, 16.30162570401545], [75.00000000000001, 16.297105624694566], [74.99906395121246, 16.29710562262234], [74.99906395550364, 16.29620160652668], [74.99719186651195, 16.296201589949817], [74.99719193086742, 16.291681508318554], [74.99812795391118, 16.291681518676068], [74.99812796249027, 16.290777502117674]]]]}}, {"id": "3", "type": "Feature", "properties": {"cls": 4, "area_km2": 116.64, "depth_range": "> 5 m", "color": "#1e3a8a", "scenario": "Froehlich-type hydrograph (peak 51,570 m3/s)"}, "geometry": {"type": "MultiPolygon", "coordinates": [[[[74.7773390368888, 16.192122660679313], [74.77921012734166, 16.192124611813014], [74.78014767467603, 16.190317544447048], [74.77734106445789, 16.1903146242643], [74.7773390368888, 16.192122660679313]]], [[[74.78201577091711, 16.193031526019244], [74.78388687052355, 16.193033436103068], [74.78388391796378, 16.19574549111104], [74.78481948064211, 16.195746440145644], [74.7857569947759, 16.193939348245184], [74.78669254905712, 16.193940288934776], [74.78669157765188, 16.194844307437425], [74.78949825364556, 16.194847104970403], [74.78950017083253, 16.193039067559308], [74.7913712714249, 16.193040911779626], [74.79137412119141, 16.190328854761574], [74.7904385836439, 16.190327934871952], [74.79043953770464, 16.18942391576643], [74.7885684713097, 16.18942206374887], [74.78856943382756, 16.188518044675476], [74.7866993471685, 16.187612157265505], [74.7866964340619, 16.19032421415601], [74.78482535963951, 16.19032232910358], [74.78482633925485, 16.18941831032773], [74.78389080639586, 16.1894173616837], [74.78388785458526, 16.192129417613437], [74.78014667370172, 16.191221562864698], [74.78014367039773, 16.19393361765678], [74.78201477827261, 16.193935544319743], [74.78201577091711, 16.193031526019244]]], [[[74.77733700906242, 16.19393069678707], [74.7773390368888, 16.192122660679313], [74.77546794669321, 16.192120693080756], [74.7754648792962, 16.19483274678004], [74.77733700906242, 16.19393069678707]]], [[[74.69313188069884, 16.197441889110156], [74.69313048290161, 16.19834590057592], [74.69406605104865, 16.198347249209448], [74.69406326371175, 16.200155272068816], [74.69499884047073, 16.20015661674265], [74.69498633144858, 16.20829271651408], [74.69218229231386, 16.206480646839907], [74.69217808320313, 16.209192678460397], [74.68843702741607, 16.208283212288546], [74.68749856392417, 16.210089858107267], [74.68281900416241, 16.210986933845824], [74.68281755811557, 16.211890943269594], [74.6818819270976, 16.21188954399006], [74.68187467415738, 16.21640958954343], [74.67906771766302, 16.21640536573635], [74.67906918123519, 16.21550135702766], [74.67813353352228, 16.215499940929956], [74.67813206568337, 16.21640394955547], [74.67626076200341, 16.216401104825966], [74.67625780897792, 16.21820912151193], [74.67532214874386, 16.218207692795513], [74.67532066782321, 16.219111700939113], [74.66970517617222, 16.22000704910601], [74.66970216264308, 16.22181506399129], [74.67063783938185, 16.221816517787467], [74.67063483400835, 16.223624532535396], [74.67157051937984, 16.22362598237776], [74.67156902081946, 16.22452998972131], [74.67250471055505, 16.224531435524025], [74.67344338033499, 16.222724862098897], [74.67531474320224, 16.222727732743508], [74.67531326181239, 16.223631740502082], [74.67718316064747, 16.224538602666264], [74.67811297531185, 16.228156054680333], [74.67998439034855, 16.22815888507878], [74.67998292974822, 16.229062892792292], [74.680918641676, 16.2290643018856], [74.6809200980058, 16.2281602940894], [74.68466292955442, 16.228165888874454], [74.68465717201698, 16.231781920910446], [74.68652719143793, 16.232688702178507], [74.68652003473356, 16.237208740918366], [74.68183982804501, 16.238105781401963], [74.68183256177011, 16.242625815786518], [74.68276833797266, 16.242627217861056], [74.68370122421304, 16.244436629348584], [74.68838157349789, 16.243539550802353], [74.68837730213674, 16.246251571988097], [74.68931309607684, 16.24625294547737], [74.68931451567832, 16.245348938412032], [74.6921218852095, 16.245353033856134], [74.69212047843513, 16.2462570411616], [74.69399066880811, 16.247163758351977], [74.6930492589082, 16.250778433897043], [74.69585670648095, 16.250782481200137], [74.69773386434058, 16.247169128705774], [74.6986696634429, 16.247170460967087], [74.6996027170606, 16.248979804582348], [74.7014743328054, 16.248982448760678], [74.7024128607208, 16.247175748703732], [74.70709185925234, 16.24718226543006], [74.70709052072002, 16.248086273825198], [74.70989528202769, 16.249898151528495], [74.70988997770361, 16.253514184626543], [74.7108258078572, 16.253515463711274], [74.71269352779701, 16.25623003416933], [74.71830858846813, 16.256237573627935], [74.71831116428685, 16.25442955636393], [74.71643949418207, 16.2544270600369], [74.7164407905256, 16.253523051435515], [74.71737662125894, 16.253524301592183], [74.71737791324253, 16.252620292840433], [74.7192495663983, 16.252622780610196], [74.71925084974488, 16.251718771635527], [74.72112249467014, 16.251721242731065], [74.72112376938077, 16.250817233534466], [74.72299540607385, 16.250819687957705], [74.72300046989625, 16.24720364982491], [74.72393627125625, 16.247204870552455], [74.72487710103185, 16.24359004721146], [74.72674866994488, 16.24359246744435], [74.72674742153073, 16.244496477686283], [74.73049057740369, 16.24450126887371], [74.73049303995224, 16.242693247750925], [74.73142882056578, 16.242694435083063], [74.73143004744848, 16.24179042433646], [74.72862271866597, 16.241786850160544], [74.72862519784411, 16.239978828855392], [74.72956096547827, 16.23998002423661], [74.72956343579507, 16.23817200248305], [74.73143495420273, 16.238174380579576], [74.73143618069716, 16.237270369447753], [74.73517920134871, 16.237275075822797], [74.73518403818733, 16.23365902942097], [74.73705551479219, 16.23366135729264], [74.73705311361562, 16.235469380920744], [74.73892341545749, 16.236375704388603], [74.73986154253548, 16.234568830201056], [74.74454025785863, 16.234574516076687], [74.74454142423072, 16.233670503687506], [74.74641290233428, 16.233672749013213], [74.74641406008848, 16.23276873641528], [74.74734979497835, 16.232769852821672], [74.7482878281433, 16.23096293941261], [74.75015928120071, 16.23096515133047], [74.75109728012242, 16.229158224714496], [74.7520329982894, 16.22915932022838], [74.75203186645406, 16.230063333523674], [74.75296758896366, 16.2300644249755], [74.75296871652807, 16.229160411616157], [74.75577587167145, 16.22916366102285], [74.75577475691986, 16.23006767457288], [74.75764620257746, 16.23006982033937], [74.75764730878714, 16.229165806663424], [74.75858302745021, 16.229166873294545], [74.75952313615899, 16.22555187982619], [74.75671603141335, 16.225548680683957], [74.75671714154234, 16.224644666685965], [74.75578144437034, 16.22464359211801], [74.75578367295574, 16.222835564017302], [74.75765615594256, 16.22193369448479], [74.75859734630346, 16.21741468768952], [74.75953300953854, 16.217415749383992], [74.75953520285837, 16.21560771955049], [74.75673045760564, 16.213796492708024], [74.75767494126391, 16.20656543975537], [74.75861055324111, 16.206566504821794], [74.7586127534208, 16.204758473267248], [74.76422637557376, 16.204764776403653], [74.76422744997868, 16.203860760140664], [74.76516304964744, 16.203861796183975], [74.76516518972694, 16.202053763305624], [74.76422959858412, 16.20205272738409], [74.76423067278468, 16.201148710890493], [74.766101846613, 16.201150778493194], [74.76610291222082, 16.200246761801214], [74.76703849497416, 16.200247789364226], [74.76703955625236, 16.199343772535006], [74.77078500318065, 16.196635789697822], [74.77078813487736, 16.193923737340008], [74.77172368813589, 16.193924743896815], [74.77172472764221, 16.193020726231374], [74.77359582583651, 16.19302272687726], [74.77546999130026, 16.19031265689715], [74.7745344548186, 16.190311667039982], [74.77453650768409, 16.18850363066557], [74.77266545195221, 16.18850163883835], [74.7726644170344, 16.18940565694681], [74.76705122587062, 16.18939958234218], [74.7670501653327, 16.190303600016563], [74.76330694455356, 16.191203485082152], [74.76330586684264, 16.19210750235987], [74.76143369234659, 16.19300942835313], [74.76143260597864, 16.193913445354237], [74.76423711655752, 16.19572461031503], [74.7642349689057, 16.197532644147575], [74.7632993991412, 16.197531604412795], [74.76236166447427, 16.199338593840565], [74.76142608632354, 16.199337545747273], [74.76142717310503, 16.198433529207218], [74.75487927437034, 16.197522061505826], [74.7548803908425, 16.196618045250098], [74.75207369663416, 16.19661479035498], [74.75207482581833, 16.195710774213754], [74.75020370522564, 16.195708583825507], [74.7483360231691, 16.192994328859537], [74.74646492871823, 16.19299210592629], [74.74646146490842, 16.195704153643295], [74.74739702487854, 16.19570526736456], [74.7473947238279, 16.19751329892262], [74.74926586103103, 16.197515514274198], [74.7492635767349, 16.19932354578531], [74.74739127170459, 16.200225345683297], [74.74738666785174, 16.203841406954712], [74.74551663086747, 16.202935159142864], [74.74551894984464, 16.201127128769567], [74.74270984933419, 16.202931779335852], [74.74270398665008, 16.207451852930472], [74.74363960173866, 16.207452983984144], [74.74363609603016, 16.210165027417514], [74.74270046814748, 16.210163896164474], [74.7426981221073, 16.21197192460259], [74.74176248576818, 16.211970789095144], [74.74176130837078, 16.212874803132127], [74.743631420715, 16.213781084251902], [74.74362674421444, 16.21739713985549], [74.74269108220219, 16.217396008070775], [74.74268873497223, 16.219204035278], [74.73801038335647, 16.219198313838437], [74.738011578347, 16.218294300609237], [74.73707591251761, 16.218293144018975], [74.7370747132594, 16.21919715718026], [74.73520337329349, 16.21919483149365], [74.73520458108705, 16.218290818468923], [74.7333332499626, 16.218288476426178], [74.73333203363372, 16.219192489313382], [74.7323963639193, 16.21919131203813], [74.73239514324543, 16.220095324779255], [74.73052379551304, 16.22009295771954], [74.72958565457373, 16.221899792837903], [74.72677860818526, 16.221896198528004], [74.72677611506957, 16.223704222631792], [74.72771180565819, 16.22370542500038], [74.72864501997158, 16.22551464732208], [74.72209385900753, 16.22641018342838], [74.72302703394, 16.228219429399818], [74.72115561094016, 16.228216978572796], [74.72115179261354, 16.230929011710426], [74.72021606842175, 16.230927779891356], [74.72021734554905, 16.230023768994762], [74.71834590595066, 16.230021293122295], [74.71834462028104, 16.23092530387359], [74.71928034431082, 16.23092654394574], [74.71927778127043, 16.23273456536282], [74.71740631620608, 16.23273208080044], [74.71740502602023, 16.233636091247675], [74.7136620797862, 16.233631072304256], [74.71365815746847, 16.236343102300374], [74.71178665921208, 16.236340567619095], [74.71178797527963, 16.235436557846107], [74.71085223054907, 16.2354352843882], [74.71085091020875, 16.236339294086484], [74.70897941245313, 16.236336734637348], [74.70898207014068, 16.23452871546402], [74.70617216645141, 16.236332864503854], [74.70617350815552, 16.235428855182736], [74.70523776393057, 16.235427556958463], [74.70524045562864, 16.23361953823743], [74.70056177851097, 16.23361298596911], [74.70056587949394, 16.230900958463042], [74.69869443488089, 16.230898309131483], [74.69869581024432, 16.229994299964186], [74.69776009233944, 16.22999296918675], [74.6977614718866, 16.22908896002053], [74.69869718552064, 16.229090290719874], [74.698699935812, 16.22728227200018], [74.69682852571303, 16.22727960678832], [74.6968312927356, 16.225471588073418], [74.69776698920161, 16.22547292258545], [74.69683820875846, 16.22095153993859], [74.69777388387975, 16.220952874058977], [74.69871230781213, 16.219146183949825], [74.69777664113951, 16.219144854109448], [74.69684373999954, 16.217335500044918], [74.69871505618758, 16.21733816353622], [74.6987164302447, 16.21643415321395], [74.69965208420241, 16.216435478697463], [74.69965619305177, 16.213723447035353], [74.70339875854964, 16.213728706816298], [74.70434653007976, 16.205593908845376], [74.70715600922918, 16.203789771874003], [74.7071586779128, 16.201981747460827], [74.70809426440557, 16.201983034630143], [74.70809559435799, 16.20107902223255], [74.70996808041492, 16.200177571439227], [74.70997072285087, 16.19836954595844], [74.7109062925475, 16.198370820471755], [74.71090760937838, 16.197466807541108], [74.70997204394314, 16.19746553310272], [74.70997600671723, 16.194753494074288], [74.71091155936989, 16.194754768287922], [74.71091945709806, 16.189330687706228], [74.70998393000328, 16.189329413942094], [74.70998657042841, 16.18752138661656], [74.71092208900605, 16.187522660230865], [74.71092472058005, 16.185714632448157], [74.71186023072514, 16.185715901798215], [74.71186154212926, 16.184811887716947], [74.70999053043785, 16.18480934505199], [74.70905767281953, 16.183000039604696], [74.70718667866036, 16.182997472556764], [74.70718801109888, 16.182093458620795], [74.70812350387949, 16.182094744125965], [74.7081248319769, 16.18119073003754], [74.70718934345281, 16.181189444608002], [74.70719467202288, 16.177573387788748], [74.7053237292755, 16.17757080519804], [74.70532506971698, 16.176666790953217], [74.70438960272598, 16.17666549356587], [74.70438825802934, 16.177569507734347], [74.70345278686855, 16.177568206158423], [74.70345008870797, 16.17937623411176], [74.70157912962125, 16.17937361831538], [74.70157369822121, 16.1829896726846], [74.69970270542817, 16.182987039817792], [74.69969860542913, 16.185699079323346], [74.6940855525084, 16.185691080583304], [74.69408833701733, 16.183883055264147], [74.69315283701978, 16.18388170789898], [74.69315423339877, 16.182977695203416], [74.69408972913925, 16.18297904248932], [74.69409251311805, 16.181171016709172], [74.69502800043361, 16.18117235972336], [74.69503216297127, 16.178460320239914], [74.69409668842363, 16.17845897746279], [74.69409947151895, 16.176650950914475], [74.69316400557024, 16.17664960418342], [74.69316540124026, 16.175745590873316], [74.69129447811869, 16.175742885234563], [74.69129728621084, 16.173934858702456], [74.6903618332926, 16.173933499875467], [74.69036324145901, 16.173029486574197], [74.68849234439918, 16.173026756747234], [74.68848809410564, 16.17573879593854], [74.6875526329475, 16.175737424616432], [74.68755405405659, 16.17483341171018], [74.6856831405205, 16.174830656892983], [74.68568457004801, 16.17392664407208], [74.68381366538365, 16.173923872972136], [74.68381222734749, 16.174827885629924], [74.68100295639884, 16.17663172249154], [74.68100875977962, 16.17301567299996], [74.67726843730196, 16.17210602023003], [74.6763388808616, 16.16848855053703], [74.67540345492661, 16.16848712643365], [74.67540493059549, 16.167583113984307], [74.67353408751178, 16.167580253616723], [74.67354002326402, 16.1639642037253], [74.67447542775193, 16.163965635626507], [74.67448134499344, 16.16034958416951], [74.67541673257269, 16.160351011625817], [74.67541820739811, 16.159446998485592], [74.67448282406886, 16.159445571113377], [74.67448873943081, 16.15582951812143], [74.67542410576284, 16.155830945157295], [74.67542558011976, 16.154926931633387], [74.67449021803638, 16.154925504681604], [74.67355782147266, 16.153116046682516], [74.67449317496562, 16.153117477571772], [74.67449465328929, 16.152213463901784], [74.67823605120675, 16.15221914606754], [74.67823751244623, 16.15131513198596], [74.68010820346818, 16.151317948270446], [74.6801096561202, 16.15041393394617], [74.6829156806031, 16.150418127336994], [74.68291136059817, 16.153130170821182], [74.68572027874154, 16.15132629859988], [74.68572313298723, 16.149518268890343], [74.68385389333267, 16.148611487387303], [74.68385676401951, 16.146803457543758], [74.68292143932831, 16.14680206828428], [74.68198900203373, 16.144992645098633], [74.67637563824164, 16.145888214182293], [74.6763859198452, 16.139560111411456], [74.67732120993014, 16.139561528729892], [74.6773226741133, 16.138657513658092], [74.67919324607472, 16.13866033582248], [74.6791947016777, 16.13775632050757], [74.67732413820332, 16.13775349850963], [74.67732560220023, 16.136849483284514], [74.6763903248458, 16.136848066216828], [74.67545210252436, 16.13865467508661], [74.67358301237411, 16.1377478052954], [74.67358153131005, 16.138651820108063], [74.67170947082676, 16.1395529632891], [74.66984338599484, 16.136838031907143], [74.66797283289084, 16.136835128050027], [74.66797584546184, 16.13502709906333], [74.66610530971236, 16.135024179145635], [74.66610379498943, 16.135928193505055], [74.6651685230164, 16.135926727308547], [74.66516548479528, 16.137734755624457], [74.66142129137098, 16.139536876443977], [74.66141668180333, 16.142248916837687], [74.66048138060991, 16.142247429522183], [74.65954298900095, 16.144053964298408], [74.65486644255351, 16.144046444780123], [74.65486800908484, 16.14314243216461], [74.64645026998325, 16.14312863934491], [74.64643582367687, 16.151264742803303], [74.65017719290793, 16.151270917249697], [74.6501756042425, 16.15217492872536], [74.65204629796, 16.15217799149844], [74.65298479671519, 16.15037149315812], [74.65485547404501, 16.150374530940994], [74.6548507717613, 16.153086566716308], [74.65578612331832, 16.153088079717925], [74.65578455993922, 16.153992091578733], [74.65765527184718, 16.153995105442764], [74.6576459404738, 16.159419176061604], [74.65858132207016, 16.1594206773655], [74.65857821932187, 16.161228700467962], [74.65764282922534, 16.161227198987177], [74.65764127345284, 16.162131210334817], [74.65951206224547, 16.16213420936525], [74.65951051487565, 16.163038220812773], [74.66044591367032, 16.163039714253912], [74.6585704607261, 16.16574875688065], [74.66137669537154, 16.16575323799573], [74.66137515611219, 16.16665724931182], [74.66231057210841, 16.166658734886337], [74.66230443110331, 16.17027477973273], [74.66323986420713, 16.170276261546967], [74.66323527018984, 16.172988294637086], [74.65949503577035, 16.172078331064807], [74.65949193876943, 16.173886352193602], [74.66042738859433, 16.17388784669034], [74.66042584420065, 16.174791857227483], [74.6594903901215, 16.17479036264277], [74.65855183004042, 16.17659688443808], [74.65387294460062, 16.177493338082634], [74.65387137002726, 16.178397347691558], [74.65013108060487, 16.177487218875562], [74.64919880625402, 16.175677660246638], [74.64639243515144, 16.17567301587442], [74.6463747370049, 16.185617111070815], [74.64918124856, 16.185621758450104], [74.64917965179805, 16.186525766916514], [74.64636990809284, 16.188329135419202], [74.64636024751067, 16.193753182039828], [74.64823133177146, 16.19375628604953], [74.64822972983727, 16.19466029373297], [74.64916527638043, 16.194661839654003], [74.64916208072836, 16.196469854971923], [74.65103319116085, 16.196472934825966], [74.65103636977051, 16.19466491914592], [74.6519719166169, 16.194666452716795], [74.65291378549509, 16.191051949167566], [74.65197825558734, 16.191050420073108], [74.6519798400786, 16.190146411719933], [74.65010878908319, 16.190143341364333], [74.65011038199162, 16.189239333114823], [74.65198300875956, 16.188338394782907], [74.65292642454516, 16.18381987946999], [74.65760390525521, 16.183827459638138], [74.65760546340053, 16.18292345013405], [74.65947799739777, 16.182022443470192], [74.66040730382711, 16.18563997767998], [74.6613428090767, 16.185641469206097], [74.66134126766585, 16.186545478832], [74.6632122869738, 16.186548449716014], [74.66601273521242, 16.19016891465792], [74.67162589939504, 16.190177656554297], [74.67162440434574, 16.19108166674501], [74.67255993630224, 16.191083109408144], [74.6725584454175, 16.191987119606814], [74.67442951813287, 16.191989992754657], [74.67442803567296, 16.192894003045396], [74.67536357643156, 16.19289543352937], [74.67536653273818, 16.19108741270277], [74.67723759749815, 16.191090260986844], [74.6772361279106, 16.191994271606077], [74.68191381273468, 16.19200132070412], [74.68191236435251, 16.192905331661002], [74.68378344744669, 16.19290812265194], [74.68377624676283, 16.197428177103642], [74.68471180974979, 16.197429566833137], [74.6847103736003, 16.198333577574495], [74.6856459409397, 16.198334963267932], [74.68565166794733, 16.194718919515303], [74.68658721833373, 16.194720300766125], [74.6865929268489, 16.191104255458477], [74.68752846028637, 16.19110563226863], [74.688461156776, 16.19291502809393], [74.692203325861, 16.192920478353894], [74.69126075319375, 16.197439179649056], [74.69313188069884, 16.197441889110156]], [[74.69220472738608, 16.192016466506363], [74.69314026562056, 16.192017818701046], [74.69313886835523, 16.192921830628094], [74.692203325861, 16.192920478353894], [74.69220472738608, 16.192016466506363]]], [[[74.77075574526651, 16.221948245009465], [74.7726271162474, 16.221950257668816], [74.77262815353016, 16.221046242327773], [74.77169247227526, 16.22104523811916], [74.77169663782057, 16.217429176221476], [74.76889175364623, 16.215618108511432], [74.76889069969012, 16.21652212407677], [74.76701938045574, 16.21652007914443], [74.76701831789846, 16.21742409451276], [74.76608265411495, 16.21742306580208], [74.76514270535375, 16.221038093188188], [74.76607838614106, 16.22103912626446], [74.76701194114071, 16.22284818510715], [74.76888332012696, 16.222850230880145], [74.76888226563645, 16.223754245830005], [74.769817959499, 16.223755262589535], [74.77075574526651, 16.221948245009465]]], [[[74.7258016083899, 16.251727348157967], [74.7258028617136, 16.25082333860352], [74.72299540607385, 16.250819687957705], [74.722992873682, 16.25262770656154], [74.72392870070388, 16.252628927718494], [74.72392743866573, 16.253532936976324], [74.72486327004538, 16.253534154072252], [74.72486578548627, 16.251726135336817], [74.7258016083899, 16.251727348157967]]], [[[74.79981855118372, 16.16592839145469], [74.80168849625241, 16.166834163753343], [74.80169120046735, 16.16412209832108], [74.79982037094317, 16.16412034796267], [74.79981855118372, 16.16592839145469]]], [[[74.87464858039357, 16.172313766555177], [74.87371312367328, 16.17231321362235], [74.87371427217003, 16.17050516453166], [74.87277882399353, 16.170504607553426], [74.8718404617978, 16.175024168287095], [74.87371140065466, 16.17502528668321], [74.87371254937023, 16.17321723805267], [74.87464801034456, 16.173217791018047], [74.87464858039357, 16.172313766555177]]], [[[74.79320183284592, 16.231915485398396], [74.79320372085033, 16.230107453860633], [74.79507517170157, 16.230109269516714], [74.79507610707209, 16.229205253525837], [74.79694754961827, 16.229207052570718], [74.79694847638807, 16.2283030363973], [74.79788419347861, 16.22830392967806], [74.79788327097954, 16.229207945903905], [74.79881899239923, 16.229208835110928], [74.79881715576809, 16.231016867436093], [74.79975288578824, 16.231017752620826], [74.79975471387709, 16.229209720191783], [74.80069043541282, 16.229210601146463], [74.80256458192174, 16.226500300993468], [74.8035002908181, 16.226501169416718], [74.8044342147331, 16.228310067117448], [74.80724136755272, 16.228312635559632], [74.80724488616201, 16.224696567843072], [74.80818058680005, 16.224697415539552], [74.80818233723186, 16.222889381120122], [74.806311836759, 16.221983664576346], [74.80631095308854, 16.222887681801705], [74.80443956916918, 16.22288596598536], [74.80443867690448, 16.223789983033054], [74.80350298076033, 16.22378911888743], [74.80350387729415, 16.22288510189046], [74.7997620239171, 16.221977587397518], [74.7997592830862, 16.224689637772443], [74.79882358295934, 16.224688752951284], [74.79788972724613, 16.22287983070706], [74.79227557930119, 16.222874411042646], [74.79227652700436, 16.221970394596347], [74.79040515337115, 16.22196855515379], [74.7904070656711, 16.220160522246378], [74.7894713874821, 16.22015959644749], [74.78947330807549, 16.218351563341084], [74.78853763848312, 16.218350633527656], [74.78853860295604, 16.21744661691367], [74.77357106411785, 16.21471913246008], [74.77356899894018, 16.21652716425966], [74.7745046589876, 16.216528159927996], [74.77450363056779, 16.217432175770888], [74.77263230200403, 16.217430180194267], [74.77263022789852, 16.21923821141488], [74.77543724644764, 16.219241198946154], [74.77543622210032, 16.220145214616494], [74.7763718993482, 16.220146202271295], [74.77637087920425, 16.22105021792268], [74.77824224243018, 16.221052180976375], [74.7782412307587, 16.221956196666078], [74.7810482888833, 16.22195911048796], [74.78292263208124, 16.21924898426324], [74.7838583055706, 16.219249938872203], [74.78385731963536, 16.220153955055725], [74.7876000312869, 16.220157732478498], [74.78759906236235, 16.221061748806868], [74.78947042709412, 16.221063612885303], [74.78946946664529, 16.221967629246183], [74.78853377998028, 16.221966699214352], [74.78853281520178, 16.222870715443705], [74.78478710614561, 16.225579001417312], [74.784784159651, 16.22829104828866], [74.78852412944448, 16.231006858045156], [74.78852123309169, 16.23371890419359], [74.7922642021796, 16.233722602396075], [74.79226609896702, 16.23191457127348], [74.79320183284592, 16.231915485398396]]], [[[74.86341688946459, 16.181347097146872], [74.86341626797245, 16.182251120436014], [74.86154589186928, 16.181345887794965], [74.86154841149204, 16.17772979415578], [74.86341999633363, 16.17682697955031], [74.8634206175891, 16.175922955800843], [74.86248514430643, 16.175922353394327], [74.86248702059999, 16.17321028179206], [74.8615515601208, 16.17320967538069], [74.86155218972662, 16.17230565139557], [74.85874582129222, 16.172303807602667], [74.85874646361938, 16.171399783649395], [74.85968191546998, 16.171400402321588], [74.8596831914952, 16.169592354112112], [74.86248827126379, 16.171402233673728], [74.86249139722841, 16.166882112035864], [74.86062116943354, 16.165976871117383], [74.86062243646906, 16.164168821915446], [74.85875160076839, 16.16416758926261], [74.85875031672585, 16.16597563831935], [74.85781489043305, 16.165975015756405], [74.85781424409845, 16.1668790401331], [74.85594338313194, 16.166877782605305], [74.85594272825143, 16.167781806831282], [74.85500729357803, 16.167781171865702], [74.85500795271096, 16.166877147677116], [74.85313709199485, 16.166875865492162], [74.85220031787719, 16.16868326630866], [74.85033012084436, 16.16777793539132], [74.85033148159124, 16.165969887318617], [74.84939605567764, 16.165969227772138], [74.84939674023813, 16.165065203659616], [74.84565435246083, 16.165966548493426], [74.84565365084826, 16.166870572371483], [74.84471822090265, 16.166869892238566], [74.84471539699543, 16.170485986823802], [74.84565084395233, 16.170486667116922], [74.84658489574565, 16.17229539029177], [74.84284307397928, 16.17229266057691], [74.84284164456058, 16.174100706940923], [74.84190618072344, 16.174100014153233], [74.84190546169143, 16.175004037179395], [74.84096999364537, 16.175003340239233], [74.84097071693195, 16.17409931725409], [74.839099789487, 16.174097911121468], [74.83816579779443, 16.172289155936614], [74.83629488764574, 16.17228772530376], [74.83536092993731, 16.170478957816098], [74.82974825196715, 16.17047454310865], [74.82974747782245, 16.171378565889484], [74.82506943080017, 16.17227879618631], [74.82319610980396, 16.174989317156104], [74.81851877493884, 16.174985380170483], [74.81851794949044, 16.175889402021763], [74.81758247841876, 16.17588860224256], [74.81758413777249, 16.174080558557424], [74.81571321280613, 16.17407894685304], [74.81571237464651, 16.174982968639096], [74.81384059466147, 16.175885362006678], [74.81384144138393, 16.17498134039318], [74.81103504189396, 16.174978867186862], [74.81103676070401, 16.17317082402085], [74.8091658450007, 16.17316915485486], [74.80916671283187, 16.172265133255035], [74.80823125931674, 16.17226429255477], [74.80823474710364, 16.168648205586326], [74.80729931065714, 16.16864736097406], [74.80730018671808, 16.16774333908992], [74.80823561891194, 16.167744183652452], [74.80917452083273, 16.164128935404886], [74.80823910559138, 16.164128095150033], [74.80823997712282, 16.163224072832723], [74.80636915530908, 16.16322238009646], [74.8063700352872, 16.162318357802164], [74.80356381573961, 16.16231578803534], [74.80356292300844, 16.16321981017827], [74.80449833371897, 16.163220670926172], [74.80355667230211, 16.16954796303152], [74.80542666863039, 16.170453702757452], [74.80542489910466, 16.17226174578841], [74.803553099222, 16.173164048688783], [74.80355131234158, 16.174972091057104], [74.80168038051539, 16.174970355908144], [74.8016794784805, 16.17587437687508], [74.79980762777153, 16.176776645963532], [74.79980489561773, 16.179488707864387], [74.7988694086291, 16.179487825639573], [74.79980034087167, 16.18400880949742], [74.79699381623011, 16.18400614970204], [74.797927485052, 16.18581508032227], [74.79512093521568, 16.185812395526646], [74.79511813745268, 16.188524454338545], [74.79418260818366, 16.188523551018193], [74.79324519646697, 16.190330682193558], [74.79511627198143, 16.19033249316254], [74.79511533915702, 16.191236512459334], [74.79698734773261, 16.190334287668502], [74.7969854990627, 16.19214232639637], [74.79792104554544, 16.19214321758053], [74.79792012538242, 16.19304723688167], [74.80259787996596, 16.193051631317218], [74.80259877882933, 16.192147611757687], [74.80353432565828, 16.192148478244377], [74.80353790350449, 16.188532399034433], [74.80260237371256, 16.188531532751554], [74.80260417081206, 16.186723492787753], [74.80073403541363, 16.185817728086967], [74.80073766275925, 16.182201647341472], [74.80167316263248, 16.182202521494872], [74.80167406506833, 16.181298501065147], [74.80541604810463, 16.18130195633958], [74.80541958917898, 16.17768587303996], [74.80635506805517, 16.177686726374322], [74.80635418712649, 16.178590747364574], [74.81196708708227, 16.17859578130698], [74.81196794247727, 16.177691760020494], [74.81290342173924, 16.17769258456818], [74.81290171940648, 16.17950062716147], [74.81383720723402, 16.179501447693344], [74.81477100959157, 16.1813103065913], [74.81851299569942, 16.181313531518054], [74.81851216988413, 16.182217552832178], [74.81664033382923, 16.18311996964409], [74.81757417848904, 16.18492881606404], [74.82038071955017, 16.18493120447092], [74.82224932004866, 16.187644839519137], [74.82412037343634, 16.187646395035884], [74.82411957280573, 16.18855041609004], [74.82598984275018, 16.189455976304977], [74.82598905053622, 16.190359997296106], [74.82505351093887, 16.190359229689964], [74.82505112121638, 16.1930712920672], [74.82692143786468, 16.193976844162716], [74.82691907310033, 16.196688905888532], [74.8259835036311, 16.196688142083854], [74.82504634040679, 16.198495414748088], [74.82598191834862, 16.198496182760543], [74.82691591938112, 16.200304987114254], [74.82504474639923, 16.200303455027207], [74.82410755724915, 16.202110722687046], [74.82597874718033, 16.202112263192078], [74.82597795426257, 16.203016283107885], [74.82784915292073, 16.20301780722674], [74.82784836847908, 16.20392182715528], [74.82878397214611, 16.203922583080363], [74.82878163131397, 16.206634642538212], [74.82690960954227, 16.20753714587785], [74.8269064534225, 16.211153223415224], [74.82784209115515, 16.211153983817066], [74.82783581064717, 16.218386135559133], [74.82877148256227, 16.21838689219503], [74.82877070154267, 16.219290910861197], [74.82689934922665, 16.219289393376997], [74.82502560253494, 16.221999914398204], [74.82315422501131, 16.221998363652585], [74.8231526112985, 16.22380639975229], [74.82034388024844, 16.22561207794041], [74.82034306040325, 16.22651609558262], [74.82127877033257, 16.22651688562218], [74.8212771390271, 16.228324920768536], [74.81659771011492, 16.229224946071025], [74.81566030476701, 16.23103216938234], [74.81098251328586, 16.230124036177862], [74.81098337604911, 16.229220019320458], [74.80630476582773, 16.22921580022494], [74.80630299753501, 16.2310238333676], [74.8081744585421, 16.23102553358388], [74.80817358285486, 16.231929550139526], [74.80910931771331, 16.231930394107195], [74.8091067031352, 16.234642443460896], [74.81004245086513, 16.23464328344949], [74.81004158350137, 16.23554729979605], [74.811913087671, 16.235548967488164], [74.81191394648948, 16.23464495104377], [74.81565693838854, 16.234648236700675], [74.81565609666069, 16.235552253337833], [74.81752676824108, 16.236457888150476], [74.81846584053568, 16.23284262381384], [74.81940158025812, 16.232843422432325], [74.8203389603983, 16.23103618263955], [74.82501841607635, 16.230136075242886], [74.82501921477406, 16.229232057679013], [74.82782638391402, 16.229234353943465], [74.82782324007701, 16.23285042427627], [74.82875898030939, 16.232851181623086], [74.82875976207143, 16.23194716411089], [74.83063123414068, 16.231948666334873], [74.83063587242246, 16.226524559116825], [74.83157158290518, 16.226525303776175], [74.83251187872442, 16.22110193379935], [74.83438400420917, 16.220199383199592], [74.83532494234927, 16.21387197718857], [74.83626059331769, 16.213872700625615], [74.83719475953824, 16.21568145874286], [74.839066078777, 16.215682885174008], [74.83906901404859, 16.21206680692681], [74.83813337147113, 16.212066095939583], [74.83532944679185, 16.20844785944513], [74.83345819618415, 16.208446400719], [74.83345895528716, 16.207542380911786], [74.83252333431993, 16.207541645410974], [74.83252638730626, 16.203925565586445], [74.83159078344298, 16.20392482613906], [74.83159231817194, 16.20211678585266], [74.83346426766079, 16.201214240109547], [74.83346730224427, 16.197598157960858], [74.83253172816939, 16.197597422935385], [74.83253477902672, 16.19398133973056], [74.83159922204386, 16.19398060076115], [74.83159998889748, 16.193076579811397], [74.83347185267615, 16.192174032433567], [74.83347412724262, 16.189461968633225], [74.83160382243588, 16.18855647391079], [74.83067368577444, 16.182227579907366], [74.83254545093212, 16.181325038838914], [74.83254468896756, 16.18222906083013], [74.83348019063679, 16.182229795121085], [74.83347791722471, 16.184941860763843], [74.83628446083533, 16.184944039339477], [74.83628371570853, 16.18584806119505], [74.8353481968662, 16.185847339075035], [74.83534669795432, 16.187655382470936], [74.83908880767198, 16.187658246600364], [74.8390873426399, 16.18946629002612], [74.84283020267502, 16.18856506680443], [74.8428287716222, 16.190373110405837], [74.84657093391671, 16.190375843334923], [74.84657163242915, 16.18947182141188], [74.84563609604753, 16.189471144393142], [74.8456382040948, 16.186759078282847], [74.84657372770053, 16.186759755182138], [74.84657442603569, 16.18585573295204], [74.84844546486363, 16.185857074327178], [74.84844615463884, 16.184953051941402], [74.85031718512624, 16.184954376780208], [74.85031650386668, 16.185858399243916], [74.85218754304269, 16.185859707702246], [74.85218552455477, 16.188571774863735], [74.85124999217021, 16.18857112257678], [74.85124931499661, 16.18947514477205], [74.85499146182562, 16.189477729379895], [74.85592371861867, 16.193998476014716], [74.85685927677154, 16.193999107947942], [74.85685732104272, 16.19671117360107], [74.85779289201936, 16.196711801528263], [74.8577909487032, 16.199423866600952], [74.85872653250576, 16.19942449052065], [74.85872524528078, 16.20123253359175], [74.85966083764875, 16.201233153466077], [74.85965891929406, 16.20394521760589], [74.85872331413721, 16.203944597622264], [74.85872267034102, 16.204848618812118], [74.85685145162304, 16.204847366412924], [74.8568507992585, 16.205751387452352], [74.85778641286073, 16.20575201574871], [74.85778511653591, 16.207560057670893], [74.85684949440532, 16.20755942930069], [74.85684884191669, 16.208463450109598], [74.85871945074784, 16.209368723608833], [74.8587181626248, 16.211176764989577], [74.85778252339314, 16.211176140593082], [74.8577818750047, 16.212080161131496], [74.8615244492379, 16.212082634134408], [74.86152508056365, 16.211178613450734], [74.86339698214502, 16.210275804319508], [74.86339822753646, 16.208467762425524], [74.8690119881821, 16.208471297990346], [74.87088147625325, 16.21118450709737], [74.87462403558898, 16.211186749156905], [74.87462289234023, 16.21299479140324], [74.87555854079707, 16.212995341679264], [74.87555797338456, 16.21389936271946], [74.8736866679747, 16.213898257980638], [74.87368551597528, 16.215706299700656], [74.87649249974395, 16.215707950819628], [74.87649193649061, 16.216611971661298], [74.8774276020856, 16.216612513820905], [74.87836437711945, 16.21480500997057], [74.8802356914179, 16.214806073550562], [74.88023623753388, 16.213902052429244], [74.88210754343777, 16.213903099458243], [74.88210808098667, 16.212999078198575], [74.88491502729867, 16.213000617735634], [74.88491450254845, 16.213904639085733], [74.88585015565224, 16.213905144050624], [74.88584859400237, 16.216617207728714], [74.88678425993946, 16.216617708659722], [74.88772094997452, 16.214810162975496], [74.89052792247611, 16.214811628490605], [74.89052742326002, 16.2157156498613], [74.89239874695328, 16.215716606315635], [74.8923992376358, 16.214812584888765], [74.89333489526243, 16.21481305690428], [74.8933344088467, 16.215717078358864], [74.89520573272571, 16.21571801007745], [74.89520525481325, 16.216622031509882], [74.89894792000077, 16.21662384558207], [74.89894838084503, 16.2157198240431], [74.89988404294854, 16.215720267227944], [74.8998817597732, 16.220240374284195], [74.9026888102702, 16.2202416794861], [74.90268836635354, 16.221145700743346], [74.90455974202946, 16.22114655030862], [74.9045601774093, 16.220242529001496], [74.9064319714747, 16.2193393405886], [74.90643282502552, 16.217531297492137], [74.90549715419075, 16.21753088311705], [74.90549758519293, 16.21662686147783], [74.90643325176036, 16.21662727582859], [74.90643410514893, 16.214819232270898], [74.91017673755098, 16.214820848255354], [74.91017714713863, 16.2139168262663], [74.9111128010382, 16.21391721993331], [74.91204765282882, 16.215725653471402], [74.91391897782195, 16.215726420284724], [74.91391858525063, 16.216630442211084], [74.91485425205171, 16.216630819455943], [74.91485347536938, 16.218438863122365], [74.91298212472223, 16.218438104420674], [74.91298013990158, 16.22295821201861], [74.91204444327353, 16.22295782636952], [74.91204364063049, 16.224765868825187], [74.91578646144744, 16.22476738685231], [74.91578569286193, 16.22657542917859], [74.9167214066675, 16.22657579841607], [74.91672102660854, 16.227479819485524], [74.92046389915014, 16.22748125526424], [74.92046353614941, 16.228385276341054], [74.92139925861355, 16.228385624991727], [74.92139854108514, 16.230193666955515], [74.92233427211397, 16.230194011520595], [74.92233462661842, 16.22928999055694], [74.92327035339858, 16.22929033097553], [74.92327105379869, 16.227482288777512], [74.92420677205959, 16.22748262503035], [74.92420642614121, 16.22838664618756], [74.9251421486946, 16.2283869783341], [74.92514180702517, 16.22929099943388], [74.92607753387107, 16.229291327473643], [74.92607719645113, 16.230195348515753], [74.92701292758953, 16.230195672448254], [74.92701259441961, 16.231099693432455], [74.93075458789396, 16.233813010682756], [74.93075332311625, 16.237429093221472], [74.93356061943508, 16.237429991162983], [74.93356092283966, 16.236525970591046], [74.93449668404476, 16.2365262616309], [74.93449638491347, 16.237430282219904], [74.93636791592681, 16.237430851948375], [74.93636762532371, 16.238334872493848], [74.93823888288395, 16.239239446241907], [74.93823831868275, 16.24104748701298], [74.93636675340406, 16.241046933668542], [74.93636646272736, 16.241950953906187], [74.93543067584083, 16.241950671023236], [74.93543038087083, 16.242854691167313], [74.93168628008691, 16.245565578034093], [74.93168565576977, 16.24737361749187], [74.93262146823356, 16.247373916998846], [74.93355667342739, 16.24918225159426], [74.93542831555801, 16.24918283002042], [74.93355576234912, 16.251894309846087], [74.93729909801331, 16.251895450372515], [74.93729938461479, 16.250991430965392], [74.93823521429921, 16.25099170575006], [74.93823577889333, 16.249183666672597], [74.93917160004118, 16.24918393729344], [74.93917132203015, 16.250087956886542], [74.94104297293252, 16.250088485764405], [74.94104351182922, 16.24828044643921], [74.94385096264827, 16.248281208677746], [74.94291618907168, 16.24466487903517], [74.94385198892341, 16.244665128924705], [74.94385250196356, 16.242857088586288], [74.94478829328087, 16.242857334316607], [74.94478904989538, 16.240145273188478], [74.94666036328961, 16.241049772656194], [74.9466598759631, 16.242857813387495], [74.94759566732749, 16.242858046728067], [74.94759590672354, 16.241954026387216], [74.95227484239275, 16.241955131076537], [74.9522741882871, 16.244667192062533], [74.95320998828902, 16.24466740064806], [74.95320977450194, 16.245571420835002], [74.95508138309756, 16.245571825638585], [74.95508117784897, 16.24647584577228], [74.95320956070134, 16.24647544094496], [74.95414453103753, 16.250091725141964], [74.95320870536361, 16.250091520614905], [74.95227244339816, 16.251899351304502], [74.95414411184245, 16.251899764538912], [74.95414390222504, 16.252803784121884], [74.9550797407451, 16.25280398455233], [74.95601457377926, 16.257324277726035], [74.95507871385261, 16.257324081370648], [74.9522702610447, 16.26093954342596], [74.94852675315916, 16.260938666855566], [74.94852581133502, 16.264554741341644], [74.94946170540878, 16.264554966739187], [74.94852486927263, 16.26817081459472], [74.94571713575655, 16.268170113423466], [74.9457168873554, 16.269074131502993], [74.94478097193166, 16.269073889491676], [74.94478122461557, 16.26816987142632], [74.94197349128957, 16.26816912061471], [74.94197375680503, 16.267265102516244], [74.94103785001207, 16.267264843987455], [74.94103677071796, 16.270880915858267], [74.94290861858391, 16.270881428899543], [74.9429083572849, 16.271785446704573], [74.94478021378407, 16.271785943225225], [74.94477996103626, 16.27268996098223], [74.9457158935938, 16.27269020305023], [74.94665231451182, 16.270882405333023], [74.94852416256947, 16.270882868725216], [74.94852369135958, 16.27269090442678], [74.95039555661168, 16.2726913513216], [74.95039601068669, 16.27088331556771], [74.9522678588613, 16.270883745860502], [74.95226742192118, 16.272691781664783], [74.95320335459678, 16.272691990629504], [74.95320314039013, 16.273596008428235], [74.95226720343041, 16.273595799451275], [74.95226676640742, 16.27540383479296], [74.95133082089244, 16.2754036216529], [74.95132992953936, 16.279019691361043], [74.95320185486591, 16.279020113601376], [74.95320206915379, 16.278116096265308], [74.95694590282422, 16.27811689102417], [74.95788224695534, 16.276309044346895], [74.95975414674908, 16.276309408568764], [74.95975304098846, 16.281733512826953], [74.9588170653703, 16.281733332722226], [74.95881687674927, 16.282637349818106], [74.9625607964381, 16.282638045435704], [74.9625606249536, 16.283542062495147], [74.96162464072734, 16.283541894791803], [74.96162428915078, 16.285349928659645], [74.96443226758684, 16.285350419404633], [74.96443259343832, 16.283542385479375], [74.96724054624191, 16.283542838899557], [74.96724084633036, 16.281734804612675], [74.96817682204359, 16.281734947454375], [74.96911308067082, 16.27992705152738], [74.97004904782933, 16.279927186072662], [74.97004836193453, 16.284447272104426], [74.97098435053591, 16.284447402548004], [74.97098421761861, 16.285351419530578], [74.9728562034216, 16.285351668009092], [74.97285607907175, 16.28625568492905], [74.97472807348201, 16.2862559168559], [74.97472795770068, 16.287159933712275], [74.97753596223484, 16.287160250559463], [74.97753606515157, 16.286256233684554], [74.97847206238812, 16.28625633101101], [74.97847225962651, 16.28444829701835], [74.98221621432998, 16.28444864486795], [74.98221613286452, 16.285352661923202], [74.98408811882352, 16.285352811010327], [74.98408804592877, 16.286256827997157], [74.98689603776492, 16.286257020579296], [74.98689597773016, 16.287161037500237], [74.98970388811574, 16.288969226446095], [74.9897040768024, 16.285353158880298], [74.99064006981088, 16.285353202364046], [74.99157598563694, 16.287161275653382], [74.99344798881863, 16.287161341922083], [74.99344795879935, 16.288065358783683], [74.99625597645083, 16.288065427127275], [74.99625595929587, 16.28896944391571], [74.99719196947096, 16.288969458413685], [74.99719194373607, 16.290777491760764], [74.99812796249027, 16.290777502117674], [74.99812795391118, 16.291681518676068], [74.99719193086742, 16.291681508318554], [74.99719186651195, 16.296201589949817], [74.99906395550364, 16.29620160652668], [74.99906395121246, 16.29710562262234], [75.00000000000001, 16.297105624694566], [75.00000000000001, 16.27992930567854], [74.99625609650519, 16.281737307448005], [74.99532020635684, 16.278121218735706], [74.99251226161068, 16.279929173203154], [74.99251239875068, 16.276313102524316], [74.9915764486014, 16.276313067343782], [74.99157648716594, 16.27540904948335], [74.9887686495887, 16.27540891911606], [74.98876875241771, 16.273600883179146], [74.98502507185064, 16.27269663337167], [74.98502514039247, 16.271792615224037], [74.98689705777582, 16.2708887211223], [74.98689711774234, 16.26998470281323], [74.98502534599197, 16.269080560318617], [74.98502562006398, 16.26546448603231], [74.98876926636773, 16.264560698869353], [74.98876952322091, 16.26004060382449], [74.98502603104205, 16.26004037229103], [74.98409001247117, 16.261848342285315], [74.9803463962392, 16.262752046997534], [74.98221784255858, 16.266368287567857], [74.97847423064, 16.266367940125253], [74.97847432912529, 16.26546392147114], [74.97660253176622, 16.26546372294414], [74.97660263880866, 16.264559704224588], [74.97566674442083, 16.264559598763302], [74.97566629908201, 16.268175673154403], [74.97473038757282, 16.268175563531695], [74.97379471588391, 16.266367412757038], [74.97192291003266, 16.266367172856206], [74.9719223961152, 16.269983246522223], [74.97098647607106, 16.26998312033793], [74.97098621049669, 16.27179115669367], [74.96911449465857, 16.270886873758677], [74.97005178924218, 16.26184682266909], [74.96724444443458, 16.260038369113367], [74.96724459423714, 16.259134350004178], [74.96818046286738, 16.25913449263694], [74.96818089937963, 16.256422434822095], [74.96724504358798, 16.256422292214403], [74.96724534310783, 16.254614253302744], [74.96630949588335, 16.254614106578696], [74.96630995792661, 16.251902047659378], [74.96724579231656, 16.251902194357626], [74.96724594203387, 16.250998174555235], [74.96911760228663, 16.25099845553825], [74.96911774343974, 16.250094435642396], [74.9719252210531, 16.250094826103265], [74.97192534936599, 16.249190806107507], [74.97379699259508, 16.24919104574141], [74.9737971123462, 16.248287025654616], [74.97098966034507, 16.248286660027773], [74.97099019058754, 16.24467057899645], [74.96818278997567, 16.244670176281684], [74.96818308069857, 16.24286213535137], [74.96911887234303, 16.242862273703807], [74.97005493758334, 16.241054366656172], [74.96631180522283, 16.24105380505246], [74.96631195910086, 16.24014978433487], [74.96724773790267, 16.240149930921362], [74.96724803708156, 16.23834188923812], [74.96444072634951, 16.238341437144122], [74.96444105113116, 16.23653339520612], [74.96537681281838, 16.23653355001467], [74.96537697092073, 16.235629528921173], [74.96350545610265, 16.23562921519425], [74.96350595598466, 16.232917151507355], [74.96537760323011, 16.232013443777834], [74.96537791932472, 16.2302054007446], [74.96257072401087, 16.230204924130064], [74.9625710656915, 16.22839688084511], [74.9616353424835, 16.22839671374015], [74.96163516737774, 16.229300735411275], [74.96069943990996, 16.229300564170227], [74.96069926052195, 16.23020458575439], [74.95882779707848, 16.230204230872598], [74.9588276091363, 16.23110825235903], [74.95602040124682, 16.231107689054323], [74.9560202004777, 16.232011710430765], [74.95508446026793, 16.232011514397485], [74.95508466530872, 16.231107493032543], [74.95321319347175, 16.231107088608674], [74.95321340704238, 16.230203067190534], [74.95227767541546, 16.230202858800673], [74.95227811105816, 16.228394815758115], [74.95040689127183, 16.227490365037717], [74.95040711759933, 16.22658634334935], [74.95134283211546, 16.226586559941406], [74.95134327618764, 16.224778516308536], [74.952278982178, 16.224778728750096], [74.95227941765516, 16.22297068478471], [74.95134372020355, 16.222970472368086], [74.95134394219042, 16.222066450282526], [74.94947255586762, 16.222066013101177], [74.94947278637781, 16.221161990964404], [74.94760140865083, 16.221161537312305], [74.9476016476833, 16.220257515125283], [74.94573027855375, 16.220257045004374], [74.94573052610738, 16.21935302276807], [74.94105239378095, 16.218447753131535], [74.94105293148463, 16.21663970842108], [74.94011726409673, 16.216639446617023], [74.93918215142946, 16.21483113573416], [74.9363751750259, 16.21483031331259], [74.93637546515077, 16.21392629076765], [74.9326337687271, 16.211213068667124], [74.93169937249903, 16.207596678333463], [74.93263499706285, 16.207596977067997], [74.9354430477268, 16.203981755515642], [74.93450744016124, 16.20398146920982], [74.93450773859207, 16.203077445776326], [74.93263653204457, 16.20307686084055], [74.9335727406394, 16.2012691083048], [74.93076595648289, 16.201268212469785], [74.93076627190686, 16.2003641888756], [74.93170186234357, 16.200364491588253], [74.93170310679226, 16.196748396372456], [74.92983227961831, 16.195843763011855], [74.92983355775594, 16.192227666403813], [74.93170466190914, 16.1922282756252], [74.93170528381779, 16.190420226788955], [74.92983419670315, 16.190419617639215], [74.92983579371645, 16.1858994943846], [74.92890027148285, 16.1858991837273], [74.92890059508258, 16.184995158864435], [74.92702955919302, 16.18499452524315], [74.92702690167884, 16.1922267216991], [74.92609134969494, 16.192226398564824], [74.92609000339014, 16.195842494874643], [74.92234737382957, 16.196745184667446], [74.92234595890898, 16.20036127912796], [74.92047477848263, 16.200360587213577], [74.92047514077083, 16.199456563754303], [74.9195395548542, 16.199456211640022], [74.9195380885131, 16.20307230493353], [74.91860248556928, 16.203071948617207], [74.91860285645244, 16.202167925429972], [74.91673203854678, 16.20126317726075], [74.91673355584666, 16.19764708360704], [74.91860471051545, 16.197647808341806], [74.91860508125751, 16.1967437846938], [74.91766950817262, 16.196743424406502], [74.91673469356898, 16.194935012560503], [74.91486356456312, 16.19493427148527], [74.91486472763079, 16.192222199878465], [74.91580027934064, 16.192222572408898], [74.91580066272091, 16.191318548364528], [74.91018737839467, 16.191316251571873], [74.90925100467277, 16.19312390206187], [74.90644518935915, 16.19131463805478], [74.90550706033179, 16.19673836597422], [74.90457148760449, 16.19673794804119], [74.90457192223973, 16.19583392465954], [74.90270078539032, 16.1958330764907], [74.90270122851967, 16.194929053082134], [74.90083055192676, 16.1940241650604], [74.90176700639816, 16.192216552236598], [74.90363810910814, 16.192217408438648], [74.90363898659464, 16.190409360880473], [74.9045745294723, 16.190409782757367], [74.90551093271633, 16.188602152554445], [74.90457539832929, 16.18860173484254], [74.90270565826737, 16.18588881477434], [74.89709206113133, 16.186790197182713], [74.8970929978958, 16.18498214906442], [74.8980285150217, 16.184982599593248], [74.89803129906026, 16.179558453237796], [74.89709580747588, 16.179558002867978], [74.89709533928682, 16.180462027425857], [74.895224347695, 16.18046111429367], [74.89522625431952, 16.176845015816806], [74.89709767993484, 16.175941903869354], [74.89709814797529, 16.175037878927935], [74.8942926987516, 16.173228453594618], [74.89429366014815, 16.171420403336874], [74.89616456657926, 16.171421324153304], [74.89616551084009, 16.169613273480408], [74.89523006611621, 16.169612815181548], [74.89523054245466, 16.168708789757073], [74.8933591767595, 16.169611886252977], [74.89335772204143, 16.17232396190226], [74.89148680728667, 16.172323016365578], [74.8914863138109, 16.173227041372982], [74.88867891657982, 16.175033641764227], [74.8886779038788, 16.176841691071544], [74.88680643198573, 16.17774472861492], [74.8868017963284, 16.1858809454872], [74.88493075434292, 16.185879941510642], [74.88493127806244, 16.184975917779703], [74.88399576137726, 16.18497540964937], [74.883994705389, 16.186783456974712], [74.88305918022137, 16.18678294466972], [74.88305864791859, 16.18768696818713], [74.88025205984425, 16.187685406491074], [74.88025423994856, 16.184069312328354], [74.8793187276912, 16.18406878365719], [74.87931927688811, 16.18316475995576], [74.8765127530982, 16.183163149352165], [74.87651219112936, 16.184067172958834], [74.87557667901305, 16.184066627831097], [74.87557894370201, 16.180450533072293], [74.87183754681655, 16.17954428819195], [74.87090323078161, 16.177735674994672], [74.86809678459097, 16.177733953923617], [74.86809498430874, 16.180446025002535], [74.8690304791024, 16.18044660290734], [74.86902988318863, 16.181350626480878], [74.86809438413847, 16.18135004854206], [74.86715767615782, 16.1831575132702], [74.86341688946459, 16.181347097146872]], [[74.86622034215695, 16.18586899652711], [74.8643499191449, 16.1849637884897], [74.86435115381158, 16.18315574222469], [74.86622216867035, 16.183156927035586], [74.86622034215695, 16.18586899652711]], [[74.92889022970246, 16.21392391639709], [74.92889087815507, 16.212115871355575], [74.92982652398479, 16.2121161825429], [74.92982620403474, 16.21302020512036], [74.93263315444241, 16.213021114005663], [74.93263284727087, 16.213925136559663], [74.93450415617296, 16.21392572190798], [74.93450355883814, 16.215733766854186], [74.93543922185106, 16.21573405337875], [74.93543892742233, 16.216638075753398], [74.93450326014234, 16.216637789211998], [74.93356698689793, 16.218445542998616], [74.92888860821125, 16.21844402765591], [74.92888893255059, 16.217540005557876], [74.92795326114145, 16.217539690137745], [74.92795457536106, 16.213923601051043], [74.92889022970246, 16.21392391639709]], [[74.92515204769681, 16.202170332998463], [74.92608697295519, 16.20397870707993], [74.92421575824851, 16.203978047958827], [74.92421541289961, 16.204882071114454], [74.92327980131543, 16.204881735354924], [74.92328050051813, 16.203073689006324], [74.92515204769681, 16.202170332998463]]], [[[74.92606807803328, 16.254603887564038], [74.92700392459436, 16.254604212009838], [74.92700359085458, 16.255508230915726], [74.92793944171548, 16.25550855124724], [74.92794010061678, 16.253700513320894], [74.92606841603038, 16.253699868600137], [74.92606807803328, 16.254603887564038]]]]}}]}