{"type": "FeatureCollection", "features": [{"id": "0", "type": "Feature", "properties": {"cls": 1, "area_km2": 11.4, "depth_range": "0.05-0.5 m", "color": "#bfdbfe", "scenario": "Published-peak hydrograph (peak 78,455 m3/s)"}, "geometry": {"type": "MultiPolygon", "coordinates": [[[[74.67639766464576, 16.132327989359535], [74.67733292078803, 16.1323294060093], [74.67733145725668, 16.13323342161761], [74.67920052316393, 16.134140258481462], [74.679206343169, 16.130524195229196], [74.6773358475714, 16.130521374562786], [74.67639766464576, 16.132327989359535]]], [[[74.66236270767817, 16.13592230411289], [74.66236577096802, 16.134114276012188], [74.65862471915592, 16.13410832170629], [74.65862317059013, 16.135012335443705], [74.66236270767817, 16.13592230411289]]], [[[74.68200631815506, 16.13414445972545], [74.68200343305254, 16.135952491387492], [74.68106815947823, 16.135951094908652], [74.68106671254634, 16.13685511054233], [74.68480782436507, 16.136860672179417], [74.68480925432502, 16.135956656217683], [74.68200631815506, 16.13414445972545]]], [[[74.65580643820557, 16.141335918546062], [74.6558080001938, 16.140431905611333], [74.65674329240576, 16.14043341326252], [74.6567464075965, 16.1386253869852], [74.65487584024737, 16.138622367936726], [74.65487114184867, 16.14133440670351], [74.65580643820557, 16.141335918546062]]], [[[74.65203839560124, 16.156698048628197], [74.65203523395459, 16.158506070942856], [74.65297061070423, 16.158507596800614], [74.65297218732839, 16.157603585591765], [74.65484293262914, 16.15760662480708], [74.65484606858091, 16.15579860180101], [74.65297534027614, 16.155795562943812], [74.65297376385236, 16.156699574306163], [74.65203839560124, 16.156698048628197]]], [[[74.67634476596676, 16.164872499943584], [74.67634770795864, 16.163064474186246], [74.67447690720327, 16.1630616228774], [74.67447542775193, 16.163965635626507], [74.67354002326402, 16.1639642037253], [74.67353853946736, 16.164868216313312], [74.67634476596676, 16.164872499943584]]], [[[74.71001031917768, 16.17124912685964], [74.71001163775703, 16.170345111699188], [74.71188251327806, 16.170347651971017], [74.7118838232676, 16.169443636584244], [74.70907752287063, 16.16943982023574], [74.70907487728934, 16.171247850483127], [74.71001031917768, 16.17124912685964]]], [[[74.7118785828102, 16.17305969767074], [74.71374948418544, 16.173062221947138], [74.71375208756571, 16.171254191260235], [74.71281664534403, 16.171252931325906], [74.71281795116349, 16.170348915941474], [74.71188251327806, 16.170347651971017], [74.7118785828102, 16.17305969767074]]], [[[74.6856902872504, 16.1703105920205], [74.68568599948475, 16.173022631174366], [74.68755689600405, 16.173025385667266], [74.68849517747843, 16.17121873023573], [74.68755973759062, 16.17121735931718], [74.68756115824858, 16.17031334602696], [74.6856902872504, 16.1703105920205]]], [[[74.7006450120973, 16.178468290541108], [74.7006463739011, 16.177564276757302], [74.69877680258227, 16.176657622890204], [74.69877406203992, 16.17846565022388], [74.6978385871416, 16.178464323896577], [74.6978330879885, 16.18208037733], [74.696897596153, 16.182079046577044], [74.69689621688975, 16.182983059665055], [74.69970270542817, 16.182987039817792], [74.69970543832717, 16.181179013096617], [74.69876995057393, 16.181177690648333], [74.69877132114958, 16.180273677250327], [74.70157777190053, 16.180277632022907], [74.7015804872558, 16.17846960453104], [74.7006450120973, 16.178468290541108]]], [[[74.67255546336426, 16.1937951397735], [74.67255098957496, 16.196507169446825], [74.6744221048928, 16.19651004343945], [74.674426553119, 16.19379801325925], [74.67255546336426, 16.1937951397735]]], [[[74.66693612888183, 16.197402457879587], [74.66694067964897, 16.19469042997505], [74.66506958290023, 16.194687490452175], [74.66506653210915, 16.19649550878644], [74.66693612888183, 16.197402457879587]]], [[[74.64728133017236, 16.201890801664316], [74.64727811584748, 16.203698815387188], [74.65195606215268, 16.20370652894156], [74.65195764805159, 16.2028025216653], [74.65102206285125, 16.20280098728288], [74.65102524287241, 16.200992972679877], [74.64821851345238, 16.200988345363182], [74.64821691070514, 16.201892352431177], [74.64728133017236, 16.201890801664316]]], [[[74.70996543764383, 16.201985596612456], [74.7099627945375, 16.203793621478088], [74.71089838980826, 16.20379489644094], [74.71089970714029, 16.202890883971644], [74.71183529823153, 16.202892154740553], [74.71183792411975, 16.20108412942191], [74.7090311766726, 16.201080305207682], [74.70902985098266, 16.201984317680683], [74.70996543764383, 16.201985596612456]]], [[[74.68657151244699, 16.204664419018386], [74.68750710980483, 16.204665797043123], [74.68750853380223, 16.203761786596502], [74.68563878013671, 16.20285501622841], [74.68564164473038, 16.201046995274954], [74.68283490462872, 16.20104282510608], [74.68282912392401, 16.20465886572488], [74.68189352702169, 16.204657467102876], [74.68095502225451, 16.20646408388003], [74.68375895580263, 16.208276299943144], [74.68376039721852, 16.207372290129626], [74.68469600709521, 16.207373680757843], [74.68469888112504, 16.205565660736575], [74.68657008409578, 16.205568429307103], [74.68657151244699, 16.204664419018386]]], [[[74.66971722647038, 16.21277498648497], [74.66971873232812, 16.21187097831092], [74.66597469115783, 16.212769133498107], [74.66597012181772, 16.215481156527034], [74.66971270832447, 16.215487010545278], [74.66971421446856, 16.21458300260216], [74.67158699727908, 16.213681896516327], [74.67158849470043, 16.212777888248798], [74.66971722647038, 16.21277498648497]]], [[[74.66689969156383, 16.219098656187704], [74.66690121089235, 16.21819464881005], [74.66783687027215, 16.218196114633987], [74.66783838523715, 16.217292107093257], [74.66596707510833, 16.21728917149472], [74.66596402801277, 16.219097186154407], [74.66689969156383, 16.219098656187704]]], [[[74.65940661705353, 16.223606812715893], [74.65940350883639, 16.225414825075347], [74.66221058737999, 16.225419311237548], [74.66221366998147, 16.223611298351457], [74.66127798557417, 16.22360980726409], [74.66127953099733, 16.222705800793033], [74.65940661705353, 16.223606812715893]]], [[[74.66501766680234, 16.225423760274968], [74.66501613816419, 16.226327766863612], [74.66408044065653, 16.22632628788931], [74.66407737454958, 16.228134300661864], [74.6678201993209, 16.228140192499254], [74.667821715342, 16.227236185805715], [74.66875741750533, 16.22723764836495], [74.66875892916042, 16.226333641508546], [74.66595183576868, 16.22632924171268], [74.66595336013714, 16.225425235037484], [74.66501766680234, 16.225423760274968]]], [[[74.7024400409251, 16.22909557225709], [74.70243868273218, 16.229999581811352], [74.70337440106987, 16.230000891957484], [74.70337846257887, 16.227288862833007], [74.701507051613, 16.227286238876484], [74.70150568932179, 16.22819024850766], [74.70056997969783, 16.228188930263727], [74.70056861304975, 16.22909293974052], [74.7024400409251, 16.22909557225709]]], [[[74.67062731890859, 16.22814456805731], [74.67062882211896, 16.22724056110699], [74.66875741750533, 16.22723764836495], [74.66875288196552, 16.22994966847193], [74.66968859703611, 16.22995112716248], [74.6696901047077, 16.229047120451597], [74.67156152659354, 16.229050025283616], [74.67155702891868, 16.231762045696527], [74.67249275281733, 16.23176349217821], [74.67249424786591, 16.230859485366082], [74.67436568740429, 16.230862365780347], [74.67436866013368, 16.229054351586914], [74.67062731890859, 16.22814456805731]]], [[[74.70618021540187, 16.2309088074216], [74.7043087697566, 16.23090620760812], [74.70430607002675, 16.23271422663856], [74.70617753275816, 16.23271682675715], [74.70618021540187, 16.2309088074216]]], [[[74.67904135750172, 16.232677509324915], [74.67903842673938, 16.234485523738584], [74.68090990176022, 16.234488347044962], [74.68091281543445, 16.232680332300035], [74.67904135750172, 16.232677509324915]]], [[[74.67903549560589, 16.236293537844013], [74.67903109820969, 16.239005558424143], [74.67996685703868, 16.239006972555757], [74.6799683186567, 16.23810296568984], [74.68183982804501, 16.238105781401963], [74.68090698771698, 16.236296361481667], [74.67903549560589, 16.236293537844013]]], [[[74.67714335584535, 16.248946785466895], [74.67714778196151, 16.246234767930716], [74.67527619656, 16.246231909426342], [74.67527322880497, 16.24803992085906], [74.6743374276928, 16.2480384852427], [74.67433593939795, 16.24894249075922], [74.67714335584535, 16.248946785466895]]], [[[74.6836954430077, 16.248052655508584], [74.68369110614329, 16.25076467431892], [74.68462692101262, 16.250766068869854], [74.68556561019994, 16.248959446499416], [74.6836954430077, 16.248052655508584]]], [[[74.69585114515617, 16.254398509375847], [74.69678697830098, 16.254399850527612], [74.69678836448597, 16.253495843520774], [74.6958525356193, 16.25349450244761], [74.69585114515617, 16.254398509375847]]], [[[74.69959447826048, 16.254403849186136], [74.69678697830098, 16.254399850527612], [74.69678281921985, 16.257111871085332], [74.69771866528839, 16.257113208339366], [74.69959447826048, 16.254403849186136]]], [[[74.71175109388481, 16.26074880235521], [74.71081522941462, 16.26074752680528], [74.71081258396755, 16.262555541807394], [74.71362020331087, 16.26255935650054], [74.71362282307508, 16.26075134105153], [74.7126869584384, 16.26075007377063], [74.71268827247631, 16.25984606600464], [74.71175241220281, 16.25984479466371], [74.71175109388481, 16.26074880235521]]], [[[74.82226468410343, 16.17046842664583], [74.82226306770713, 16.17227647141055], [74.82132761344508, 16.172275688263415], [74.82132680091593, 16.17317971048461], [74.82506863528707, 16.173182818590465], [74.82506943080017, 16.17227879618631], [74.82226468410343, 16.17046842664583]]], [[[74.7128075022858, 16.177581036867213], [74.71374036975058, 16.17939032693273], [74.71561133102543, 16.179392835798403], [74.71561391854063, 16.1775848058912], [74.7146784463732, 16.177583553662117], [74.71467974426278, 16.176679538667027], [74.7128075022858, 16.177581036867213]]], [[[74.80822428108476, 16.179496462809087], [74.80822166333392, 16.182208525388255], [74.80915716365784, 16.182209366632954], [74.81009439223327, 16.180402161923865], [74.80822428108476, 16.179496462809087]]], [[[74.8138295823768, 16.187637635998453], [74.81476342208651, 16.189446493947067], [74.81663532642706, 16.188544094889867], [74.81663699577297, 16.186736053448357], [74.81570147372807, 16.186735244874622], [74.81570063482327, 16.187639265586203], [74.8138295823768, 16.187637635998453]]], [[[74.7745354812839, 16.189407648891173], [74.7745344548186, 16.190311667039982], [74.7782766011333, 16.19031560177428], [74.77734309176968, 16.188506587542058], [74.77547203564785, 16.188504620406313], [74.77547101350649, 16.189408638690132], [74.7745354812839, 16.189407648891173]]], [[[74.75675595176547, 16.19300412829643], [74.75675484409683, 16.19390814498588], [74.75769039633373, 16.193909213292898], [74.75769149974224, 16.193005196540636], [74.758627047789, 16.193006260668405], [74.75862924587656, 16.19119822680824], [74.75582262750491, 16.191195022452522], [74.75582040385898, 16.193003055935804], [74.75675595176547, 16.19300412829643]]], [[[74.83814885896233, 16.193081665846044], [74.8372133059535, 16.193080951619244], [74.83721256466131, 16.193984972826073], [74.83814812193039, 16.19398568709487], [74.83814885896233, 16.193081665846044]]], [[[74.7773390368888, 16.192122660679313], [74.77733700906242, 16.19393069678707], [74.77640145541228, 16.19392971493044], [74.77640043714219, 16.19483373281135], [74.78014266916938, 16.19483763576717], [74.78014367039773, 16.19393361765678], [74.7773390368888, 16.192122660679313]]], [[[74.79978940358278, 16.19485704558537], [74.79978849176612, 16.19576106476016], [74.8025951830337, 16.19576368953498], [74.80166142575354, 16.19395478009462], [74.79978940358278, 16.19485704558537]]], [[[74.83720959902227, 16.197601056885404], [74.83721034050258, 16.19669703598578], [74.83627477049818, 16.19669631747348], [74.83627178724785, 16.200312400442158], [74.83720737429917, 16.200313119123415], [74.83720811592056, 16.19940909845423], [74.83907928163974, 16.199410523377598], [74.83908001469038, 16.198506502547836], [74.83720959902227, 16.197601056885404]]], [[[74.73896509604214, 16.204735244391593], [74.73896747499847, 16.202927215259542], [74.73709628828206, 16.202924908507], [74.73709509031546, 16.20382892297591], [74.73615949280799, 16.203827763352898], [74.73615829050208, 16.204731777676763], [74.73896509604214, 16.204735244391593]]], [[[74.76983475505884, 16.20929101320513], [74.76983370583524, 16.210195029368503], [74.76889807598043, 16.210194013504207], [74.76889596880285, 16.2120020454809], [74.77357416139355, 16.21200708418388], [74.77170600643767, 16.20929303245197], [74.76983475505884, 16.20929101320513]]], [[[74.76047850219857, 16.209280669722922], [74.76047741032484, 16.210184685278623], [74.75954178115002, 16.210183628203936], [74.7595395886641, 16.21199165896043], [74.76047522636973, 16.21199271615932], [74.76047413428836, 16.212896731484307], [74.76421670286365, 16.212900919310663], [74.76421777788175, 16.211996903739696], [74.76328213990087, 16.211995863026882], [74.76328429826349, 16.210187831776494], [74.76141303956886, 16.21018573823228], [74.76141412717759, 16.209281722614726], [74.76047850219857, 16.209280669722922]]], [[[74.74176366309096, 16.211066774981237], [74.740828031092, 16.211065635419246], [74.7408303940439, 16.20925760709459], [74.73989477065005, 16.20925646354571], [74.73989239916791, 16.211064491736007], [74.73895676731902, 16.21106334393152], [74.73895438700494, 16.212871371679306], [74.73801874670018, 16.212870219618246], [74.73801635755197, 16.214678246922986], [74.73708070879056, 16.214677090604376], [74.73707950983629, 16.215581104073436], [74.73895081596804, 16.215583412724033], [74.7389496254715, 16.216487426251735], [74.73988528291754, 16.21648857446078], [74.7398864691472, 16.21558456086565], [74.74082212240154, 16.215585704884813], [74.74082448610243, 16.21377767732936], [74.74176013089874, 16.213778817092187], [74.74176366309096, 16.211066774981237]]], [[[74.79602206651873, 16.219261973551063], [74.79602299691071, 16.218357956583993], [74.79508732689808, 16.21835705563335], [74.7950891960399, 16.216549021574263], [74.793217873262, 16.21654720751626], [74.79321504385551, 16.219259258169913], [74.79602206651873, 16.219261973551063]]], [[[74.79789249334124, 16.220167780182894], [74.79789064933625, 16.2219758139426], [74.7997620239171, 16.221977587397518], [74.79976385084832, 16.22016955342959], [74.79882817206571, 16.220168668868116], [74.79882908971254, 16.2192646518207], [74.79695774085808, 16.219262870431113], [74.79695681467517, 16.220166887373928], [74.79789249334124, 16.220167780182894]]], [[[74.76700662532399, 16.227368258486372], [74.76700556195858, 16.228272272931328], [74.76606984694786, 16.228271243495705], [74.76606771147337, 16.23007927203385], [74.76700343502574, 16.23008030159031], [74.7670023714583, 16.23098431580433], [74.77261673980506, 16.230990406846693], [74.77074946895601, 16.227372334730777], [74.76700662532399, 16.227368258486372]]], [[[74.71179850082058, 16.22820447688915], [74.71179718541957, 16.229108487278335], [74.7127329003317, 16.229109756087272], [74.71273027782175, 16.23091777678353], [74.71366600135893, 16.23091904161486], [74.7146043304048, 16.229112281327026], [74.71366861532687, 16.229111020770173], [74.71366992218668, 16.2282070102323], [74.71179850082058, 16.22820447688915]]], [[[74.77542289967829, 16.231897411328426], [74.77542187442216, 16.232801425921334], [74.77635761145049, 16.23280241438803], [74.77636067420951, 16.230090370204373], [74.77542494999575, 16.23008938191166], [74.77542392486949, 16.230993396658537], [74.7735524680945, 16.23099140757726], [74.77355143436026, 16.231895422130435], [74.77542289967829, 16.231897411328426]]], [[[74.77729436525601, 16.23189938401896], [74.77729334854347, 16.23280339872762], [74.78010056020763, 16.232806326983713], [74.78010256793837, 16.2309982971458], [74.77916683919636, 16.230997325301608], [74.77916784723764, 16.2300933103242], [74.77823212283073, 16.23009233441064], [74.77823009814158, 16.231900364173924], [74.77729436525601, 16.23189938401896]]], [[[74.80255827350467, 16.232828415845027], [74.80162253476828, 16.232827542937823], [74.80162162906544, 16.233731558986115], [74.80349311513949, 16.233733300775565], [74.80349401229815, 16.232829284625087], [74.80442975114842, 16.232830149278], [74.8044315367519, 16.231022116644674], [74.80256007619494, 16.231020383415107], [74.80255827350467, 16.232828415845027]]], [[[74.82688512867685, 16.23556171460975], [74.82594778611899, 16.237368982937443], [74.82969083240175, 16.23737202147022], [74.82969161013813, 16.236468004298676], [74.83062736755937, 16.23646875356696], [74.8306289143388, 16.234660718905022], [74.82969316546317, 16.234659969724646], [74.82969238782526, 16.235563987050142], [74.82688512867685, 16.23556171460975]]], [[[74.74828323144816, 16.234578990481374], [74.74828208209244, 16.235483003056046], [74.74734633431267, 16.23548189058094], [74.747344026837, 16.237289915368713], [74.75202394159942, 16.236391424434814], [74.75109046240536, 16.234582302945597], [74.74828323144816, 16.234578990481374]]], [[[74.8203315771172, 16.23917233449336], [74.82033075649292, 16.240076350981095], [74.81939498253375, 16.240075556116846], [74.81939333258049, 16.241883588768086], [74.82220068026008, 16.241885961251803], [74.82220149243916, 16.240981944825553], [74.82407385284638, 16.2400794891471], [74.8240746563746, 16.239175472475313], [74.8203315771172, 16.23917233449336]]], [[[74.79880613109553, 16.24186505492072], [74.79786850304741, 16.243672195048134], [74.80161166254868, 16.243675730435893], [74.80161347515887, 16.241867699956238], [74.80254925662841, 16.24186857337562], [74.80255015857293, 16.240964557969047], [74.79974282716027, 16.240961925476597], [74.79974191239216, 16.241865940728783], [74.79880613109553, 16.24186505492072]]], [[[74.7398508495498, 16.242704935235416], [74.73984966106417, 16.2436089465207], [74.74172123244497, 16.24361123459519], [74.74265936949443, 16.241804349388108], [74.74078781506341, 16.2418020698409], [74.74078663092773, 16.242706081270438], [74.7398508495498, 16.242704935235416]]], [[[74.7286041148245, 16.255347000122732], [74.72860535562998, 16.254442990664888], [74.729541191683, 16.254444187167913], [74.72954366450234, 16.252636167880674], [74.72767200958711, 16.25263377102272], [74.72766827457153, 16.255345799416496], [74.7286041148245, 16.255347000122732]]], [[[74.71924443220006, 16.25623881573777], [74.71924314844749, 16.257142824326873], [74.7201789965396, 16.257144062375932], [74.72018027601317, 16.256240053714293], [74.71924443220006, 16.25623881573777]]], [[[74.72204815089408, 16.258954543454003], [74.72298654130046, 16.257147751721757], [74.7201789965396, 16.257144062375932], [74.72017643734968, 16.258952079467843], [74.71736886764077, 16.258948352483262], [74.71736498972814, 16.261660376887544], [74.71830085905663, 16.26166162356887], [74.71830214749558, 16.26075761543822], [74.72017387783602, 16.260760096251225], [74.72017515763334, 16.259856087898097], [74.72204815089408, 16.258954543454003]]], [[[74.85501520041032, 16.156932876543024], [74.85501322426737, 16.159644951408477], [74.85594862067866, 16.159645586037566], [74.85782135152122, 16.156934767773212], [74.85501520041032, 16.156932876543024]]], [[[74.89991411309995, 16.156054674170058], [74.89991456773993, 16.15515064746347], [74.89804381411591, 16.155149760474046], [74.89804335097803, 16.156053787128368], [74.8989787320244, 16.156054232702544], [74.89804010818872, 16.162381971563192], [74.89991092981106, 16.16238285897077], [74.8999113846533, 16.161478832800555], [74.90084679125711, 16.161479270316054], [74.90084814285956, 16.1587671912683], [74.90178353674108, 16.15876762459909], [74.90178487533744, 16.15605554478513], [74.89991411309995, 16.156054674170058]]], [[[74.8596908442433, 16.15874405841497], [74.86062497005722, 16.16055272259169], [74.86343117289802, 16.160554540326583], [74.86343241394985, 16.158746489990666], [74.8624970214634, 16.158745888257773], [74.8624976461799, 16.157841863010304], [74.85875609363268, 16.15783941514942], [74.85875545191725, 16.15874344025267], [74.8596908442433, 16.15874405841497]]], [[[74.85314243157057, 16.15964366982754], [74.85314109693105, 16.16145171920363], [74.85501190662943, 16.16145300093557], [74.85501322426737, 16.159644951408477], [74.85314243157057, 16.15964366982754]]], [[[74.89242911049058, 16.159667132644294], [74.89242764403691, 16.16237921074017], [74.89336305465281, 16.1623796811482], [74.89336353925093, 16.161475655165173], [74.89523435207315, 16.161476583601516], [74.89429990624977, 16.1596680691865], [74.89242911049058, 16.159667132644294]]], [[[74.86904298455515, 16.161462090145353], [74.86810757908536, 16.161461512954602], [74.86810578085988, 16.164173588174577], [74.8709120356422, 16.164175307726403], [74.86904298455515, 16.161462090145353]]], [[[74.89149223345207, 16.16237873622379], [74.89149272655185, 16.16147471029642], [74.8896219139781, 16.161473748995263], [74.88868448413692, 16.16508936509093], [74.88961990738109, 16.165089852018365], [74.88962040907815, 16.16418582637756], [74.89055582810253, 16.16418630916749], [74.89055533065712, 16.16509033483673], [74.89242617730372, 16.165091288146257], [74.89242764403691, 16.16237921074017], [74.89149223345207, 16.16237873622379]]], [[[74.88774753012942, 16.167800950344105], [74.88774701979943, 16.16870497562067], [74.88868246002073, 16.168705466772842], [74.88868448413692, 16.16508936509093], [74.88587821459836, 16.16508787965423], [74.88587873330198, 16.164183854129586], [74.88494331443964, 16.164183350795536], [74.8849417454742, 16.16689542705056], [74.88587717709225, 16.166895930473547], [74.88587665828979, 16.167799955768213], [74.88774753012942, 16.167800950344105]]], [[[74.88120001933683, 16.166893372263132], [74.8811994792721, 16.167797397407142], [74.88026404357039, 16.167796873405564], [74.88026295483235, 16.169604923401884], [74.88400473186672, 16.16960699499341], [74.88400525924109, 16.16870296991162], [74.88494069933111, 16.168703477503932], [74.88400631388933, 16.166894919518022], [74.88120001933683, 16.166893372263132]]], [[[74.91019718514492, 16.1696196547292], [74.91019636848633, 16.171427706153544], [74.9130027295971, 16.171428871562735], [74.9130035207352, 16.169620820001178], [74.91206807551296, 16.169620435687474], [74.91206847529735, 16.16871640981432], [74.91019718514492, 16.1696196547292]]], [[[74.8793275106595, 16.16960439522832], [74.87932696198536, 16.17050842008036], [74.88026241041145, 16.170508948285022], [74.88026295483235, 16.169604923401884], [74.8793275106595, 16.16960439522832]]], [[[74.90645412865284, 16.172330120226054], [74.90645455403629, 16.17142609472377], [74.90739000760897, 16.171426503747373], [74.90739084978803, 16.169618452464608], [74.90832629488061, 16.169618857329763], [74.90832671167702, 16.168714831549536], [74.90552038923877, 16.16871360469545], [74.90551995968335, 16.169617630403437], [74.90364863159854, 16.170520817483055], [74.90364687896327, 16.174136919044063], [74.90458234521634, 16.174137340474395], [74.90458147724127, 16.175945390844387], [74.90551695203142, 16.175945808212354], [74.90551781149695, 16.174137757793236], [74.90738916532293, 16.173234554723418], [74.90738958647931, 16.172330529273733], [74.90645412865284, 16.172330120226054]]], [[[74.92048636031136, 16.17143179844643], [74.91955090638888, 16.171431446973692], [74.9195498088292, 16.174143524195816], [74.92048527551398, 16.174143875730636], [74.92048563713605, 16.17323985004591], [74.92235656206549, 16.173240540740366], [74.92235691515641, 16.172336514938305], [74.92048599873519, 16.172335824284506], [74.92048636031136, 16.17143179844643]]], [[[74.91674378755494, 16.173238419321844], [74.91674303025181, 16.17504647044616], [74.91861360183553, 16.17595121960562], [74.9195498088292, 16.174143524195816], [74.91861434216769, 16.174143168549502], [74.9186147122985, 16.173239142906407], [74.91674378755494, 16.173238419321844]]], [[[74.91674113657322, 16.179566596914775], [74.9167418941168, 16.177758546557428], [74.91487131416699, 16.176853781059837], [74.91487015235343, 16.17956585658022], [74.91674113657322, 16.179566596914775]]], [[[74.83815033288596, 16.191273623118022], [74.83814885896233, 16.193081665846044], [74.8409555182683, 16.19308378382728], [74.84095624247357, 16.19217976237712], [74.84002069358526, 16.19217906054117], [74.8400221503771, 16.190371017493046], [74.83815033288596, 16.191273623118022]]], [[[74.85498353690244, 16.20032599155823], [74.8549848581419, 16.19851794862981], [74.85311369943466, 16.19851666380179], [74.85311436851478, 16.197612642297894], [74.85030900715782, 16.195802641278032], [74.85031037058495, 16.193994597962856], [74.84843925491678, 16.193993272344635], [74.848437874447, 16.19580131550392], [74.84750230815713, 16.19580064644097], [74.84656813942375, 16.19399193025931], [74.84469702410802, 16.193990571706852], [74.84469490220815, 16.196702635854194], [74.84375933183507, 16.19670195028189], [74.84375862018406, 16.197605971470434], [74.84188747105092, 16.197604587891988], [74.84188891135261, 16.19579654560078], [74.84095334537682, 16.195795847716997], [74.84095262098776, 16.196699868859977], [74.84001705079687, 16.196699166817673], [74.84001413573421, 16.200315250456413], [74.83907854854262, 16.200314544130542], [74.83907708220887, 16.202122585405974], [74.84282018149129, 16.201221365563953], [74.84281803293682, 16.20393342762522], [74.84375363736295, 16.203934117639413], [74.84375292535078, 16.20483813821339], [74.84094464967528, 16.206644096362812], [74.84094247471586, 16.209356156795483], [74.8428137346016, 16.209357549673143], [74.84281445110436, 16.208453529523943], [74.84468570264211, 16.208454905837183], [74.84561992101739, 16.21026362827623], [74.84936314561834, 16.20936229493688], [74.84936383226716, 16.208458274508903], [74.85029945832385, 16.20845893588129], [74.85030082296201, 16.206650894717068], [74.85123644053307, 16.20665155189157], [74.8503035517193, 16.203034811466548], [74.8521747527953, 16.20303612138744], [74.85217407919733, 16.203940142392305], [74.85591715545769, 16.203038691798767], [74.85591912484307, 16.200326627870044], [74.85498353690244, 16.20032599155823]], [[74.84749675043038, 16.203032815691195], [74.84749744530045, 16.202128794803784], [74.84843304142343, 16.20212946414209], [74.84843442250624, 16.20032142205811], [74.85030559783313, 16.20032274822196], [74.8503035517193, 16.203034811466548], [74.84749675043038, 16.203032815691195]]], [[[74.8400068448418, 16.209355454175316], [74.84000611549828, 16.21025947412455], [74.84094174963745, 16.210260176785994], [74.84094247471586, 16.209356156795483], [74.8400068448418, 16.209355454175316]]], [[[74.88304052952057, 16.2184237220868], [74.8830399960351, 16.219327742915624], [74.88397567467514, 16.219328256305644], [74.88397726222743, 16.21661619349811], [74.88210593058663, 16.216615162776062], [74.88210539290144, 16.217519183728264], [74.88116972286468, 16.217518662152315], [74.88116918087785, 16.218422682997005], [74.88304052952057, 16.2184237220868]]], [[[74.87836104848738, 16.22022913470928], [74.88023241399517, 16.220230198664073], [74.8802318676369, 16.22113421924723], [74.88116755471124, 16.221134745069758], [74.88116918087785, 16.218422682997005], [74.8792978323725, 16.218421627413836], [74.87836104848738, 16.22022913470928]]], [[[74.85028648563001, 16.225635311605373], [74.8502871687928, 16.2247312925225], [74.85309427764741, 16.22473325398801], [74.85309360729379, 16.22563727318602], [74.85964355931625, 16.225641705823485], [74.85964291881012, 16.22654572520475], [74.86057863067634, 16.226546341973826], [74.86057990310832, 16.224738303061972], [74.85964419978181, 16.224737686365295], [74.85964548059123, 16.222929647218173], [74.85870978584394, 16.222929026469355], [74.85871236404999, 16.219312947398002], [74.86151939719117, 16.219314796836453], [74.86152129200885, 16.21660273639978], [74.86058562705743, 16.21660212415173], [74.85964868190483, 16.218409548004537], [74.85590533127632, 16.219311060847442], [74.85590467398177, 16.22021508061986], [74.85496899220539, 16.220214443485133], [74.85403464209026, 16.218405762754994], [74.85122762274884, 16.21840381446537], [74.85122694415678, 16.21930783412521], [74.85029126686078, 16.219307176410084], [74.8512235505515, 16.223827931270932], [74.85028785191231, 16.223827273362705], [74.85028853498855, 16.222923254125995], [74.84841714637864, 16.222921926013186], [74.84841576310565, 16.224729964253754], [74.84654435759376, 16.224728619484967], [74.84654505779105, 16.22382460048207], [74.84186656613952, 16.223821166574037], [74.83999151891756, 16.228339856963128], [74.84092723841573, 16.228340560450217], [74.8409265123719, 16.22924457882583], [74.8427979600475, 16.229245973503936], [74.8427972424998, 16.230149991884456], [74.84466869889933, 16.230151370138564], [74.84466940790489, 16.229247351677163], [74.8456051319011, 16.229248034574457], [74.84560442716656, 16.230152053075933], [74.84841161223504, 16.23015407712926], [74.84841507140342, 16.22563398325866], [74.85028648563001, 16.225635311605373]]], [[[74.90081427546727, 16.226568960305336], [74.90081337013028, 16.228377001564613], [74.90455625799761, 16.228378717997334], [74.90455712917111, 16.22657067653659], [74.90362141570309, 16.22657025366708], [74.90362185551848, 16.225666232846162], [74.90268614634834, 16.225665805876172], [74.90268570226293, 16.226569826672037], [74.90081427546727, 16.226568960305336]]], [[[74.83718213117942, 16.231049776142267], [74.83718064459593, 16.23285781202167], [74.8399878668818, 16.23285994786533], [74.83998932783487, 16.23105191173529], [74.83718213117942, 16.231049776142267]]], [[[74.92139602901989, 16.236521811405527], [74.92233249925495, 16.234714115184957], [74.91952524215785, 16.234713068803238], [74.91952450721976, 16.23652110960765], [74.92139602901989, 16.236521811405527]]], [[[74.92326649961197, 16.239234557564153], [74.9232657986351, 16.24104259776176], [74.9260731457448, 16.24104359502014], [74.92607348342122, 16.24013957490134], [74.92513770530395, 16.240139246630555], [74.9251383891406, 16.23833120620056], [74.92326649961197, 16.239234557564153]]], [[[74.91296662644152, 16.253694892679867], [74.91296622854644, 16.25459891135215], [74.91577376733215, 16.254600045878636], [74.9148386996974, 16.252791634325476], [74.91296662644152, 16.253694892679867]]], [[[74.91858093408905, 16.255505161933712], [74.91764508345145, 16.255504800269225], [74.91764470690084, 16.25640881889705], [74.92045227172092, 16.25640989155347], [74.9204526354346, 16.255505872862788], [74.91951678475019, 16.2555055194649], [74.91951752066568, 16.253697481893873], [74.91858167856165, 16.25369712440459], [74.91858093408905, 16.255505161933712]]], [[[74.92887073788397, 16.2681651245605], [74.92887138880418, 16.266357088754503], [74.9260636821251, 16.266356127084162], [74.92699891628078, 16.268164487508535], [74.92887073788397, 16.2681651245605]]], [[[74.92699757992806, 16.271780558046313], [74.92699724578708, 16.27268457548802], [74.92886911022332, 16.27268521272652], [74.92887008688145, 16.269973160058182], [74.92699824814666, 16.269972522931603], [74.92699791404792, 16.270876540527503], [74.92606199042876, 16.270876215739438], [74.92606165202533, 16.271780233239227], [74.92699757992806, 16.271780558046313]]], [[[74.94013171420512, 16.16872615067306], [74.94013144201121, 16.16963017711977], [74.9373251045409, 16.169629369443676], [74.93732453458064, 16.171437422012005], [74.94200207004036, 16.17053472141953], [74.94200286110396, 16.167822641987904], [74.94013171420512, 16.16872615067306]]], [[[74.93638850174561, 16.173245196762323], [74.9363890802862, 16.17143714453336], [74.93545362601012, 16.171436862943935], [74.93451757619623, 16.173244629405886], [74.93638850174561, 16.173245196762323]]], [[[74.93264021401548, 16.19222857406137], [74.93263929378548, 16.194940646792684], [74.9335748586922, 16.194940941164425], [74.93451102008247, 16.19313318293956], [74.93264021401548, 16.19222857406137]]], [[[74.93451012535759, 16.195845255543695], [74.93450923046244, 16.19855732745685], [74.93638039446085, 16.198557895748557], [74.93731654753428, 16.19675012575253], [74.93544540054495, 16.196749565762754], [74.93544569456328, 16.1958455416981], [74.93451012535759, 16.195845255543695]]], [[[74.94667131183097, 16.200368774870327], [74.9419933583904, 16.200367549604348], [74.94199362264789, 16.199463525735833], [74.9401227226761, 16.198558982915404], [74.9401216315139, 16.202175078113846], [74.94386428396896, 16.201272075887598], [74.94386377242175, 16.203080123299706], [74.94479937589838, 16.203080368396115], [74.94667131183097, 16.200368774870327]]], [[[74.94573399021148, 16.20669670339007], [74.94573374287742, 16.207600726702236], [74.9476049925477, 16.207601196436737], [74.94760570891825, 16.20488912618699], [74.9457344848326, 16.20488865653528], [74.94573423752988, 16.205792680001082], [74.9447986212466, 16.20579243898145], [74.94479836966411, 16.20669646235627], [74.94573399021148, 16.20669670339007]]], [[[74.94479635642988, 16.213928646589014], [74.94479711151237, 16.211216578078], [74.94292608800976, 16.21031206054283], [74.94292504713813, 16.213928151928314], [74.94479635642988, 16.213928646589014]]], [[[74.95602361182385, 16.21664333657249], [74.95602401291718, 16.214835291128463], [74.95415269474191, 16.214834895376548], [74.95415248566798, 16.215738918113743], [74.95321682233326, 16.215738714042185], [74.953216608979, 16.21664273669054], [74.95602361182385, 16.21664333657249]]], [[[74.9709931045223, 16.224782111315413], [74.97099283978686, 16.22659015537034], [74.97286426932115, 16.226590402904222], [74.9728645169769, 16.224782358820242], [74.97380022321607, 16.22478247638503], [74.97380034276267, 16.223878454220802], [74.97192893883116, 16.22387821498018], [74.97192881074554, 16.224782237130366], [74.9709931045223, 16.224782111315413]]], [[[74.96631472724, 16.22387739826223], [74.96631441982481, 16.225685442389832], [74.96818569554898, 16.226589753127794], [74.96912169210124, 16.224781847310272], [74.96818598590397, 16.224781709120087], [74.96818613106767, 16.22387768700089], [74.96631472724, 16.22387739826223]]], [[[74.95415039419984, 16.224779141258], [74.95321426118966, 16.22658698074886], [74.95508548534208, 16.22749140680358], [74.95695751233133, 16.224779729081792], [74.95415039419984, 16.224779141258]]], [[[74.97005562139915, 16.236534262134025], [74.97099138314238, 16.23653439217322], [74.97099125066984, 16.237438413239175], [74.97379854876863, 16.237438778608823], [74.9737987880663, 16.235630736357102], [74.97286303057177, 16.235630618709493], [74.97286315448203, 16.234726597475127], [74.9700558948649, 16.234726219786545], [74.97005562139915, 16.236534262134025]]], [[[74.9260731457448, 16.24104359502014], [74.92607280804701, 16.24194761506198], [74.92794405227409, 16.242852279294212], [74.92794339387291, 16.244660319068586], [74.92887919342807, 16.24466063504446], [74.92887951836362, 16.24375661517723], [74.93075110898442, 16.243757234701476], [74.93075174169364, 16.24194919466345], [74.92981595492319, 16.24194888700249], [74.9298162755224, 16.241044866886064], [74.9260731457448, 16.24104359502014]]], [[[74.98783431762998, 16.24919231621436], [74.98783442882393, 16.24738427581483], [74.98596280252704, 16.24738416014304], [74.98596273837872, 16.248288180374523], [74.98502692095967, 16.248288116338177], [74.98502685253044, 16.249192136488908], [74.98783431762998, 16.24919231621436]]], [[[74.97566830221987, 16.25190332868647], [74.97566852465, 16.250095288871723], [74.97379699259508, 16.24919104574141], [74.97379663329626, 16.251903105539807], [74.97566830221987, 16.25190332868647]]], [[[74.98315482416453, 16.25371209557134], [74.98315467013546, 16.25552013485527], [74.98502637340466, 16.255520275387976], [74.9850265103194, 16.25371223608758], [74.98315482416453, 16.25371209557134]]], [[[74.9700523371089, 16.258230746289055], [74.97005220015521, 16.259134765499624], [74.97192393747768, 16.259135021825184], [74.97098833415163, 16.257326857216114], [74.96911661396487, 16.257326592652998], [74.96911647274031, 16.25823061193273], [74.9700523371089, 16.258230746289055]]], [[[74.97847482145829, 16.26094382704468], [74.97847472300415, 16.261847846084077], [74.9803464861378, 16.261848028024527], [74.9803467557995, 16.259135970643236], [74.97941088707073, 16.259135881756144], [74.97941079290912, 16.260039900955068], [74.97660317391939, 16.260039609471], [74.97660306691077, 16.260943628575816], [74.97847482145829, 16.26094382704468]]], [[[74.9326162310852, 16.262742240251093], [74.93261684751263, 16.26093420337692], [74.92887334107103, 16.26093297948689], [74.9298085755394, 16.262741328428877], [74.9326162310852, 16.262742240251093]]], [[[74.93729537054385, 16.263647695655685], [74.93729508368848, 16.264551713984304], [74.93823097756571, 16.264551989010577], [74.93823210775436, 16.26093591516932], [74.93729623100116, 16.260935640207475], [74.9372959442002, 16.26183965876726], [74.93542418218728, 16.261839096406366], [74.9354235914069, 16.2636471332289], [74.93729537054385, 16.263647695655685]]], [[[74.94383965647032, 16.288058004601314], [74.94383914180574, 16.289866037232652], [74.94664718381217, 16.289866764244515], [74.94664767274355, 16.288058731528128], [74.94571166730334, 16.288058493361216], [74.94571191603434, 16.287154476901208], [74.94383965647032, 16.288058004601314]]], [[[74.94758319784556, 16.289866998296773], [74.94758295764596, 16.290771014552906], [74.95132703108561, 16.29077190938916], [74.9513272541281, 16.289867893080693], [74.95039124003566, 16.289867675598483], [74.9503916946561, 16.288059642775497], [74.94851968367004, 16.288059195435867], [74.94851921189412, 16.28986722820652], [74.94758319784556, 16.289866998296773]]], [[[74.98689567749943, 16.29168112094756], [74.98689561744193, 16.292585137405517], [74.98876762058377, 16.293489261517035], [74.98876751761176, 16.295297294059647], [74.99157563818324, 16.295297424594843], [74.99157571541224, 16.293489392036967], [74.99063968379994, 16.293489352673813], [74.98970374656945, 16.29168127631026], [74.98689567749943, 16.29168112094756]]], [[[74.98408746260498, 16.293488961114026], [74.98408760846355, 16.291680928297822], [74.98315158546045, 16.291680855795228], [74.9822153994438, 16.293488811948396], [74.97940730474131, 16.293488557123787], [74.97940702155938, 16.296200605698356], [74.98034306599318, 16.296200694799012], [74.9812792820635, 16.294392747429235], [74.98502342554677, 16.294393045777937], [74.9850234941926, 16.293489029481606], [74.98408746260498, 16.293488961114026]]], [[[74.99719175062089, 16.304337732022642], [74.99812783374682, 16.30433774238863], [74.9981278423335, 16.30343372691101], [74.99719176350092, 16.303433716545626], [74.99719175062089, 16.304337732022642]]], [[[74.99812781657181, 16.30614577311218], [74.99906390828578, 16.306145779332507], [75.00000000000001, 16.304337750681427], [74.99812783374682, 16.30433774238863], [74.99812781657181, 16.30614577311218]]]]}}, {"id": "1", "type": "Feature", "properties": {"cls": 2, "area_km2": 28.87, "depth_range": "0.5-2 m", "color": "#60a5fa", "scenario": "Published-peak hydrograph (peak 78,455 m3/s)"}, "geometry": {"type": "MultiPolygon", "coordinates": [[[[74.66892162476971, 16.128700448403034], [74.66891712050464, 16.131412493634816], [74.66985237165073, 16.131413942999625], [74.67079060886618, 16.129607357845142], [74.66892162476971, 16.128700448403034]]], [[[74.67546388051835, 16.13142255309216], [74.67546682408036, 16.129614521827207], [74.67172734032388, 16.12870478343054], [74.67265515627241, 16.133226296947722], [74.67452567638463, 16.133229159116627], [74.67452420003372, 16.13413317439683], [74.67826525835166, 16.13413884986566], [74.67826671773395, 16.13323483425064], [74.67546388051835, 16.13142255309216]]], [[[74.68107394628544, 16.132335031607543], [74.68013578806877, 16.134141662996694], [74.68481211397207, 16.1341486240643], [74.6848149732553, 16.1323405916044], [74.68387971637574, 16.132339207755326], [74.68388115012256, 16.131435191492077], [74.68201064512064, 16.131432411657666], [74.68200920289054, 16.132336427756886], [74.68107394628544, 16.132335031607543]]], [[[74.64645508358194, 16.140416603478037], [74.64832726193755, 16.139515684430883], [74.64833045331481, 16.137707659617988], [74.64739517473771, 16.137706115320213], [74.64739677451729, 16.136802102889835], [74.6464615002851, 16.136800554581924], [74.64645508358194, 16.140416603478037]]], [[[74.65861387712663, 16.140436416258265], [74.66141975494615, 16.14044088998522], [74.66142129137098, 16.139536876443977], [74.65955225936246, 16.138629884794923], [74.65861387712663, 16.140436416258265]]], [[[74.65300369877588, 16.139523345301253], [74.65300054943393, 16.141331370711036], [74.65393584559135, 16.141332890758495], [74.65393741606813, 16.14042887800231], [74.65487270808117, 16.140430393857926], [74.65487584024737, 16.138622367936726], [74.65300369877588, 16.139523345301253]]], [[[74.67919179037914, 16.13956435106073], [74.68012708074265, 16.139565756073125], [74.68012417756212, 16.14137378648538], [74.68199621869034, 16.140472569201307], [74.68106381840647, 16.138663141579762], [74.67919324607472, 16.13866033582248], [74.67919179037914, 16.13956435106073]]], [[[74.65580643820557, 16.141335918546062], [74.65861232787123, 16.141340429459], [74.65861387712663, 16.140436416258265], [74.6576785847168, 16.140434916811497], [74.6576816914198, 16.13862689035684], [74.6567464075965, 16.1386253869852], [74.65674329240576, 16.14043341326252], [74.6558080001938, 16.140431905611333], [74.65580643820557, 16.141335918546062]]], [[[74.68199188897172, 16.14318461496971], [74.68198900203373, 16.144992645098633], [74.68385963434136, 16.14499542739347], [74.6838639391398, 16.14228338159297], [74.68199333230304, 16.14228059979024], [74.68199477554256, 16.14137658453411], [74.68105947650632, 16.141375187560996], [74.681056581446, 16.143183217831844], [74.68199188897172, 16.14318461496971]]], [[[74.69040685027807, 16.14500503616575], [74.68853480281561, 16.14590632683902], [74.6885319747722, 16.14771435764768], [74.69040263382361, 16.147717082975724], [74.69040685027807, 16.14500503616575]]], [[[74.69040122816006, 16.148621098425682], [74.68946589434304, 16.14861973773356], [74.68852773203284, 16.15042640328552], [74.69039841656489, 16.15042912909554], [74.69040122816006, 16.148621098425682]]], [[[74.69132955364485, 16.153142531512604], [74.69133375896509, 16.15043048584314], [74.69039841656489, 16.15042912909554], [74.69039560461225, 16.15223715945862], [74.68852348848431, 16.153138448233094], [74.68851924412657, 16.155850492490302], [74.6903899796345, 16.15585321926431], [74.690391386013, 16.154949204427954], [74.69226351117344, 16.154047899543915], [74.69226490887692, 16.153143884394435], [74.69132955364485, 16.153142531512604]]], [[[74.65017083764035, 16.154886962691926], [74.65297691659975, 16.15489155150471], [74.65297849282318, 16.15398753998887], [74.65204313731783, 16.153986014580575], [74.65204629796, 16.15217799149844], [74.6511109510509, 16.152176462164572], [74.65110778191291, 16.153984485066445], [74.6501724266087, 16.15398295144648], [74.65017083764035, 16.154886962691926]]], [[[74.6838467150186, 16.15313156065398], [74.68291136059817, 16.153130170821182], [74.68290559931013, 16.15674622772611], [74.68571456916155, 16.154942357098495], [74.68571599669262, 16.15403834258891], [74.683845279082, 16.1540355750772], [74.6838467150186, 16.15313156065398]]], [[[74.6772889743375, 16.159449840908024], [74.67635947218857, 16.1558323680868], [74.67448873943081, 16.15582951812143], [74.67448282406886, 16.159445571113377], [74.6772889743375, 16.159449840908024]]], [[[74.6557798692057, 16.156704126700696], [74.65484450065485, 16.156702613342418], [74.65484293262914, 16.15760662480708], [74.65297218732839, 16.157603585591765], [74.65390126983029, 16.161221151986247], [74.65671055897627, 16.15941767065041], [74.65671211870192, 16.158513659161162], [74.65577674155315, 16.158512149731596], [74.6557798692057, 16.156704126700696]]], [[[74.67540640617065, 16.16667910145818], [74.67634182360108, 16.166680525393854], [74.67728017498715, 16.16487391960277], [74.6744739482066, 16.164869648298854], [74.67540640617065, 16.16667910145818]]], [[[74.68101021039452, 16.17211166043506], [74.68100875977962, 16.17301567299996], [74.6819442075375, 16.173017072856794], [74.68194710016787, 16.171209047485398], [74.68288253951032, 16.17121044306694], [74.6828839814345, 16.17030643018388], [74.68007767644274, 16.170302231355013], [74.68007476698253, 16.172110256549892], [74.68101021039452, 16.17211166043506]]], [[[74.6613351010442, 16.190161516566835], [74.6632061544199, 16.190164488149886], [74.66320922089142, 16.188356469086706], [74.66414473920786, 16.188357948530886], [74.66414626803936, 16.187453938796963], [74.66227524002043, 16.187450975967813], [74.66227370267227, 16.18835498552746], [74.66133818455067, 16.18835349785318], [74.6613351010442, 16.190161516566835]]], [[[74.65198300875956, 16.188338394782907], [74.65291852589075, 16.188339923607597], [74.65291378549509, 16.191051949167566], [74.6538493155031, 16.191053474146266], [74.65385089147613, 16.190149465613487], [74.65478641732501, 16.19015098638699], [74.65479270318347, 16.186534951129246], [74.65292168565327, 16.186531906183188], [74.65198300875956, 16.188338394782907]]], [[[74.674426553119, 16.19379801325925], [74.6744221048928, 16.19651004343945], [74.67722877857433, 16.19651432354899], [74.67723024862808, 16.195610313314194], [74.674426553119, 16.19379801325925]]], [[[74.6641325050632, 16.195590023634416], [74.66506805755307, 16.195591499657763], [74.66506958290023, 16.194687490452175], [74.66694067964897, 16.19469042997505], [74.66693764590043, 16.196498448654985], [74.66787320294054, 16.196499912413394], [74.66787169018299, 16.19740392172406], [74.6706783746611, 16.19740828855256], [74.67161991862865, 16.193793696855845], [74.66320002030938, 16.193780525353606], [74.6641325050632, 16.195590023634416]]], [[[74.68283490462872, 16.20104282510608], [74.68564164473038, 16.201046995274954], [74.68564307689097, 16.200142984682852], [74.68377336584982, 16.199236198346057], [74.68283490462872, 16.20104282510608]]], [[[74.64635219421618, 16.198273218775245], [74.64634897218318, 16.200081232930902], [74.65289481488823, 16.20190004448568], [74.65289955889367, 16.19918802169462], [74.65196399064168, 16.19918649179083], [74.651962405145, 16.20009049937486], [74.64915568820794, 16.200085884684647], [74.64915888467087, 16.198277869982146], [74.64635219421618, 16.198273218775245]]], [[[74.69124668597993, 16.206479289252936], [74.69031107973524, 16.206477927546025], [74.68937830479109, 16.20466854073423], [74.68844270725295, 16.204667170948408], [74.68843844751034, 16.207379202068907], [74.68656722712164, 16.207376449653744], [74.68656865565399, 16.20647243951889], [74.68469888112504, 16.205565660736575], [74.68375751429534, 16.20918030967972], [74.68656436978522, 16.209184469692627], [74.68656294098116, 16.21008847959665], [74.68749856392417, 16.210089858107267], [74.68749998846334, 16.209185848122264], [74.68843560723178, 16.209187222431233], [74.68937405783986, 16.207380572096213], [74.69124527876791, 16.20738329979027], [74.69124668597993, 16.206479289252936]]], [[[74.67720818803, 16.209170458759893], [74.67814380579023, 16.20917187839611], [74.67814233860241, 16.210075887560407], [74.68001358293137, 16.210078714636975], [74.68095502225451, 16.20646408388003], [74.67721113065551, 16.207362440367245], [74.67720818803, 16.209170458759893]]], [[[74.67813646892105, 16.21369192344798], [74.67813500126817, 16.214595932227454], [74.6790706447146, 16.214597348242002], [74.67907503459638, 16.211885321423175], [74.67720377339215, 16.211882485771692], [74.67720230165963, 16.2127864946217], [74.67626666693165, 16.21278507053025], [74.67626519083993, 16.213689079219645], [74.67813646892105, 16.21369192344798]]], [[[74.6706498570681, 16.214584455715563], [74.66971421446856, 16.21458300260216], [74.66970969574994, 16.21729502620056], [74.67345380718585, 16.216396806812334], [74.67345678543671, 16.214588790323234], [74.67158549976281, 16.214585904706873], [74.67158699727908, 16.213681896516327], [74.67065135885053, 16.213680447610116], [74.6706498570681, 16.214584455715563]]], [[[74.66783990010613, 16.216388099475527], [74.66877555104766, 16.216389561004753], [74.66877706155394, 16.21548555322421], [74.66597012181772, 16.215481156527034], [74.66596707510833, 16.21728917149472], [74.66783838523715, 16.217292107093257], [74.66783990010613, 16.216388099475527]]], [[[74.66408810422472, 16.221806254609856], [74.66408657170527, 16.222710261419795], [74.66689361328703, 16.222714684928274], [74.66689513300064, 16.221810677858652], [74.66595945664537, 16.221809207566398], [74.66596250432018, 16.22000119336875], [74.66502683659786, 16.2199997191256], [74.66502378038663, 16.221807733150133], [74.66408810422472, 16.221806254609856]]], [[[74.66127798557417, 16.22360980726409], [74.66314781750364, 16.224516791883183], [74.66408657170527, 16.222710261419795], [74.66221521113577, 16.22270729179287], [74.66221675219244, 16.221803285157254], [74.6612810763226, 16.221801794244953], [74.66127798557417, 16.22360980726409]]], [[[74.66595183576868, 16.22632924171268], [74.66875892916042, 16.226333641508546], [74.6687604407198, 16.22542963457511], [74.66782474709613, 16.225428172187556], [74.66782777846619, 16.223620158261262], [74.66595488440902, 16.224521228285248], [74.66595183576868, 16.22632924171268]]], [[[74.66220904593277, 16.226323317565047], [74.66221058737999, 16.225419311237548], [74.65940350883639, 16.225414825075347], [74.65940195458015, 16.226318831139523], [74.6603376515996, 16.226320330739913], [74.66033300105079, 16.229032348734226], [74.66407737454958, 16.228134300661864], [74.6640789076516, 16.2272302943141], [74.66220904593277, 16.226323317565047]]], [[[74.67343742005802, 16.226340891997], [74.67343592975278, 16.227244899278958], [74.67250022711342, 16.227243457347118], [74.67249723767901, 16.229051471510683], [74.67436866013368, 16.229054351586914], [74.6743731185218, 16.226342329718975], [74.67343742005802, 16.226340891997]]], [[[74.67436866013368, 16.229054351586914], [74.67436717381605, 16.22995835872215], [74.67530288945552, 16.22995979265546], [74.67530437150236, 16.229055785436074], [74.67436866013368, 16.229054351586914]]], [[[74.67810856760853, 16.230868077091426], [74.67811150617047, 16.229060062227735], [74.6762400829649, 16.22905721515927], [74.67623860518886, 16.229961222462556], [74.67530288945552, 16.22995979265546], [74.67530140731483, 16.2308637997978], [74.67810856760853, 16.230868077091426]]], [[[74.67062130511499, 16.23176059508816], [74.67155702891868, 16.231762045696527], [74.67156152659354, 16.229050025283616], [74.6696901047077, 16.229047120451597], [74.66968859703611, 16.22995112716248], [74.66875288196552, 16.22994966847193], [74.66875136992739, 16.23085367502017], [74.67062280870621, 16.23085658844602], [74.67062130511499, 16.23176059508816]]], [[[74.68185144930162, 16.23087372237913], [74.6790442878929, 16.23086949460305], [74.67904135750172, 16.232677509324915], [74.68091281543445, 16.232680332300035], [74.68090990176022, 16.234488347044962], [74.67997416420354, 16.234486937455486], [74.67997124161518, 16.236294951726798], [74.68090698771698, 16.236296361481667], [74.68090553055698, 16.237200368584418], [74.68277703158303, 16.237203175875063], [74.68277992871943, 16.23539516126315], [74.68371567082448, 16.23539655855228], [74.68371711498267, 16.234492551048767], [74.68184709202022, 16.23358574509061], [74.68185144930162, 16.23087372237913]]], [[[74.68369110614329, 16.25076467431892], [74.6836954430077, 16.248052655508584], [74.68275964106014, 16.248051257071793], [74.68182093094634, 16.249857866792865], [74.67808063270382, 16.24804420292181], [74.67807621885774, 16.250756220245574], [74.6799463846698, 16.251663060583674], [74.67994345856488, 16.253471071925247], [74.68275094084505, 16.25347529350645], [74.68275239111026, 16.25257128762682], [74.68462547948552, 16.251670075067466], [74.68462692101262, 16.250766068869854], [74.68369110614329, 16.25076467431892]]], [[[74.70720399376496, 16.17124528539848], [74.70907355437268, 16.17215186549166], [74.70907884553526, 16.16853580499691], [74.70720798752902, 16.168533240365292], [74.70720665635889, 16.16943725545312], [74.70627122322969, 16.169435966896724], [74.70720399376496, 16.17124528539848]]], [[[74.69130009394641, 16.172126831863167], [74.69317098303432, 16.172129536864936], [74.6931681923145, 16.173937564022715], [74.69410364549937, 16.173938910515982], [74.69410503664952, 16.17303489689623], [74.69504048566864, 16.17303623919924], [74.69504464582845, 16.17032419764223], [74.69223833731812, 16.170320159113512], [74.69130009394641, 16.172126831863167]]], [[[74.69971226905699, 16.17665894494943], [74.69971090308448, 16.177562958732484], [74.70158184480415, 16.177565590669897], [74.70158591693213, 16.17485354862567], [74.69971500074186, 16.17485091715293], [74.6997136349428, 16.175754931089575], [74.69784271059014, 16.175752283015008], [74.69784133619456, 16.176656296719006], [74.69503493755602, 16.17665229353356], [74.69503355030768, 16.17755630692514], [74.69409808001546, 16.17755496422704], [74.69409668842363, 16.17845897746279], [74.69503216297127, 16.178460320239914], [74.69502800043361, 16.18117235972336], [74.69596348783725, 16.181173698624374], [74.69596487118164, 16.180269685461266], [74.69783583773958, 16.180272350766916], [74.6978385871416, 16.178464323896577], [74.69877406203992, 16.17846565022388], [74.69877680258227, 16.176657622890204], [74.69971226905699, 16.17665894494943]]], [[[74.71747200739394, 16.1866274459431], [74.71653649249565, 16.18662620120636], [74.71653778269352, 16.185722186832194], [74.71466676165865, 16.18571968516187], [74.71466416414889, 16.18752771353904], [74.71747072137237, 16.187531460313647], [74.71747200739394, 16.1866274459431]]], [[[74.77640858149445, 16.187601587613216], [74.77547305772437, 16.187600602045684], [74.77547407973601, 16.18669658360827], [74.7707964831552, 16.18669159433911], [74.770794396483, 16.188499630550183], [74.77172992418464, 16.188500636751886], [74.77172888500802, 16.1894046548014], [74.7726644170344, 16.18940565694681], [74.77266545195221, 16.18850163883835], [74.77453650768409, 16.18850363066557], [74.7745354812839, 16.189407648891173], [74.77547101350649, 16.189408638690132], [74.77640858149445, 16.187601587613216]]], [[[74.75302050732051, 16.187575713927387], [74.75302163153027, 16.186671696953876], [74.75208611372086, 16.186670608575707], [74.75208498525288, 16.187574625485205], [74.75114946325685, 16.187573532928045], [74.75114719758876, 16.189381566388075], [74.75395378934324, 16.18938483209877], [74.75395602945949, 16.187576798254604], [74.75302050732051, 16.187575713927387]]], [[[74.75676702458739, 16.183963957176875], [74.75489601401785, 16.1839618096027], [74.75302163153027, 16.186671696953876], [74.75676370347855, 16.186676009319235], [74.7567614890547, 16.188484043696796], [74.75769701573483, 16.188485111626928], [74.75769591267631, 16.189389128763306], [74.75582485086872, 16.189386988661955], [74.75582596244482, 16.188482971651442], [74.75489043590545, 16.188481895490874], [74.75301600976807, 16.191191781053323], [74.75114493163315, 16.191189599540834], [74.75114719758876, 16.189381566388075], [74.75021166714735, 16.189380469586943], [74.75021052994643, 16.190284486137227], [74.74646839186886, 16.190280057517754], [74.74646954610593, 16.189376041227916], [74.74553401602799, 16.18937492384955], [74.74553169896227, 16.191182956220956], [74.74646723755855, 16.19118407373076], [74.74646608317501, 16.192088089866942], [74.74740162610411, 16.19208920332629], [74.74740277622807, 16.191185187124642], [74.75020939267337, 16.191188502610686], [74.75020825532815, 16.192092519007318], [74.75207934183875, 16.192094708880457], [74.7539470672887, 16.194808931787538], [74.75956040605956, 16.194815354357253], [74.75955931103242, 16.195719371080752], [74.76049487199958, 16.19572042716193], [74.76050032514007, 16.19120034246565], [74.75863034481576, 16.190294209762925], [74.75863693698678, 16.184870105877994], [74.75676591762137, 16.18486797463446], [74.75676702458739, 16.183963957176875]], [[74.75675484409683, 16.19390814498588], [74.75675595176547, 16.19300412829643], [74.75582040385898, 16.193003055935804], [74.75582262750491, 16.191195022452522], [74.75862924587656, 16.19119822680824], [74.758627047789, 16.193006260668405], [74.75675484409683, 16.19390814498588]]], [[[74.74179189645398, 16.189370413181656], [74.74085636674626, 16.18936927522609], [74.74085400708888, 16.191177306933056], [74.7399184689377, 16.19117616472771], [74.73991728473716, 16.19208018039878], [74.7445961604395, 16.191181834595223], [74.74459848602355, 16.189373802355732], [74.74272742623627, 16.18937154702179], [74.74272859743516, 16.18846753091945], [74.74179307191162, 16.188466397146], [74.74179189645398, 16.189370413181656]]], [[[74.77265924146036, 16.193925746336927], [74.77359479485051, 16.19392674466035], [74.77359582583651, 16.19302272687726], [74.77266027670652, 16.19302172861254], [74.77265924146036, 16.193925746336927]]], [[[74.78201279279469, 16.195743580690266], [74.78388391796378, 16.19574549111104], [74.78388687052355, 16.193033436103068], [74.78201577091711, 16.193031526019244], [74.78201477827261, 16.193935544319743], [74.78107922430355, 16.19393458304661], [74.78201279279469, 16.195743580690266]]], [[[74.77452932151509, 16.194831756631793], [74.7754648792962, 16.19483274678004], [74.77546590182673, 16.1939287289571], [74.77359479485051, 16.19392674466035], [74.77359273268229, 16.19573477999604], [74.77452829465898, 16.195735774319687], [74.77452932151509, 16.194831756631793]]], [[[74.77265613532784, 16.19663779904912], [74.77265717077101, 16.195733781555223], [74.77078709104468, 16.194827754869443], [74.77078500318065, 16.196635789697822], [74.77265613532784, 16.19663779904912]]], [[[74.71278135686633, 16.195661317675047], [74.71091024278957, 16.195658781449186], [74.71091155936989, 16.194754768287922], [74.70997600671723, 16.194753494074288], [74.70997204394314, 16.19746553310272], [74.71277874049915, 16.19746934406519], [74.71278135686633, 16.195661317675047]]], [[[74.76984838891369, 16.19753879608555], [74.77078395914931, 16.197539806996758], [74.77078500318065, 16.196635789697822], [74.76984943720626, 16.196634778846047], [74.76984838891369, 16.19753879608555]]], [[[74.73803426878241, 16.201118034638544], [74.73803665565966, 16.199310005026774], [74.73897223200609, 16.19931115607287], [74.73991254718366, 16.19569624231464], [74.73804142850592, 16.195693944880844], [74.73616670504262, 16.19840367579516], [74.7342955614054, 16.19840134501334], [74.7342907194569, 16.202017403144616], [74.73522630828576, 16.202018570868965], [74.73615949280799, 16.203827763352898], [74.73709509031546, 16.20382892297591], [74.73709628828206, 16.202924908507], [74.73990306846994, 16.202928362457218], [74.73990425357218, 16.20202434770845], [74.73803426878241, 16.201118034638544]]], [[[74.6940604760213, 16.201963294620583], [74.69499606130493, 16.20196463945249], [74.6949974509319, 16.201060628136027], [74.69219070813385, 16.20105658152191], [74.69218229231386, 16.206480646839907], [74.69311789873672, 16.206482000306927], [74.69311929733193, 16.20557798953337], [74.6949905019158, 16.205580683949226], [74.69499189189527, 16.204676672940415], [74.69312069583847, 16.204673978682894], [74.69312349258556, 16.202865956751168], [74.6940590820435, 16.2028673057811], [74.6940604760213, 16.201963294620583]]], [[[74.74176954858552, 16.206546703258073], [74.73989951271236, 16.205640406242228], [74.73989595627836, 16.20835244933519], [74.74176719461155, 16.20835473217806], [74.74176954858552, 16.206546703258073]]], [[[74.76889702242504, 16.211098029530998], [74.76889807598043, 16.210194013504207], [74.76702681647144, 16.210191969412463], [74.7651587686742, 16.20747786101819], [74.7614163021882, 16.207473691148923], [74.76141521471736, 16.20837770692027], [74.76047959400309, 16.208376654090323], [74.76047850219857, 16.209280669722922], [74.76141412717759, 16.209281722614726], [74.76141303956886, 16.21018573823228], [74.76328429826349, 16.210187831776494], [74.76328213990087, 16.211995863026882], [74.76421777788175, 16.211996903739696], [74.76327782235471, 16.215611924604747], [74.76514913251445, 16.21561400239695], [74.76608692100716, 16.213807004108855], [74.76795821450732, 16.213809056924955], [74.76796138837172, 16.211097009485734], [74.76889702242504, 16.211098029530998]]], [[[74.77638107773537, 16.21201005794725], [74.77544543888979, 16.21200907081433], [74.77544441506166, 16.2129130871], [74.77825134458952, 16.21291603630737], [74.77825033349482, 16.213820052689357], [74.77918598106542, 16.213821027572173], [74.77918698789401, 16.212917011132923], [74.78105827469413, 16.212918948418675], [74.78012463619658, 16.211109948613455], [74.77638209723303, 16.211106041526698], [74.77638107773537, 16.21201005794725]]], [[[74.70058773824692, 16.216436800058343], [74.70245904659525, 16.21643943041222], [74.70246311704592, 16.21372739805392], [74.69965619305177, 16.213723447035353], [74.69965071441236, 16.217339489097565], [74.70058637272392, 16.217340810536047], [74.70058773824692, 16.216436800058343]]], [[[74.72865121026817, 16.220994586550468], [74.72864997236572, 16.221898598858733], [74.72958565457373, 16.221899792837903], [74.72959058864073, 16.218283742862663], [74.72771925844764, 16.218281351341922], [74.7277180165128, 16.219185363810734], [74.72491100901107, 16.219181745393453], [74.72490975419377, 16.22008575757286], [74.72397408091727, 16.22008454311566], [74.72490724432068, 16.221893781700754], [74.72584292621335, 16.221894992176438], [74.72678110098505, 16.220088174116327], [74.72865121026817, 16.220994586550468]]], [[[74.70057817776869, 16.222764871785763], [74.6987054353496, 16.223666233636663], [74.69870268575498, 16.22547425297244], [74.70057407912273, 16.225476901371273], [74.70057817776869, 16.222764871785763]]], [[[74.78011159958017, 16.222862159065254], [74.77917590926972, 16.222861187734274], [74.77917490173911, 16.223765203327357], [74.77730351277181, 16.223763248177274], [74.77730656078504, 16.22105120151151], [74.77356280183656, 16.22195125781219], [74.7735607356118, 16.22375928838087], [74.77449642980429, 16.223760284517002], [74.77636475698314, 16.226474310215185], [74.77823617143974, 16.226476273960415], [74.77823515938366, 16.227380289188417], [74.78104429278706, 16.22557517316161], [74.7810482888833, 16.22195911048796], [74.78011260277812, 16.221958143338203], [74.78011159958017, 16.222862159065254]]], [[[74.70057407912273, 16.225476901371273], [74.70057134625935, 16.227284920709916], [74.69963564099227, 16.227283598417813], [74.69963427016043, 16.228187607894025], [74.70150568932179, 16.22819024850766], [74.701507051613, 16.227286238876484], [74.70244275705292, 16.227287552917517], [74.70244411498781, 16.226383543132215], [74.70057407912273, 16.225476901371273]]], [[[74.71460563299401, 16.228208270715186], [74.7164770548559, 16.228210779303538], [74.71647834882194, 16.227306768467468], [74.71741405560562, 16.22730801649969], [74.71741276590991, 16.228212027409008], [74.71928290702658, 16.229118522220602], [74.72022117644569, 16.227311735842957], [74.71928546941777, 16.227310500187432], [74.71928675049163, 16.22640648905536], [74.71460823792493, 16.226400249260497], [74.71460563299401, 16.228208270715186]]], [[[74.7716820537926, 16.23008538747703], [74.77261777774507, 16.230086392275254], [74.77261673980506, 16.230990406846693], [74.77542392486949, 16.230993396658537], [74.77636169499989, 16.22918635532253], [74.7754259750571, 16.22918536708781], [74.77542700005355, 16.22828135218699], [74.77168413801712, 16.228277358221163], [74.7716820537926, 16.23008538747703]]], [[[74.76232698758386, 16.228267084494384], [74.76232590279767, 16.229171098557867], [74.76139018385707, 16.229170048431207], [74.7595154529712, 16.231879976971285], [74.76419411174126, 16.23188522852895], [74.76419626457172, 16.230077200541835], [74.76513198798861, 16.230078238351027], [74.76513306003062, 16.2291742241811], [74.7641973408847, 16.22917318643281], [74.76419841712953, 16.228269172246804], [74.76232698758386, 16.228267084494384]]], [[[74.77916683919636, 16.230997325301608], [74.78010256793837, 16.2309982971458], [74.78010156410478, 16.23190231210325], [74.78290876352568, 16.231905203045702], [74.78291074550093, 16.230097172714572], [74.78197502084029, 16.230096213306563], [74.78197601600478, 16.22919219808184], [74.78010457541482, 16.22919026699998], [74.77916683919636, 16.230997325301608]]], [[[74.77729436525601, 16.23189938401896], [74.77823009814158, 16.231900364173924], [74.77823212283073, 16.23009233441064], [74.77636067420951, 16.230090370204373], [74.77635761145049, 16.23280241438803], [74.77729334854347, 16.23280339872762], [74.77729436525601, 16.23189938401896]]], [[[74.70524045562864, 16.23361953823743], [74.70804766292396, 16.233623420071577], [74.70804899582936, 16.232719410367753], [74.70711326425142, 16.232718120625954], [74.70711593835206, 16.230910101138576], [74.70618021540187, 16.2309088074216], [74.70617753275816, 16.23271682675715], [74.70524180134984, 16.23271552876135], [74.70524045562864, 16.23361953823743]]], [[[74.70804632993418, 16.234527429698357], [74.71085355080578, 16.234531274612884], [74.71085751107441, 16.23181924482473], [74.70992178351578, 16.231817967538884], [74.70804632993418, 16.234527429698357]]], [[[74.7538976940102, 16.23458557826181], [74.75296195007041, 16.234584490617298], [74.75295969401319, 16.236392516334995], [74.75670381535278, 16.235492829581126], [74.75764177703816, 16.233685874273274], [74.75389881765939, 16.233681565223648], [74.7538976940102, 16.23458557826181]]], [[[74.73891506824708, 16.242703785070674], [74.73891864607589, 16.23999175095487], [74.73798287767197, 16.239990596863482], [74.73798168086368, 16.240894608244766], [74.73330281861509, 16.24088877551092], [74.73330160035889, 16.2417927864731], [74.73143004744848, 16.24179042433646], [74.7323633785716, 16.243599629024423], [74.73423494873583, 16.243601983178213], [74.73517315357775, 16.241795132091877], [74.73610893030217, 16.241796298707058], [74.73610772479296, 16.242700309798153], [74.73891506824708, 16.242703785070674]]], [[[74.72487458702308, 16.245398067334424], [74.72393879413505, 16.24539685088043], [74.72393374805813, 16.249012889916152], [74.72673868041915, 16.25082454722172], [74.72673618224749, 16.252632566395206], [74.72954366450234, 16.252636167880674], [74.7295535526512, 16.245404087648055], [74.72580912714272, 16.246303289674948], [74.72581288544873, 16.243591259392876], [74.72487710103185, 16.24359004721146], [74.72487458702308, 16.245398067334424]]], [[[74.69678697830098, 16.254399850527612], [74.69585114515617, 16.254398509375847], [74.6958525356193, 16.25349450244761], [74.69117480437532, 16.252583728484808], [74.69117762763642, 16.2507757150359], [74.69024181213437, 16.250774349407603], [74.6893088367334, 16.24896496621078], [74.6865014166976, 16.248960832624242], [74.68649855102461, 16.250768845576328], [74.6883687569814, 16.251675612277733], [74.68836590787532, 16.253483625090663], [74.68930173603071, 16.253484999224167], [74.68929889512066, 16.255293011889634], [74.69023473192246, 16.255294382051186], [74.69023189921059, 16.257102394568676], [74.69116774465958, 16.257103760757307], [74.69116633244847, 16.258007766980384], [74.69303943582527, 16.257106480734038], [74.69304224286427, 16.2552984677377], [74.69397808002279, 16.255299821367153], [74.69397668082635, 16.25620382798321], [74.69678420566791, 16.256207864309896], [74.69678697830098, 16.254399850527612]]], [[[74.70801564786971, 16.255319629844408], [74.70801831764838, 16.253511614059356], [74.70708248774729, 16.25351032257691], [74.70708382678785, 16.252606314644396], [74.70240469994799, 16.25259979562572], [74.70240061839974, 16.255311818045673], [74.70801564786971, 16.255319629844408]]], [[[74.73140795167714, 16.258062605982644], [74.73047209835241, 16.258061417466777], [74.72953871855077, 16.256252206146733], [74.7276670294088, 16.256249808726867], [74.72766827457153, 16.255345799416496], [74.7248607542862, 16.255342172499258], [74.72486327004538, 16.253534154072252], [74.72392743866573, 16.253532936976324], [74.72392617654774, 16.254436946157057], [74.71924571587141, 16.25533480707155], [74.7201789965396, 16.257144062375932], [74.72579408678239, 16.257151403865485], [74.72579157894543, 16.258959421817732], [74.72859915081766, 16.258963037182966], [74.72859790961971, 16.259867046255213], [74.73046963315379, 16.259869435968408], [74.73140795167714, 16.258062605982644]]], [[[74.71830601232354, 16.258045590583436], [74.71737016011483, 16.25804434419423], [74.71736886764077, 16.258948352483262], [74.72017643734968, 16.258952079467843], [74.7201789965396, 16.257144062375932], [74.71830730043656, 16.257141582144246], [74.71830601232354, 16.258045590583436]]], [[[74.7089448318836, 16.259840955835273], [74.70894216948302, 16.26164897069134], [74.71081258396755, 16.262555541807394], [74.71175373043744, 16.25894078689506], [74.7108178745271, 16.258939511494575], [74.71081655201267, 16.2598435191885], [74.7089448318836, 16.259840955835273]]], [[[74.83443526654274, 16.158725926355288], [74.83724144021927, 16.15872808889271], [74.83724291909009, 16.15692004041839], [74.83537290145317, 16.156014578736063], [74.83537140567913, 16.15782262719428], [74.83443601875075, 16.157821902283853], [74.83443526654274, 16.158725926355288]]], [[[74.84098011547852, 16.162347011468114], [74.84285164667958, 16.161444375951056], [74.841917679027, 16.159635635304813], [74.84098228327193, 16.15963493906198], [74.84098011547852, 16.162347011468114]]], [[[74.80543728106545, 16.15960543812922], [74.80543551288805, 16.161413483000732], [74.80730544191523, 16.162319206174576], [74.80824259138497, 16.16051200542072], [74.80730719320255, 16.160511161256036], [74.80730806876274, 16.159607138681757], [74.80543728106545, 16.15960543812922]]], [[[74.79888769822637, 16.161407400962922], [74.79795229636193, 16.16140651566831], [74.79795321448252, 16.160502493681296], [74.79701781692688, 16.160501604331067], [74.79701597212618, 16.16230964812364], [74.79888678429818, 16.16231142292541], [74.79888769822637, 16.161407400962922]]], [[[74.8437863411351, 16.162349088240845], [74.84565645703114, 16.163254476399214], [74.84659326433655, 16.161447103737647], [74.8456578598552, 16.161446427953095], [74.84565856120038, 16.16054240361505], [74.84378776087267, 16.160541039802098], [74.8437863411351, 16.162349088240845]]], [[[74.83536766541226, 16.162342746998497], [74.8353669172163, 16.16324677072938], [74.83443150478567, 16.163246045562694], [74.83442999974822, 16.165054092709013], [74.83817168376659, 16.165056969063325], [74.83817241930282, 16.164152945359103], [74.83536766541226, 16.162342746998497]]], [[[74.84191264995705, 16.16596380346632], [74.8428480755152, 16.165964495887003], [74.84472104409248, 16.163253796426503], [74.84191480554661, 16.163251731857077], [74.84191264995705, 16.16596380346632]]], [[[74.82975289580293, 16.165050404813144], [74.83349457886247, 16.16505336334788], [74.83349609240283, 16.163245316287465], [74.83256068006807, 16.163244582903705], [74.83256144101719, 16.162340559301686], [74.82881980916848, 16.162337584856488], [74.82881825321242, 16.164145631633442], [74.825074202818, 16.166854660150616], [74.82507261234743, 16.16866270580263], [74.82600804979981, 16.168663472325445], [74.8260072587417, 16.169567495081548], [74.82694270049726, 16.16956825753928], [74.82694348730244, 16.16866423473828], [74.82881436245732, 16.168665747234016], [74.82881591890764, 16.16685770122383], [74.82788048981041, 16.166856947119776], [74.82788127221356, 16.165952924044067], [74.82975212195319, 16.165954428054107], [74.82975289580293, 16.165050404813144]]], [[[74.8362993534422, 16.166863586114218], [74.83536392395712, 16.166862864886184], [74.8353646723432, 16.165958841461997], [74.83349382202019, 16.165957386763083], [74.83349230819137, 16.167765433363446], [74.83629860926096, 16.167767609504196], [74.8362993534422, 16.166863586114218]]], [[[74.83629786503245, 16.168671632817496], [74.83723330306991, 16.168672350020483], [74.83723182297724, 16.170480396501464], [74.84003816288897, 16.17048252370094], [74.84003889019915, 16.169578500373554], [74.84097433267593, 16.169579201177825], [74.84004034468093, 16.167770453488707], [74.83629860926096, 16.167767609504196], [74.83629786503245, 16.168671632817496]]], [[[74.7998140007736, 16.17044849884254], [74.80168398808229, 16.171354271273145], [74.80168669315616, 16.16864220699138], [74.80262212926475, 16.16864307626338], [74.80262302658886, 16.16773905463153], [74.79888129950973, 16.16773555308998], [74.79888038517507, 16.168639574515648], [74.79981582111105, 16.16864045611751], [74.7998140007736, 16.17044849884254]]], [[[74.82506943080017, 16.17227879618631], [74.82507181703639, 16.169566728513594], [74.82320093377756, 16.169565183047027], [74.82319932599057, 16.171373228056886], [74.82506943080017, 16.17227879618631]]], [[[74.8128940562341, 16.187636815032], [74.81570063482327, 16.187639265586203], [74.81570231257965, 16.18583122408627], [74.81383212447982, 16.184925573920943], [74.81383042979824, 16.18673361538272], [74.81289490791387, 16.18673279446456], [74.8128940562341, 16.187636815032]]], [[[74.81756919600208, 16.190352940672472], [74.81850473518757, 16.1903537412049], [74.81850390884806, 16.191257761751313], [74.82131053949625, 16.191260138793698], [74.82131216656721, 16.1894520973445], [74.8203766314844, 16.18945130920577], [74.81944274035288, 16.187642475381068], [74.81757168748268, 16.18764087871375], [74.81756919600208, 16.190352940672472]]], [[[74.83628073472845, 16.189464147849684], [74.83627849849681, 16.192176212034532], [74.83814885896233, 16.193081665846044], [74.83815033288596, 16.191273623118022], [74.83908587742188, 16.191274333144786], [74.83908661005412, 16.190370311623845], [74.8372155295479, 16.19036888753803], [74.837216270652, 16.189464866024057], [74.83628073472845, 16.189464147849684]]], [[[74.80634272996397, 16.190343013252765], [74.80447165306153, 16.190341301062016], [74.80353432565828, 16.192148478244377], [74.80634096648453, 16.192151053006963], [74.80634272996397, 16.190343013252765]]], [[[74.79511440627344, 16.192140531679335], [74.79417885996746, 16.192139628146457], [74.79417792276477, 16.19304364723652], [74.79792012538242, 16.19304723688167], [74.79792104554544, 16.19214321758053], [74.7969854990627, 16.19214232639637], [74.79698734773261, 16.190334287668502], [74.79605180982756, 16.1903333924734], [74.79511440627344, 16.192140531679335]]], [[[74.82224608314924, 16.19126092290911], [74.82224527379603, 16.192164943564634], [74.82318082176005, 16.192165723609882], [74.82317921141974, 16.193973764782303], [74.82411476795502, 16.193974540802543], [74.82505191784108, 16.192167271351575], [74.82411636977515, 16.192166499538867], [74.82411717060901, 16.191262478791838], [74.82224608314924, 16.19126092290911]]], [[[74.82317679552615, 16.196685825964916], [74.82224122625965, 16.19668504569031], [74.82223879712157, 16.199397106044], [74.8231743791728, 16.19939788645623], [74.82317276801513, 16.201205926399656], [74.82410835864196, 16.20120670278494], [74.82410996127513, 16.199398662750248], [74.82504554342827, 16.19939943492606], [74.82411396696874, 16.19487856131918], [74.82317840617296, 16.19487778525331], [74.82317679552615, 16.196685825964916]]], [[[74.84282018149129, 16.201221365563953], [74.83907708220887, 16.202122585405974], [74.83907854854262, 16.200314544130542], [74.84001413573421, 16.200315250456413], [74.84001705079687, 16.196699166817673], [74.84095262098776, 16.196699868859977], [74.84095334537682, 16.195795847716997], [74.84188891135261, 16.19579654560078], [74.84188747105092, 16.197604587891988], [74.84375862018406, 16.197605971470434], [74.84375933183507, 16.19670195028189], [74.84469490220815, 16.196702635854194], [74.84469702410802, 16.193990571706852], [74.84656813942375, 16.19399193025931], [74.84750230815713, 16.19580064644097], [74.848437874447, 16.19580131550392], [74.84843925491678, 16.193993272344635], [74.85031037058495, 16.193994597962856], [74.85030900715782, 16.195802641278032], [74.85124457357821, 16.195803297989183], [74.85124525105262, 16.194899276331384], [74.8521808132552, 16.194899928886908], [74.8521821595543, 16.19309188526419], [74.83814885896233, 16.193081665846044], [74.83814812193039, 16.19398568709487], [74.83627775299169, 16.193080233275918], [74.83627700743925, 16.1939842544405], [74.83440589313732, 16.193982805319063], [74.83440513901657, 16.194886826321646], [74.83534070040426, 16.194887552983477], [74.83533920054107, 16.1966955948437], [74.83721034050258, 16.19669703598578], [74.83720959902227, 16.197601056885404], [74.83908001469038, 16.198506502547836], [74.83907928163974, 16.199410523377598], [74.83720811592056, 16.19940909845423], [74.83720737429917, 16.200313119123415], [74.83627178724785, 16.200312400442158], [74.83627402475655, 16.197600338330872], [74.83346578504877, 16.199406199188843], [74.83439759517776, 16.203927032122923], [74.83907561568914, 16.203930626374092], [74.83907488235953, 16.204834646742896], [74.84094609941843, 16.204836055690127], [74.84094464967528, 16.206644096362812], [74.8418802668016, 16.20664479473898], [74.8418809874321, 16.205740774400027], [74.84375292535078, 16.20483813821339], [74.84375363736295, 16.203934117639413], [74.84281803293682, 16.20393342762522], [74.84282018149129, 16.201221365563953]]], [[[74.83813706083977, 16.207545996609852], [74.83813632305959, 16.208450016629516], [74.83720069758988, 16.2084493016887], [74.83626357940663, 16.21025662226749], [74.84094247471586, 16.209356156795483], [74.84094464967528, 16.206644096362812], [74.84000903259492, 16.206643393866482], [74.84000830339012, 16.207547414046278], [74.83813706083977, 16.207545996609852]]], [[[74.82503039123145, 16.21657580370695], [74.82596605446166, 16.216576572622422], [74.82783973633782, 16.21386604129697], [74.82503278489702, 16.213863747323185], [74.82503039123145, 16.21657580370695]]], [[[74.82877148256227, 16.21838689219503], [74.82783581064717, 16.218386135559133], [74.82783659588482, 16.217482116860488], [74.82315825839883, 16.217478272057335], [74.82315745182355, 16.2183822905302], [74.82128529348799, 16.21928474195953], [74.82128366300908, 16.22109277833672], [74.82034797869544, 16.221091988575374], [74.8203471591099, 16.22199600660223], [74.82502560253494, 16.221999914398204], [74.82502640077745, 16.221095896141925], [74.82596208534666, 16.221096665283184], [74.82689934922665, 16.219289393376997], [74.82877070154267, 16.219290910861197], [74.82877148256227, 16.21838689219503]]], [[[74.79602020555791, 16.221070007254454], [74.79602206651873, 16.219261973551063], [74.79415071801718, 16.219260167420465], [74.79414977903019, 16.220164184204574], [74.79602020555791, 16.221070007254454]]], [[[74.8044422456241, 16.220173914380695], [74.80069952968881, 16.220170433867306], [74.80069771129448, 16.221978467938634], [74.80163339872946, 16.22197934435551], [74.80163249371473, 16.22288336132723], [74.80350387729415, 16.22288510189046], [74.80350298076033, 16.22378911888743], [74.80443867690448, 16.223789983033054], [74.80443956916918, 16.22288596598536], [74.80631095308854, 16.222887681801705], [74.8044422456241, 16.220173914380695]]], [[[74.81847661022422, 16.221090396680644], [74.81660524196288, 16.221088788289865], [74.81660607856982, 16.22018477037399], [74.80912064181292, 16.220178172237947], [74.80724664513234, 16.222888533523154], [74.81192510618163, 16.222892730263123], [74.81192682224186, 16.221084695142757], [74.81379818996908, 16.22108634477362], [74.81379649098378, 16.222894380087695], [74.81473218346572, 16.222895198813248], [74.81473133816147, 16.22379921640296], [74.81379564141038, 16.223798397629352], [74.81379394210215, 16.22560643248185], [74.81285823686582, 16.225605609486895], [74.81285738286101, 16.226509626749436], [74.8137930923673, 16.226510449792702], [74.81379224257863, 16.227414467026602], [74.81566367029284, 16.22741610083264], [74.81566451154107, 16.22651208350285], [74.81753676358305, 16.225609683209495], [74.81753842873492, 16.223801647975385], [74.81847412569857, 16.223802450250055], [74.81847661022422, 16.221090396680644]]], [[[74.83905579946563, 16.22833914935007], [74.83718213117942, 16.231049776142267], [74.83998932783487, 16.23105191173529], [74.83998859738146, 16.231955929838783], [74.84092433396442, 16.231956633491023], [74.84092506014623, 16.231052615346236], [74.84279652490663, 16.231054010188036], [74.8427979600475, 16.229245973503936], [74.83905579946563, 16.22833914935007]]], [[[74.78384449679187, 16.231906158439436], [74.78571596351142, 16.23190805684628], [74.78571791985829, 16.230100026180253], [74.78384647022432, 16.230098127996193], [74.78384449679187, 16.231906158439436]]], [[[74.80443510728045, 16.227406050454455], [74.80349939405708, 16.227405186105926], [74.80349760036466, 16.229213219253484], [74.80256187865689, 16.22921235067732], [74.80256097745445, 16.230116367084694], [74.80162525153273, 16.230115494331137], [74.80162615700618, 16.229211477974975], [74.79975471387709, 16.229209720191783], [74.80068588611432, 16.23373068190031], [74.80255827350467, 16.232828415845027], [74.80256007619494, 16.231020383415107], [74.8044315367519, 16.231022116644674], [74.80442975114842, 16.232830149278], [74.80255737207392, 16.23373243194453], [74.80255556904119, 16.235540463912596], [74.80442707231914, 16.23554219765069], [74.80442796531877, 16.234638181603437], [74.80536371277006, 16.234639042230192], [74.80536549005524, 16.232831009803775], [74.8063012290183, 16.232831866202403], [74.80630388170937, 16.230119816834748], [74.80443242946883, 16.23011810021255], [74.80443510728045, 16.227406050454455]]], [[[74.83531066697734, 16.231048331780105], [74.83531141874113, 16.23014431380972], [74.8343756909827, 16.230143585481336], [74.8343772029093, 16.228335549395222], [74.83157004554785, 16.228333339910716], [74.83156927679615, 16.229237357862576], [74.83343996327214, 16.230142853026504], [74.83343844261111, 16.231950888718867], [74.83437417886458, 16.231951621259668], [74.8343734227337, 16.232855639033396], [74.83343768220837, 16.232854906449614], [74.83343692175747, 16.2337589241034], [74.83437266655496, 16.233759656730165], [74.83437115405377, 16.23556769189281], [74.83717990123358, 16.23376182984594], [74.83718213117942, 16.231049776142267], [74.83531066697734, 16.231048331780105]]], [[[74.78477629959458, 16.235523169892264], [74.78571205007431, 16.23552411725455], [74.78571107156016, 16.236428132164143], [74.78758258125097, 16.23643001461559], [74.78758646075603, 16.232813954073567], [74.78665072296971, 16.232813015132255], [74.78665169696427, 16.23190899985938], [74.78477924758238, 16.23281112486826], [74.78477629959458, 16.235523169892264]]], [[[74.79132845981685, 16.23372168403651], [74.78852123309169, 16.23371890419359], [74.78852026751846, 16.234622919422442], [74.78945601397177, 16.23462385021872], [74.78945505261004, 16.235527865425187], [74.79132655424421, 16.235529714743404], [74.79132845981685, 16.23372168403651]]], [[[74.79413662696453, 16.232820411103248], [74.79413568708496, 16.233724426733087], [74.7922642021796, 16.233722602396075], [74.79226325369578, 16.234626617841897], [74.79319900039094, 16.234627532127725], [74.79319805611969, 16.2355315475502], [74.79413380714726, 16.235532457761817], [74.79413192697149, 16.23734048848259], [74.79693735127601, 16.239151225398032], [74.7969419877667, 16.2346311479949], [74.79413662696453, 16.232820411103248]]], [[[74.82501122552041, 16.238272229854463], [74.82688512867685, 16.23556171460975], [74.82969238782526, 16.235563987050142], [74.82969394305182, 16.233755952322173], [74.82875819849782, 16.233755199058333], [74.82875898030939, 16.232851181623086], [74.82314373222293, 16.23375059279961], [74.82314292472749, 16.234654609887635], [74.82407867325279, 16.234655387961595], [74.8240770666541, 16.23646342199802], [74.82126979559509, 16.236461075117866], [74.82033239768955, 16.23826831792863], [74.81846086691894, 16.238266724257976], [74.81845837940199, 16.24097877344075], [74.81939415758323, 16.240979572480963], [74.8203315771172, 16.23917233449336], [74.8240746563746, 16.239175472475313], [74.82407545985197, 16.238271455726533], [74.82501122552041, 16.238272229854463]]], [[[74.81846086691894, 16.238266724257976], [74.81846169598627, 16.237362707709742], [74.81752593495303, 16.2373619047286], [74.81752510161222, 16.238265921229736], [74.81846086691894, 16.238266724257976]]], [[[74.80910147248886, 16.24006654008979], [74.80722992591497, 16.240064847133976], [74.80629238307473, 16.241872025757505], [74.80909972849854, 16.24187457168346], [74.80910147248886, 16.24006654008979]]], [[[74.79786942648147, 16.24276818005412], [74.79974191239216, 16.241865940728783], [74.79974374187049, 16.24005791014741], [74.79693642380175, 16.240055240647663], [74.79693456867707, 16.24186327091591], [74.79787034985709, 16.24186416498309], [74.79786942648147, 16.24276818005412]]], [[[74.81284371142637, 16.240973892483385], [74.8109721558645, 16.24097223246292], [74.81097129239083, 16.241876248319574], [74.80909972849854, 16.24187457168346], [74.80909885642056, 16.242778587364775], [74.81284200152307, 16.242781924314393], [74.81284371142637, 16.240973892483385]]], [[[74.81377863863855, 16.241878732301945], [74.81471272791745, 16.24368758390668], [74.81658430955896, 16.243689211178722], [74.81658514749142, 16.24278519518693], [74.81564936091911, 16.242784383663526], [74.81565104517432, 16.240976351544084], [74.81377863863855, 16.241878732301945]]], [[[74.85033692285022, 16.158737691961274], [74.84940153094409, 16.158737032725508], [74.8475286688622, 16.161447775414135], [74.85407583862661, 16.16235638673458], [74.85407650175918, 16.161452362123637], [74.85314109693105, 16.16145171920363], [74.85314243157057, 16.15964366982754], [74.85220703528566, 16.159643022875684], [74.85220636373683, 16.160547047563945], [74.85033556279474, 16.160545741260535], [74.85033692285022, 16.158737691961274]]], [[[74.8971065676224, 16.158765416871315], [74.89523530417527, 16.159668531296166], [74.89523435207315, 16.161476583601516], [74.89336353925093, 16.161475655165173], [74.89336305465281, 16.1623796811482], [74.89242764403691, 16.16237921074017], [74.89242617730372, 16.165091288146257], [74.89990956511093, 16.165094937021525], [74.89991002003987, 16.164190911081256], [74.89803964481537, 16.163285997604493], [74.89804149813219, 16.15966989297947], [74.89710610011676, 16.15966944319266], [74.8971065676224, 16.158765416871315]]], [[[74.88213812937128, 16.16237376510126], [74.88213759372917, 16.163277790659176], [74.88400842278392, 16.163278817810895], [74.88400789561051, 16.164182843352656], [74.88587873330198, 16.164183854129586], [74.88587821459836, 16.16508787965423], [74.88868448413692, 16.16508936509093], [74.88868549600218, 16.163281313790034], [74.88962091074333, 16.16328180066011], [74.8896219139781, 16.161473748995263], [74.88494488310612, 16.16147127385064], [74.8849443602505, 16.162375299575583], [74.88213812937128, 16.16237376510126]]], [[[74.86997661734378, 16.164174738651276], [74.86810578085988, 16.164173588174577], [74.86810757908536, 16.161461512954602], [74.86904298455515, 16.161462090145353], [74.86904357963695, 16.160558064884736], [74.86810817841769, 16.160557487727978], [74.86717398428723, 16.158748855848692], [74.86530258703458, 16.15965170641085], [74.86530136290553, 16.161459756733837], [74.86436595758967, 16.161459163110752], [74.86436657392419, 16.160555138022545], [74.86156037096427, 16.16055333261116], [74.86155911275203, 16.162361382498215], [74.86249452220042, 16.162361988481234], [74.86342869032123, 16.16417064007867], [74.86529952642029, 16.164171831643454], [74.86529523992678, 16.170500003749343], [74.86716613571548, 16.170501179363388], [74.86810458185248, 16.165981637937943], [74.86904000857905, 16.1659822152987], [74.86997661734378, 16.164174738651276]]], [[[74.87184745397788, 16.164175872692727], [74.8709120356422, 16.164175307726403], [74.87091027534105, 16.16688738256029], [74.87184570643244, 16.16688794762644], [74.87184512384327, 16.16779197245101], [74.87558686558587, 16.167794191750872], [74.87558743116527, 16.166890166795625], [74.8746519999275, 16.166889618167634], [74.87371771678508, 16.16508101541931], [74.87184687149973, 16.16507989774729], [74.87184745397788, 16.164175872692727]]], [[[74.89897322308235, 16.16690254689243], [74.89803686395696, 16.16871015224259], [74.90177862637097, 16.16871191134937], [74.90177907291005, 16.167807885664416], [74.90084363651606, 16.167807452078318], [74.90084498871971, 16.16509537464011], [74.89990956511093, 16.165094937021525], [74.89990865516636, 16.166902988672117], [74.89897322308235, 16.16690254689243]]], [[[74.89149026073966, 16.165994839166807], [74.89242568833053, 16.165995313794983], [74.89242617730372, 16.165091288146257], [74.89055533065712, 16.16509033483673], [74.89055582810253, 16.16418630916749], [74.88962040907815, 16.16418582637756], [74.88961990738109, 16.165089852018365], [74.88868448413692, 16.16508936509093], [74.88868246002073, 16.168705466772842], [74.88774701979943, 16.16870497562067], [74.88774753012942, 16.167800950344105], [74.88494122241926, 16.167799452315577], [74.88494069933111, 16.168703477503932], [74.88400525924109, 16.16870296991162], [74.88400420445888, 16.170511019998525], [74.88868094159606, 16.171417542229253], [74.88868144776976, 16.17051351715379], [74.89055284295605, 16.169610462033017], [74.8905543356715, 16.166898385945238], [74.89148976748324, 16.166898864710923], [74.89149026073966, 16.165994839166807]]], [[[74.8793275106595, 16.16960439522832], [74.87745662241863, 16.16960332655038], [74.87652230111202, 16.167794736301385], [74.87465086022763, 16.168697667936865], [74.87464972038299, 16.170505717399386], [74.87558516863216, 16.1705062661566], [74.87651949394244, 16.172314860087855], [74.87839040763396, 16.17231593717655], [74.87838985460121, 16.1732199617672], [74.88213169941974, 16.173222066736543], [74.8793275106595, 16.16960439522832]]], [[[74.90364775533655, 16.172328868416916], [74.90364819348146, 16.171424842988333], [74.90271274001846, 16.171424417521646], [74.90271362473162, 16.169616366484522], [74.9008427349038, 16.16961550332048], [74.90084138227068, 16.17232757960868], [74.90364775533655, 16.172328868416916]]], [[[74.90739000760897, 16.171426503747373], [74.90645455403629, 16.17142609472377], [74.90645412865284, 16.172330120226054], [74.90926050221223, 16.172331335036056], [74.9101967768286, 16.170523680479707], [74.90926132743006, 16.170523283811775], [74.90926173999966, 16.169619258084627], [74.90739084978803, 16.169618452464608], [74.90739000760897, 16.171426503747373]]], [[[74.92984153876952, 16.169627034787467], [74.92797064752386, 16.169626410020406], [74.92796966494957, 16.172338488235145], [74.93358150930867, 16.175052391382092], [74.93358211344976, 16.17324433956076], [74.93451757619623, 16.173244629405886], [74.9345178739839, 16.17234060336314], [74.93358241549153, 16.172340313535077], [74.93358301951756, 16.170532261253683], [74.92984121977213, 16.1705310609725], [74.92984153876952, 16.169627034787467]]], [[[74.91674303025181, 16.17504647044616], [74.91674378755494, 16.173238419321844], [74.9186147122985, 16.173239142906407], [74.91861434216769, 16.174143168549502], [74.9195498088292, 16.174143524195816], [74.91955127219563, 16.170527421079626], [74.91768037292775, 16.170526705843926], [74.91768074721783, 16.1696226799153], [74.91393857467936, 16.170525226046088], [74.91393818335129, 16.171429251810917], [74.91580870808868, 16.172334025707148], [74.91580755940697, 16.17504610244366], [74.91393622633815, 16.175949379484848], [74.9139366177905, 16.175045354103435], [74.91206607621017, 16.174140563903148], [74.91206447631085, 16.17775666509533], [74.91299995982233, 16.177757049612694], [74.91300035557981, 16.176853024407063], [74.91674227285252, 16.176854521263703], [74.91674265156418, 16.17595049589327], [74.91767812668797, 16.175950859805443], [74.9176785011207, 16.175046834336904], [74.91674303025181, 16.17504647044616]]], [[[74.89896908861921, 16.17503877529081], [74.90084002937985, 16.17503965520673], [74.90083957835897, 16.1759436802527], [74.90177505303727, 16.175944114068592], [74.90177549980326, 16.175040088997093], [74.90271097025503, 16.17504051867571], [74.90271185519293, 16.17323246825205], [74.90084093133571, 16.173231604884716], [74.9008404803721, 16.174135630084074], [74.8989695481207, 16.174134750219935], [74.89896908861921, 16.17503877529081]]], [[[74.92609841219121, 16.173241872794097], [74.9251629496271, 16.173241545947565], [74.92516397054823, 16.170529468133836], [74.92422852076719, 16.170529137234478], [74.92422817622821, 16.171433163229583], [74.92235691515641, 16.172336514938305], [74.92235550265812, 16.175952617686445], [74.92048419050992, 16.17685595232467], [74.92048346705907, 16.17866400300387], [74.91954797909844, 16.178663651365586], [74.91954761308257, 16.179567676569445], [74.92141859753877, 16.179568375774434], [74.92141824001219, 16.180472400942723], [74.92235373653072, 16.180472744395985], [74.9223551494775, 16.176856643181754], [74.92329062899505, 16.176856982441958], [74.9232909779205, 16.17595295692668], [74.92516192851144, 16.175953623071166], [74.92516260927682, 16.174145571732122], [74.9260980760953, 16.174145898597892], [74.92609841219121, 16.173241872794097]]], [[[74.90364556419466, 16.176848994409582], [74.9045810432124, 16.176849415914337], [74.90458147724127, 16.175945390844387], [74.90177505303727, 16.175944114068592], [74.9017737125691, 16.17865618882289], [74.90270920004205, 16.178656618602677], [74.90364556419466, 16.176848994409582]]], [[[74.90551652225771, 16.176849833306875], [74.9045810432124, 16.176849415914337], [74.90457974096047, 16.179561490663975], [74.90645072461261, 16.17956232148349], [74.9064511502122, 16.178658296594765], [74.9083225425216, 16.177755085901204], [74.90832337656448, 16.175947035644377], [74.90551695203142, 16.175945808212354], [74.90551652225771, 16.176849833306875]]], [[[74.91674037893347, 16.18137464696528], [74.91767587959234, 16.18137501100596], [74.91767550499318, 16.182279035937565], [74.91954651489559, 16.182279751720728], [74.91954761308257, 16.179567676569445], [74.9186121208892, 16.179567320797506], [74.91861249116104, 16.178663295614587], [74.91393466028028, 16.179565480243507], [74.91393505183203, 16.178661455168896], [74.91206407627253, 16.178660690201625], [74.91112939709313, 16.176852251305373], [74.90925843870912, 16.176851461754776], [74.91019105767687, 16.183180032934384], [74.9092555487041, 16.183179635939485], [74.90925513574139, 16.184083660516137], [74.90738410936008, 16.18408285413712], [74.90738368785597, 16.184986878589605], [74.9064481704477, 16.184986469204777], [74.90644731884323, 16.186794517831363], [74.9073828447675, 16.18679492726436], [74.90738242318315, 16.187698951486627], [74.9092534836285, 16.187699758055405], [74.90925430973736, 16.185891709439247], [74.9129967928579, 16.184989248496105], [74.91299798065802, 16.18227717449022], [74.91674000007751, 16.182278671875462], [74.91674037893347, 16.18137464696528]]], [[[74.93357848745231, 16.18409264588685], [74.93357818516115, 16.1849966709154], [74.93451370323551, 16.184996960982346], [74.93451459727936, 16.18228488561534], [74.9326435866939, 16.182284301470137], [74.93264328018405, 16.183188326634827], [74.9317077706633, 16.183188028374143], [74.93170745987665, 16.184092053444562], [74.93357848745231, 16.18409264588685]]], [[[74.93170248460738, 16.198556444133928], [74.93450923046244, 16.19855732745685], [74.93451012535759, 16.195845255543695], [74.93357455617081, 16.195844965271966], [74.93170248460738, 16.198556444133928]]], [[[74.85030559783313, 16.20032274822196], [74.84843442250624, 16.20032142205811], [74.84843304142343, 16.20212946414209], [74.84749744530045, 16.202128794803784], [74.84749675043038, 16.203032815691195], [74.8503035517193, 16.203034811466548], [74.85030559783313, 16.20032274822196]]], [[[74.86713891751451, 16.21118219909546], [74.86713649435731, 16.214798282211515], [74.86807215104942, 16.214798865531122], [74.86807275262983, 16.213894844833145], [74.86900840509357, 16.213895423996373], [74.86900959960782, 16.212087382301796], [74.86713891751451, 16.21118219909546]]], [[[74.84841714637864, 16.222921926013186], [74.85028853498855, 16.222923254125995], [74.85028785191231, 16.223827273362705], [74.8512235505515, 16.223827931270932], [74.85122490812262, 16.222019892643363], [74.85028921802153, 16.222019234812375], [74.85029126686078, 16.219307176410084], [74.85122694415678, 16.21930783412521], [74.85122762274884, 16.21840381446537], [74.85029194972067, 16.218403156788852], [74.85029263253728, 16.217499137090737], [74.84842129514612, 16.217497809445714], [74.8484206037944, 16.218401829065872], [74.84561358523426, 16.218399806556533], [74.84561288103527, 16.219303825981033], [74.84467720400295, 16.219303143524552], [74.84468145413048, 16.21387902606462], [74.84561710555994, 16.213879708280682], [74.84561780949123, 16.21297568839487], [74.84748910395132, 16.212977040381265], [74.84748979930613, 16.21207302033917], [74.85684623154847, 16.21207953257669], [74.85591715545769, 16.203038691798767], [74.85404595404216, 16.203037414831517], [74.85404528897064, 16.203941435912395], [74.8503035517193, 16.203034811466548], [74.85123644053307, 16.20665155189157], [74.85030082296201, 16.206650894717068], [74.85029945832385, 16.20845893588129], [74.84936383226716, 16.208458274508903], [74.84936314561834, 16.20936229493688], [74.84561992101739, 16.21026362827623], [74.84468570264211, 16.208454905837183], [74.84281445110436, 16.208453529523943], [74.8428137346016, 16.209357549673143], [74.84094247471586, 16.209356156795483], [74.84094174963745, 16.210260176785994], [74.83906974775022, 16.21116278717282], [74.83906828030045, 16.212970826603925], [74.84187522110857, 16.21297293495976], [74.84187233685012, 16.21658901339481], [74.83812968093305, 16.216586193347556], [74.83812746604883, 16.21929825086969], [74.83999881952013, 16.219299669388835], [74.839998089668, 16.220203688492386], [74.84093377074123, 16.220204391607915], [74.84093086794525, 16.223820467418136], [74.83999516979696, 16.223819764137478], [74.8399958998341, 16.22291574534157], [74.83718881847531, 16.222913610876322], [74.83625163050789, 16.224720928318646], [74.83718733273899, 16.224721648140598], [74.83718658980025, 16.225625666657358], [74.841865844595, 16.22472518537535], [74.84186656613952, 16.223821166574037], [74.84654505779105, 16.22382460048207], [74.84654435759376, 16.224728619484967], [74.84841576310565, 16.224729964253754], [74.84841714637864, 16.222921926013186]]], [[[74.87368551597528, 16.215706299700656], [74.86994405759516, 16.213895999037476], [74.86994287146273, 16.21570404049214], [74.87181419364491, 16.215705178341615], [74.8718118550685, 16.219321260595724], [74.87555343278983, 16.22113152827357], [74.87555400049006, 16.2202275078484], [74.87648968312021, 16.220228054259188], [74.8764908098768, 16.218420013114013], [74.87461946172436, 16.218418916297434], [74.87462003358426, 16.217514895673922], [74.87368436382984, 16.21751434111319], [74.87368551597528, 16.215706299700656]]], [[[74.85497163820453, 16.21659836408375], [74.85497229959952, 16.21569434404119], [74.85122965826703, 16.215691755024487], [74.8512283012979, 16.21749979472863], [74.85216397010151, 16.217500448243452], [74.85216329581999, 16.218404468018562], [74.85403464209026, 16.218405762754994], [74.85496899220539, 16.220214443485133], [74.85590467398177, 16.22021508061986], [74.85590533127632, 16.219311060847442], [74.85777668641758, 16.21931232267138], [74.85777798381096, 16.217504282747697], [74.85590664574052, 16.217503021071934], [74.85590730291014, 16.21659900106885], [74.85497163820453, 16.21659836408375]]], [[[74.88678425993946, 16.216617708659722], [74.88397726222743, 16.21661619349811], [74.88397567467514, 16.219328256305644], [74.88491135334874, 16.219328765572087], [74.88491082836569, 16.220232786384074], [74.88678219434864, 16.22023379260526], [74.88678271079543, 16.219329771734202], [74.88865457625138, 16.218426740395905], [74.88865508409754, 16.217522719312967], [74.88678374359084, 16.217521729761426], [74.88678425993946, 16.216617708659722]]], [[[74.89052442729916, 16.22113977647109], [74.89146011473645, 16.221140256928816], [74.89145961956756, 16.222044277789557], [74.89333100307331, 16.22204522638847], [74.89333294941451, 16.218429142261403], [74.89052592542198, 16.218427713512153], [74.89052642473297, 16.217523692372076], [74.88959075439931, 16.217523207904073], [74.88958924356783, 16.220235271008313], [74.89052492670507, 16.220235755561667], [74.89052442729916, 16.22113977647109]]], [[[74.90268570226293, 16.226569826672037], [74.90268659040565, 16.22476178500341], [74.90081563325771, 16.223856897839585], [74.90081427546727, 16.226568960305336], [74.90268570226293, 16.226569826672037]]], [[[74.89332856945313, 16.226565329817152], [74.89519999577706, 16.226566262192396], [74.89520143042314, 16.223854200201725], [74.89333002971775, 16.22385326799065], [74.89332856945313, 16.226565329817152]]], [[[74.90642812915729, 16.227475530716728], [74.90829956482463, 16.227476347624926], [74.90830082022032, 16.22476428479714], [74.90642941017319, 16.22476346803278], [74.90642812915729, 16.227475530716728]]], [[[74.91204323927082, 16.225669889937674], [74.91204404196472, 16.223861847635803], [74.91110834109287, 16.22386145783926], [74.910171000598, 16.227477148029987], [74.91297815445213, 16.227478317694214], [74.91391308663974, 16.229286741107398], [74.91578453980108, 16.229287492091196], [74.91578530853265, 16.22747945022637], [74.91204323927082, 16.225669889937674]]], [[[74.91859134813605, 16.23019260850118], [74.91484842453467, 16.230191139457546], [74.91484803583663, 16.231095160175744], [74.9176544894767, 16.232904309548903], [74.91765373754232, 16.234712350576803], [74.92139674686644, 16.234713770518777], [74.92139746462207, 16.232905729324273], [74.92046172080097, 16.232905380571292], [74.91859134813605, 16.23019260850118]]], [[[74.92139602901989, 16.236521811405527], [74.92046026810833, 16.236521462570696], [74.92045990487767, 16.237425482878184], [74.92139567006251, 16.23742583173348], [74.92139495207961, 16.239233872158522], [74.92326614913463, 16.240138577701437], [74.92326649961197, 16.239234557564153], [74.92420227341158, 16.23923489407357], [74.92420331188981, 16.23652283314076], [74.92233178995417, 16.23652215611215], [74.92233214461578, 16.235618135687027], [74.92139638795452, 16.235617791000625], [74.92139602901989, 16.236521811405527]]], [[[74.92513770530395, 16.240139246630555], [74.92607348342122, 16.24013957490134], [74.9260731457448, 16.24104359502014], [74.9298162755224, 16.241044866886064], [74.93075332311625, 16.237429093221472], [74.92981755771632, 16.23742878565072], [74.92981723719828, 16.238332806074993], [74.9251383891406, 16.23833120620056], [74.92513770530395, 16.240139246630555]]], [[[74.93168784053404, 16.241045478042476], [74.9298162755224, 16.241044866886064], [74.92981595492319, 16.24194888700249], [74.93168721641445, 16.242853518270042], [74.93168784053404, 16.241045478042476]]], [[[74.92606976780493, 16.250083791974376], [74.92794108881243, 16.250988455853733], [74.9279414181693, 16.250084436544], [74.92981306861701, 16.250085064586237], [74.92981371016045, 16.24827702566211], [74.9288778934802, 16.248276713743493], [74.92887821849801, 16.247372694184218], [74.92607078141135, 16.24737173369649], [74.92606976780493, 16.250083791974376]]], [[[74.93074762765202, 16.253701449405913], [74.93074636111213, 16.25731752516994], [74.93355393967373, 16.257318424270338], [74.933554243501, 16.256414405392192], [74.93261838824013, 16.256414109843167], [74.93261900439472, 16.25460607189042], [74.93074762765202, 16.253701449405913]]], [[[74.9288743169267, 16.258220923812843], [74.92138776724985, 16.25731425947265], [74.92138848614204, 16.255506222127387], [74.92232433687221, 16.255506567258685], [74.92232469200549, 16.254602548450286], [74.92606841603038, 16.253699868600137], [74.92606942989336, 16.250987811246333], [74.92513360046577, 16.250987482744495], [74.9251332582552, 16.25189150192019], [74.92232575727054, 16.25189049156295], [74.92232504711629, 16.253698529564865], [74.91951752066568, 16.253697481893873], [74.91951678475019, 16.2555055194649], [74.9204526354346, 16.255505872862788], [74.92045227172092, 16.25640989155347], [74.91764470690084, 16.25640881889705], [74.91764433032643, 16.257312837447845], [74.91858018952223, 16.257313199154712], [74.91857944486122, 16.25912123606757], [74.92325878398455, 16.259122982799898], [74.9232591349279, 16.25821896427965], [74.92419499854046, 16.258219301203575], [74.92419465187689, 16.259123319743562], [74.92513051979114, 16.259123652552965], [74.92512983495858, 16.260931689440806], [74.92887334107103, 16.26093297948689], [74.93074636111213, 16.25731752516994], [74.92887464217078, 16.25731690510075], [74.9288743169267, 16.258220923812843]]], [[[74.93542388680643, 16.26274311485616], [74.93448800154698, 16.26274282745638], [74.93448770186632, 16.263646845812286], [74.93168003335933, 16.26364595874954], [74.93167878306531, 16.26726203119467], [74.93355059630521, 16.26726262684484], [74.9335509003439, 16.26635860881428], [74.93729479681495, 16.26545573223586], [74.93729537054385, 16.263647695655685], [74.9354235914069, 16.2636471332289], [74.93542388680643, 16.26274311485616]]], [[[74.93261345619688, 16.270878402370137], [74.93261283934059, 16.272686437548682], [74.9354206363842, 16.272687312717316], [74.93542093197054, 16.271783295115355], [74.93729278819244, 16.271783857838646], [74.93729307519294, 16.270879840126643], [74.93822899904765, 16.270880115265673], [74.9382298470912, 16.268168061618812], [74.93448560357099, 16.269974972145686], [74.93355029224729, 16.26816664479832], [74.93167847044239, 16.26816604911327], [74.93167878306531, 16.26726203119467], [74.92887171423344, 16.265453070735898], [74.928870412393, 16.269069142347888], [74.92512675214005, 16.269067851621614], [74.92606199042876, 16.270876215739438], [74.92699791404792, 16.270876540527503], [74.92699824814666, 16.269972522931603], [74.92887008688145, 16.269973160058182], [74.92886911022332, 16.27268521272652], [74.93074129174747, 16.271781815898052], [74.93074192569854, 16.269973780636054], [74.93261345619688, 16.270878402370137]]], [[[74.94013008078232, 16.17415030820332], [74.94106554790984, 16.17415056928491], [74.94200207004036, 16.17053472141953], [74.93919571970562, 16.17053393835915], [74.93919544322358, 16.17143796463693], [74.93732453458064, 16.171437422012005], [74.93732481956982, 16.170533395766178], [74.93638936952894, 16.17053311830387], [74.93638763379698, 16.17595727453067], [74.93545215824903, 16.17595699285835], [74.93545157101413, 16.17776504428731], [74.93451608697418, 16.177764758469348], [74.93451578907306, 16.17866878405196], [74.9354512773687, 16.178669069886737], [74.93545069002194, 16.18047712085549], [74.93732196886359, 16.179573654773776], [74.93732253914965, 16.177765603585783], [74.93919350735756, 16.177766146434333], [74.93919433711977, 16.175054068981275], [74.94012980848467, 16.175054334189994], [74.94013008078232, 16.17415030820332]]], [[[74.93264021401548, 16.19222857406137], [74.93357576614127, 16.19222886838119], [74.93357546367744, 16.19313289271904], [74.93544657650641, 16.193133469043502], [74.93544716437523, 16.19132542022327], [74.936382712298, 16.19132570217745], [74.93638300194495, 16.190421677635623], [74.93451191463707, 16.19042110964456], [74.93451161647111, 16.191325134152986], [74.93264052071989, 16.191324549664074], [74.93264021401548, 16.19222857406137]]], [[[74.9382515585328, 16.19855844756808], [74.938250995938, 16.200366495257946], [74.93731540536884, 16.200366221375013], [74.9373151197822, 16.20127024508866], [74.93825071461384, 16.201270518987698], [74.93825043327185, 16.202174542640634], [74.9401216315139, 16.202175078113846], [74.9401227226761, 16.198558982915404], [74.93918714059566, 16.198558717300767], [74.93918741760464, 16.197654693324793], [74.93731626202008, 16.197654149773328], [74.93731597648777, 16.198558173717345], [74.9382515585328, 16.19855844756808]]], [[[74.94386428396896, 16.201272075887598], [74.94199309411616, 16.201271573396063], [74.94105696209024, 16.203079363294915], [74.94479912436375, 16.20398439200137], [74.9447986212466, 16.20579243898145], [74.94573423752988, 16.205792680001082], [74.94667033989118, 16.20398486986448], [74.94573473211963, 16.20398463299268], [74.94573497939098, 16.203080609373256], [74.94386377242175, 16.203080123299706], [74.94386428396896, 16.201272075887598]]], [[[74.94386198149556, 16.209408286822566], [74.94479761482091, 16.209408532019804], [74.94479786645127, 16.20850450887545], [74.94666912461975, 16.208504986878978], [74.94666936770484, 16.20760096362972], [74.94573374287742, 16.207600726702236], [74.94573399021148, 16.20669670339007], [74.94386274913268, 16.206696217202243], [74.94386198149556, 16.209408286822566]]], [[[74.94198939251687, 16.213927898414713], [74.9410532003109, 16.215735685950563], [74.94573126867418, 16.21664095559797], [74.94386070177589, 16.213928401319748], [74.94198939251687, 16.213927898414713]]], [[[74.9569590831662, 16.217547550905326], [74.95602341125812, 16.21754735917921], [74.95508732965764, 16.21935520828981], [74.95321618222992, 16.21845078175667], [74.953216608979, 16.21664273669054], [74.95228094139074, 16.216642528484098], [74.9522807237556, 16.217546551043377], [74.94947370827259, 16.21754590164855], [74.94947301687341, 16.220257968750747], [74.95321575542674, 16.220258826515327], [74.95321554200487, 16.221162848779343], [74.95508671500262, 16.22206727515305], [74.95508691990061, 16.22116325294218], [74.95695829784829, 16.22116364060859], [74.95695849419641, 16.220259618298083], [74.95789417892061, 16.220259805934113], [74.95789437098816, 16.219355783535708], [74.95695869053212, 16.2193555959107], [74.9569590831662, 16.217547550905326]]], [[[74.9560220069421, 16.223875515273892], [74.95508630516771, 16.22387531934413], [74.95508651009166, 16.22297129728704], [74.95321511512057, 16.22297089307674], [74.95321468818216, 16.22477893706659], [74.95602180627469, 16.2247795372656], [74.9560220069421, 16.223875515273892]]], [[[74.96631441982481, 16.225685442389832], [74.96631472724, 16.22387739826223], [74.96537902534065, 16.223877247705648], [74.9653788673684, 16.22478126979905], [74.96163604279569, 16.22478062628659], [74.96163586773427, 16.225684648265332], [74.96257157813129, 16.22568481534087], [74.96257123651559, 16.227492859087263], [74.96444267442256, 16.227493180900158], [74.96444283669516, 16.226589159046526], [74.96537855139387, 16.226589313755188], [74.9653783933916, 16.2274933356179], [74.96724983135944, 16.227493632675966], [74.9672501302732, 16.22568558883877], [74.96631441982481, 16.225685442389832]]], [[[74.95508548534208, 16.22749140680358], [74.95602120419616, 16.227491602779345], [74.9560210034779, 16.228395624463456], [74.95882817292714, 16.228396187669002], [74.95882854872819, 16.226588144157777], [74.95789283410711, 16.22658796057019], [74.95789302625984, 16.225683938709995], [74.95602160559457, 16.225683559180418], [74.95508548534208, 16.22749140680358]]], [[[74.96818555035769, 16.227493775016292], [74.97005698838153, 16.227494047319535], [74.97005685172223, 16.22839806914712], [74.9719281701957, 16.229302346727838], [74.9709931045223, 16.224782111315413], [74.96912169210124, 16.224781847310272], [74.96912155119813, 16.225685869360685], [74.96818584073107, 16.22568573116239], [74.96818555035769, 16.227493775016292]]], [[[74.9709920453793, 16.232014285689377], [74.97099244262081, 16.22930222087596], [74.96912098749645, 16.229301956793332], [74.96912070559206, 16.2311100000482], [74.9709920453793, 16.232014285689377]]], [[[74.96912014167613, 16.234726085634865], [74.9700558948649, 16.234726219786545], [74.97005630499855, 16.232014155688322], [74.96724908390935, 16.232013740923072], [74.96912014167613, 16.234726085634865]]], [[[74.97192663204832, 16.240150601915865], [74.97379830944065, 16.23924682055276], [74.97379854876863, 16.237438778608823], [74.97099125066984, 16.237438413239175], [74.97099098569959, 16.239246455140247], [74.97192676027191, 16.239246581073377], [74.97192663204832, 16.240150601915865]]], [[[74.9719263755768, 16.24195864336998], [74.97192650381663, 16.2410546226814], [74.97005493758334, 16.241054366656172], [74.9709900580395, 16.245574599369753], [74.97192586253634, 16.245574725354583], [74.97192599080863, 16.244670704973895], [74.9737975912749, 16.24467094453756], [74.9737978306938, 16.242862903517157], [74.9719263755768, 16.24195864336998]]], [[[74.99064161166105, 16.252808538663754], [74.99157745048723, 16.252808577923343], [74.99157748898841, 16.251904558059415], [74.993449158092, 16.25190462417696], [74.99344909819939, 16.25371266383555], [74.99532078442272, 16.253712713429522], [74.99532082720316, 16.251904673765114], [74.99438499264677, 16.25190465103721], [74.9943850183126, 16.251000631090832], [74.99157752748717, 16.251000538118486], [74.99157756598346, 16.25009651810056], [74.9906417399902, 16.25009647884787], [74.99064161166105, 16.252808538663754]]], [[[74.97192470772036, 16.253710905316236], [74.97005302174739, 16.25371064908078], [74.97005274791798, 16.255518688195167], [74.96911689638718, 16.25551855386245], [74.96818075388475, 16.25732645417074], [74.97098833415163, 16.257326857216114], [74.97098846680872, 16.25642283784385], [74.97286030256126, 16.25551906639343], [74.97286067478636, 16.252807007539843], [74.97192483606574, 16.252806885628505], [74.97192470772036, 16.253710905316236]]], [[[74.9925132208628, 16.254616652551277], [74.99251315240112, 16.256424691744147], [74.99438486429327, 16.25642474961395], [74.99438491563954, 16.2546167104143], [74.9925132208628, 16.254616652551277]]], [[[74.98315459311362, 16.256424154381705], [74.98502623647262, 16.257328314380292], [74.9850263049408, 16.256424294922645], [74.98596216086102, 16.256424358992785], [74.9859622892267, 16.254616319838917], [74.9850264418642, 16.254616255776284], [74.98502637340466, 16.255520275387976], [74.98315467013546, 16.25552013485527], [74.98315459311362, 16.256424154381705]]], [[[74.94197694168108, 16.256416879323933], [74.94291279712195, 16.256417133537507], [74.94384916604164, 16.254609345281125], [74.94572085988945, 16.254609832983373], [74.94572110803938, 16.25370581367106], [74.94665695070852, 16.253706051308654], [74.94665792604019, 16.25008997323356], [74.94759375161371, 16.250090206683595], [74.94759423063309, 16.24828216715665], [74.9447867796208, 16.248281454494524], [74.94291410204818, 16.251897037192112], [74.94104243396762, 16.251896524781586], [74.9410427034586, 16.2509925053115], [74.94010687372139, 16.250992242923115], [74.94010577854307, 16.254608320279882], [74.93916993171106, 16.254608053696906], [74.93916965359446, 16.255512072827937], [74.93636210036892, 16.255511248232338], [74.93542683977438, 16.25370292689129], [74.93449099731149, 16.25370263965985], [74.93449039831016, 16.25551067783543], [74.93355454730906, 16.255510386437024], [74.933554243501, 16.256414405392192], [74.93729766473392, 16.256415546252867], [74.93729737802364, 16.25731956519786], [74.93823323765713, 16.257319840095278], [74.93823126013967, 16.263647970665854], [74.94010303938464, 16.263648508279733], [74.94010358735493, 16.26184047129612], [74.93916770628566, 16.261840204588168], [74.93916798452541, 16.2609361859964], [74.94291149178292, 16.260937227957175], [74.94197694168108, 16.256416879323933]]], [[[74.97285943376129, 16.261847201022498], [74.9728596820291, 16.26003916294223], [74.97098806881225, 16.259134895729545], [74.97098767074024, 16.261846952921903], [74.97285943376129, 16.261847201022498]]], [[[74.9747310812298, 16.262751451521186], [74.97566696704801, 16.26275156110537], [74.97566685573796, 16.263655579972863], [74.97941041620307, 16.263655976980353], [74.979410604568, 16.261847939121807], [74.97847472300415, 16.261847846084077], [74.97847482145829, 16.26094382704468], [74.97379543514093, 16.260943299861772], [74.9747310812298, 16.262751451521186]]], [[[74.9887686495887, 16.27540891911606], [74.99157648716594, 16.27540904948335], [74.9915764486014, 16.276313067343782], [74.9934483489021, 16.27631313356597], [74.99344837889674, 16.275409115701663], [74.99251243303027, 16.27540908466183], [74.99251250158292, 16.273601048705537], [74.9906406269949, 16.27360097421866], [74.99064066983625, 16.27269695612923], [74.98876880382733, 16.272696865095046], [74.9887686495887, 16.27540891911606]]], [[[74.94852227737246, 16.27811500968102], [74.94758631905981, 16.278114779946076], [74.9475860790574, 16.279018797205108], [74.94852204165582, 16.2790190269535], [74.94852227737246, 16.27811500968102]]], [[[74.99812806539727, 16.27992929739883], [75.00000000000001, 16.27992930567854], [75.00000000000001, 16.278121270477847], [74.99812808254084, 16.278121262199104], [74.99812806539727, 16.27992929739883]]], [[[74.94664840602483, 16.285346681874845], [74.94758439861593, 16.28534691585866], [74.9475848788179, 16.28353888234334], [74.94477692681627, 16.283538168051575], [74.94477717975583, 16.28263415121999], [74.94571315945363, 16.282634393443885], [74.94477844421388, 16.27811406590506], [74.94758631905981, 16.278114779946076], [74.947587038976, 16.27540272770628], [74.9429073119237, 16.275401517153693], [74.94290757328879, 16.274497499657066], [74.94197163221146, 16.27449724514555], [74.94197216346058, 16.272689209950777], [74.93916436603598, 16.27268842167816], [74.93916464448691, 16.271784404011278], [74.93822871633074, 16.271784132993794], [74.93822786807277, 16.27449618571554], [74.93916380908131, 16.27449645678063], [74.93916353057757, 16.27540047421621], [74.94009947588839, 16.27540074115853], [74.94009892739825, 16.27720877582961], [74.94197056951177, 16.27811331460979], [74.9419695065434, 16.28172938284011], [74.94103353119797, 16.281729124069066], [74.94103299103911, 16.28353715769114], [74.93916102325183, 16.283536627666038], [74.93916018715969, 16.286248677427533], [74.93822419042938, 16.28624840615615], [74.93822390740861, 16.28715242257314], [74.9391599084271, 16.287152693860392], [74.94009536052238, 16.28896099367135], [74.94383914180574, 16.289866037232652], [74.94383965647032, 16.288058004601314], [74.94477566187884, 16.288058251052277], [74.94664840602483, 16.285346681874845]]], [[[74.94664767274355, 16.288058731528128], [74.94664718381217, 16.289866764244515], [74.94851921189412, 16.28986722820652], [74.94851968367004, 16.288059195435867], [74.94945568915576, 16.288059421176698], [74.94945592073292, 16.287155404662418], [74.94571191603434, 16.287154476901208], [74.94571166730334, 16.288058493361216], [74.94664767274355, 16.288058731528128]]], [[[74.95413529648884, 16.289868520672247], [74.95507131063601, 16.289868721584405], [74.95507110475062, 16.290772737941328], [74.95975119712242, 16.290773680419502], [74.95975156598881, 16.288965647518246], [74.95881555606834, 16.288965467329206], [74.9588157447728, 16.28806145077337], [74.95319971124222, 16.288060282719723], [74.95413529648884, 16.289868520672247]]], [[[74.9709838188163, 16.288063470015384], [74.97004781306268, 16.28806333954127], [74.97004767582305, 16.288967356207593], [74.96817565576461, 16.288967082817276], [74.96723934550894, 16.290774972961156], [74.96817536410276, 16.290775115886447], [74.96817521825803, 16.291679132305276], [74.97191943856745, 16.290775646160004], [74.97285570597504, 16.288967735225995], [74.9709836858654, 16.288967486689334], [74.9709838188163, 16.288063470015384]]], [[[74.96349527123117, 16.290774359832408], [74.96349510393868, 16.29167837620701], [74.9644311267825, 16.29167853571267], [74.96443177873246, 16.288062469713907], [74.96255959581899, 16.288966163231727], [74.96255925268744, 16.290774196193315], [74.96349527123117, 16.290774359832408]]], [[[74.9850237687326, 16.289872963524505], [74.98408775430372, 16.289872895172916], [74.98315158546045, 16.291680855795228], [74.98408760846355, 16.291680928297822], [74.98408746260498, 16.293488961114026], [74.9859594614291, 16.294393110005785], [74.98689573755317, 16.290777104412427], [74.9859597188266, 16.290777044342367], [74.98595984750098, 16.288969011047623], [74.98502383735676, 16.28896894684231], [74.9850237687326, 16.289872963524505]]], [[[74.97659931734479, 16.292584248678974], [74.97566329009847, 16.292584143026172], [74.97566306700656, 16.294392175594247], [74.97753513866692, 16.294392382780835], [74.97753524163568, 16.29348836652327], [74.97847127318538, 16.293488463895276], [74.97753544755365, 16.291680333776608], [74.97659942459036, 16.291680232272984], [74.97659931734479, 16.292584248678974]]], [[[74.99157583123745, 16.290777342621297], [74.9915757926315, 16.291681359170358], [74.98970374656945, 16.29168127631026], [74.98970369938141, 16.2925852927773], [74.99157571541224, 16.293489392036967], [74.99157563818324, 16.295297424594843], [74.99251167837895, 16.295297459818627], [74.9925116440517, 16.29620147598385], [74.9943837330312, 16.296201534002883], [74.9943838360032, 16.292585468865326], [74.99157583123745, 16.290777342621297]]], [[[74.99531964876786, 16.301625652194566], [74.99625571901267, 16.301625670850083], [74.99812783374682, 16.30433774238863], [75.00000000000001, 16.304337750681427], [75.00000000000001, 16.30162570401545], [74.99719178925855, 16.301625685359927], [74.99719184076407, 16.29800962206199], [74.99438368153544, 16.298009566108522], [74.9943836042796, 16.300721613687973], [74.99531967023051, 16.30072163648783], [74.99531964876786, 16.301625652194566]]], [[[74.99906389969719, 16.307953809747854], [75.00000000000001, 16.307953811821537], [75.00000000000001, 16.3052417660823], [74.99812781657181, 16.30614577311218], [74.99906389969719, 16.307953809747854]]]]}}, {"id": "2", "type": "Feature", "properties": {"cls": 3, "area_km2": 56.17, "depth_range": "2-5 m", "color": "#2563eb", "scenario": "Published-peak hydrograph (peak 78,455 m3/s)"}, "geometry": {"type": "MultiPolygon", "coordinates": [[[[74.66985386892661, 16.13050992791348], [74.66985087427959, 16.13231795800915], [74.67265664101318, 16.132322281759738], [74.67265961021137, 16.130514251153873], [74.67172436302164, 16.130512814173326], [74.67172585172011, 16.12960879884024], [74.66985386892661, 16.13050992791348]]], [[[74.68013578806877, 16.134141662996694], [74.68013723896672, 16.13323764721571], [74.67920197830405, 16.133236242783337], [74.67920052316393, 16.134140258481462], [74.67452420003372, 16.13413317439683], [74.67452567638463, 16.133229159116627], [74.67265515627241, 16.133226296947722], [74.67358449334397, 16.136843790406076], [74.6763903248458, 16.136848066216828], [74.67732852991467, 16.135041452604344], [74.67919906793124, 16.135044274102952], [74.67919324607472, 16.13866033582248], [74.68106381840647, 16.138663141579762], [74.68106237119846, 16.1395671569835], [74.68199766174632, 16.13956855379185], [74.68200199036364, 16.136856507103552], [74.68106671254634, 16.13685511054233], [74.68106815947823, 16.135951094908652], [74.68200343305254, 16.135952491387492], [74.68200631815506, 16.13414445972545], [74.68013578806877, 16.134141662996694]]], [[[74.65955380407883, 16.137725871275975], [74.66048600291042, 16.13953538939158], [74.66235657992927, 16.139538359394393], [74.66235811201264, 16.138634345689017], [74.66142282769812, 16.138632862826057], [74.66142590005926, 16.136824835360212], [74.65955380407883, 16.137725871275975]]], [[[74.66141668180333, 16.142248916837687], [74.66141975494615, 16.14044088998522], [74.65861387712663, 16.140436416258265], [74.65954607951447, 16.142245938103972], [74.66141668180333, 16.142248916837687]]], [[[74.65019624901741, 16.14042277355778], [74.6501930740088, 16.142230798273467], [74.6511283741095, 16.142232330718628], [74.65112679069857, 16.1431363430518], [74.65486800908484, 16.14314243216461], [74.65487270808117, 16.140430393857926], [74.65393741606813, 16.14042887800231], [74.65393584559135, 16.141332890758495], [74.65300054943393, 16.141331370711036], [74.65300212415498, 16.140427358044484], [74.65019624901741, 16.14042277355778]]], [[[74.67825650010822, 16.139562941946323], [74.67825065942223, 16.143179001800302], [74.67918596667099, 16.143180411247137], [74.67918305426137, 16.144988440880315], [74.68198900203373, 16.144992645098633], [74.68199188897172, 16.14318461496971], [74.681056581446, 16.143183217831844], [74.68012708074265, 16.139565756073125], [74.67825650010822, 16.139562941946323]]], [[[74.68666273863953, 16.14680760069842], [74.68573026701397, 16.1449981932744], [74.68198900203373, 16.144992645098633], [74.68385532872172, 16.147707472503875], [74.68666131608042, 16.147711615902786], [74.68759380848495, 16.14952101916787], [74.68946448434336, 16.149523753026628], [74.68946589434304, 16.14861973773356], [74.69040122816006, 16.148621098425682], [74.69040263382361, 16.147717082975724], [74.68666273863953, 16.14680760069842]]], [[[74.6894602538065, 16.15223579844566], [74.69039560461225, 16.15223715945862], [74.69039841656489, 16.15042912909554], [74.68852773203284, 16.15042640328552], [74.68852348848431, 16.153138448233094], [74.68945884344828, 16.153139813431935], [74.6894602538065, 16.15223579844566]]], [[[74.6492370714055, 16.15398141372069], [74.65110778191291, 16.153984485066445], [74.6511109510509, 16.152176462164572], [74.6501756042425, 16.15217492872536], [74.65017719290793, 16.151270917249697], [74.64830650808936, 16.151267838236702], [74.64830331366701, 16.153075860748352], [74.64923866452092, 16.15307740248911], [74.6492370714055, 16.15398141372069]]], [[[74.67823751244623, 16.15131513198596], [74.67823605120675, 16.15221914606754], [74.67636535206117, 16.152216313195467], [74.67636094229685, 16.154928354479054], [74.68103775457824, 16.154935407115453], [74.68103920335125, 16.154031393015398], [74.68197456183645, 16.154032791141894], [74.68197745061028, 16.152224762546854], [74.67823751244623, 16.15131513198596]]], [[[74.65484606858091, 16.15579860180101], [74.65485233928884, 16.152182554867935], [74.65204629796, 16.15217799149844], [74.65297534027614, 16.155795562943812], [74.65484606858091, 16.15579860180101]]], [[[74.68851924412657, 16.155850492490302], [74.68852348848431, 16.153138448233094], [74.68758813361028, 16.153137078928598], [74.68758671466614, 16.154041093677023], [74.68665135563415, 16.154039720185914], [74.68664850897831, 16.15584774929073], [74.68851924412657, 16.155850492490302]]], [[[74.6763491788144, 16.16216046119243], [74.67541378264067, 16.162159037676005], [74.67541673257269, 16.160351011625817], [74.67448134499344, 16.16034958416951], [74.67447690720327, 16.1630616228774], [74.67634770795864, 16.163064474186246], [74.6763491788144, 16.16216046119243]]], [[[74.65577361350314, 16.160320172455474], [74.65483822795414, 16.160318658740522], [74.65483038483615, 16.164838713760897], [74.6585704607261, 16.16574875688065], [74.65671055897627, 16.15941767065041], [74.65577517757784, 16.159416161131922], [74.65577361350314, 16.160320172455474]]], [[[74.6763388808616, 16.16848855053703], [74.67633593774829, 16.170296575373072], [74.67914224162989, 16.17030082352489], [74.67914515922622, 16.16849279818863], [74.67820973301168, 16.168491386414523], [74.6782111959233, 16.16758737371434], [74.67540493059549, 16.167583113984307], [74.67540345492661, 16.16848712643365], [74.6763388808616, 16.16848855053703]]], [[[74.66230443110331, 16.17027477973273], [74.66230596650084, 16.169370768636327], [74.65856580438567, 16.168460789806872], [74.65856269966578, 16.170268811373703], [74.65762726705222, 16.17026730900843], [74.65668871240995, 16.17207382343828], [74.65762415343131, 16.17207533009114], [74.65762259647256, 16.172979340517276], [74.65949348731905, 16.172982341667606], [74.65949503577035, 16.172078331064807], [74.66230443110331, 16.17027477973273]]], [[[74.68194710016787, 16.171209047485398], [74.6819442075375, 16.173017072856794], [74.68287965538721, 16.173018468602656], [74.6828782131883, 16.173922481255325], [74.68474911767032, 16.173925260577718], [74.68381941661525, 16.17030782157301], [74.68194710016787, 16.171209047485398]]], [[[74.6903618332926, 16.173933499875467], [74.6931681923145, 16.173937564022715], [74.69317098303432, 16.172129536864936], [74.68942920521506, 16.172124110418387], [74.6894306174562, 16.171220097043776], [74.68849517747843, 16.17121873023573], [74.68849234439918, 16.173026756747234], [74.69036324145901, 16.173029486574197], [74.6903618332926, 16.173933499875467]]], [[[74.64826494891881, 16.174772106936402], [74.64920040180014, 16.174773650857965], [74.64920837801124, 16.170253602762187], [74.6464020834778, 16.170248960030072], [74.64639243515144, 16.17567301587442], [74.64826334911817, 16.175676116234197], [74.64826494891881, 16.174772106936402]]], [[[74.69409251311805, 16.181171016709172], [74.69408972913925, 16.18297904248932], [74.69596072088503, 16.182981724720143], [74.69596348783725, 16.181173698624374], [74.69409251311805, 16.181171016709172]]], [[[74.69408833701733, 16.183883055264147], [74.69408972913925, 16.18297904248932], [74.69315423339877, 16.182977695203416], [74.69315283701978, 16.18388170789898], [74.69408833701733, 16.183883055264147]]], [[[74.6538603452146, 16.184725412802216], [74.65385876984148, 16.18562942179629], [74.65572821209825, 16.18653646743045], [74.65573134591394, 16.184728449161927], [74.65666684641289, 16.18472996117068], [74.65666840891433, 16.183825951832155], [74.65292642454516, 16.18381987946999], [74.65292484501477, 16.184723888451263], [74.6538603452146, 16.184725412802216]]], [[[74.66134126766585, 16.186545478832], [74.6613428090767, 16.185641469206097], [74.66040730382711, 16.18563997767998], [74.66040112056398, 16.189256015371363], [74.66321075398126, 16.187452459439793], [74.6632122869738, 16.186548449716014], [74.66134126766585, 16.186545478832]]], [[[74.65290746356384, 16.19466798217095], [74.65290588283035, 16.195571990229524], [74.65384143413804, 16.19557351565663], [74.65384773943008, 16.191957482602145], [74.6519750863032, 16.192858436548768], [74.6519719166169, 16.194666452716795], [74.65290746356384, 16.19466798217095]]], [[[74.68190801865465, 16.19561736407034], [74.68190946731251, 16.194713353344117], [74.68097391738284, 16.194711951509355], [74.680978275585, 16.191999919116622], [74.67817166469003, 16.191995689657794], [74.67817019926898, 16.192899700283547], [74.67162290920156, 16.191985676858835], [74.67162141396254, 16.192889686895782], [74.66975033329611, 16.1928867888813], [74.66975334071756, 16.19107876907134], [74.66881780904644, 16.191077314060816], [74.66881630112398, 16.191981323918675], [74.66507263330429, 16.1928794718103], [74.6650741583612, 16.191975462374014], [74.66320462103819, 16.191068497566153], [74.66320002030938, 16.193780525353606], [74.67161991862865, 16.193793696855845], [74.6716184231999, 16.194697706739], [74.67255397219576, 16.194699149741503], [74.67255546336426, 16.1937951397735], [74.67536209813758, 16.193799443827334], [74.67722877857433, 16.19651432354899], [74.68190512106328, 16.19742538529211], [74.68190077398698, 16.20013741654801], [74.68377192525624, 16.20014020885191], [74.68377336584982, 16.199236198346057], [74.68470893735973, 16.199237588238955], [74.68471180974979, 16.197429566833137], [74.68377624676283, 16.197428177103642], [74.68377912731043, 16.19562015555363], [74.68190801865465, 16.19561736407034]]], [[[74.68658864559833, 16.193816289554533], [74.68658721833373, 16.194720300766125], [74.68565166794733, 16.194718919515303], [74.68564737282783, 16.197430952445117], [74.68751849925607, 16.19743371131652], [74.68751992253122, 16.196529700254622], [74.69126215942453, 16.19653516826569], [74.6912649716185, 16.194727145268303], [74.69032942078208, 16.19472578460146], [74.69033083100557, 16.193821773067437], [74.68658864559833, 16.193816289554533]]], [[[74.6491604827503, 16.197373862515494], [74.650096042177, 16.19737540459177], [74.65009763589406, 16.196471396957545], [74.64635541584046, 16.196465204311846], [74.64635219421618, 16.198273218775245], [74.64915888467087, 16.198277869982146], [74.6491604827503, 16.197373862515494]]], [[[74.65290272106257, 16.19738000611592], [74.653838280892, 16.197381531722396], [74.65383985756502, 16.196477523727978], [74.65103319116085, 16.196472934825966], [74.65103001214793, 16.198280950198317], [74.65290114002826, 16.198284013943734], [74.65290272106257, 16.19738000611592]]], [[[74.69219211045926, 16.20015257036638], [74.6921935126957, 16.199248559133945], [74.69312908501573, 16.199249911964767], [74.69313188069884, 16.197441889110156], [74.69126075319375, 16.197439179649056], [74.69125653396625, 16.200151213337772], [74.69219211045926, 16.20015257036638]]], [[[74.69499189189527, 16.204676672940415], [74.69499606130493, 16.20196463945249], [74.6940604760213, 16.201963294620583], [74.6940590820435, 16.2028673057811], [74.69312349258556, 16.202865956751168], [74.69312069583847, 16.204673978682894], [74.69499189189527, 16.204676672940415]]], [[[74.68188917773958, 16.20736949651266], [74.6818906275922, 16.20646548678634], [74.68095502225451, 16.20646408388003], [74.68001358293137, 16.210078714636975], [74.682823341753, 16.2082749051128], [74.68282478743322, 16.207370895381228], [74.68188917773958, 16.20736949651266]]], [[[74.68001212418078, 16.21098272389039], [74.67907649770483, 16.210981312329636], [74.6790706447146, 16.214597348242002], [74.68000628825376, 16.21459876013444], [74.68000774737423, 16.21369475118888], [74.68187902619732, 16.213697562442317], [74.68001212418078, 16.21098272389039]]], [[[74.67532511030363, 16.21639967627733], [74.67813206568337, 16.21640394955547], [74.6790706447146, 16.214597348242002], [74.67813500126817, 16.214595932227454], [74.67813646892105, 16.21369192344798], [74.67439391313302, 16.21368621850387], [74.67345529635845, 16.215492798606274], [74.67532659094277, 16.215495667902765], [74.67532511030363, 16.21639967627733]]], [[[74.67157801075783, 16.219105944504815], [74.67251367488247, 16.219107389798342], [74.6725166622344, 16.21729937394042], [74.67345231791887, 16.21730081494141], [74.67345380718585, 16.216396806812334], [74.66970969574994, 16.21729502620056], [74.66971270832447, 16.215487010545278], [74.66877706155394, 16.21548555322421], [74.66877555104766, 16.216389561004753], [74.66783990010613, 16.216388099475527], [74.66783687027215, 16.218196114633987], [74.66596402801277, 16.219097186154407], [74.66595945664537, 16.221809207566398], [74.66689513300064, 16.221810677858652], [74.66689361328703, 16.222714684928274], [74.66408657170527, 16.222710261419795], [74.66408503908873, 16.223614268152712], [74.66221212872955, 16.22451530483302], [74.66220904593277, 16.226323317565047], [74.6640789076516, 16.2272302943141], [74.66408044065653, 16.22632628788931], [74.66782777846619, 16.223620158261262], [74.6678308094522, 16.221812144026885], [74.66970366945537, 16.22091105658716], [74.6697081893195, 16.218199033912708], [74.67157950874866, 16.21820193669922], [74.67157801075783, 16.219105944504815]]], [[[74.67250022711342, 16.227243457347118], [74.67343592975278, 16.227244899278958], [74.67437460446293, 16.2254383222756], [74.67156752216415, 16.225433996987835], [74.67156902081946, 16.22452998972131], [74.66782777846619, 16.223620158261262], [74.66875741750533, 16.22723764836495], [74.67062882211896, 16.22724056110699], [74.67062731890859, 16.22814456805731], [74.67249873244356, 16.22814746446742], [74.67250022711342, 16.227243457347118]]], [[[74.67998292974822, 16.229062892792292], [74.67998439034855, 16.22815888507878], [74.67717726793293, 16.2281546332925], [74.67717874125155, 16.22725062575148], [74.67530733531446, 16.22724777076619], [74.67530881707972, 16.226343763315707], [74.6743731185218, 16.226342329718975], [74.67436866013368, 16.229054351586914], [74.67530437150236, 16.229055785436074], [74.67530288945552, 16.22995979265546], [74.67623860518886, 16.229961222462556], [74.6762400829649, 16.22905721515927], [74.67811150617047, 16.229060062227735], [74.67810856760853, 16.230868077091426], [74.68185144930162, 16.23087372237913], [74.68184709202022, 16.23358574509061], [74.68371711498267, 16.234492551048767], [74.68371855904942, 16.233588543468198], [74.68465429270131, 16.233589936466192], [74.68466292955442, 16.228165888874454], [74.6809200980058, 16.2281602940894], [74.680918641676, 16.2290643018856], [74.67998292974822, 16.229062892792292]]], [[[74.68277703158303, 16.237203175875063], [74.68184128102402, 16.237201774293823], [74.68183982804501, 16.238105781401963], [74.68464709281668, 16.238109974007106], [74.6855857196044, 16.236303348337184], [74.68464997304405, 16.236301959221926], [74.68465141302097, 16.23539795171374], [74.68277992871943, 16.23539516126315], [74.68277703158303, 16.237203175875063]]], [[[74.68089824337312, 16.24172040294208], [74.68183401520908, 16.241721809063776], [74.68183982804501, 16.238105781401963], [74.6799683186567, 16.23810296568984], [74.67996685703868, 16.239006972555757], [74.67903109820969, 16.239005558424143], [74.67808945788259, 16.242620166192218], [74.68089678565956, 16.242624409582362], [74.68089824337312, 16.24172040294208]]], [[[74.69118186185825, 16.24806369428416], [74.69118609527638, 16.245351672838456], [74.68931451567832, 16.245348938412032], [74.68931309607684, 16.24625294547737], [74.68556992085819, 16.246247426736694], [74.68463700914877, 16.244438023327355], [74.68370122421304, 16.244436629348584], [74.6836997790489, 16.245340636004237], [74.67995662312157, 16.24533501845876], [74.67902376735996, 16.243525591182753], [74.67715073223883, 16.244426755854374], [74.67714483131076, 16.24804277969862], [74.67901643418999, 16.248045622013937], [74.67901496727755, 16.24894962794884], [74.68088657908103, 16.24895245390556], [74.68088512062928, 16.249856459929003], [74.68182093094634, 16.249857866792865], [74.68275964106014, 16.248051257071793], [74.68463124504673, 16.248054049814304], [74.68462980379321, 16.24895805624327], [74.6893088367334, 16.24896496621078], [74.68930741677256, 16.249868972967704], [74.69117762763642, 16.2507757150359], [74.69117480437532, 16.252583728484808], [74.69211062852162, 16.252585090140894], [74.69211203591922, 16.251681083375196], [74.69304785587696, 16.251682440819422], [74.69305066185068, 16.24987442689755], [74.69211485044733, 16.249873069612445], [74.69211766461929, 16.248065055541236], [74.69118186185825, 16.24806369428416]]], [[[74.7118838232676, 16.169443636584244], [74.71188251327806, 16.170347651971017], [74.71281795116349, 16.170348915941474], [74.71281925690002, 16.169444900480286], [74.7118838232676, 16.169443636584244]]], [[[74.69597455213386, 16.173941591168806], [74.69597593477583, 16.173037577391252], [74.69410503664952, 16.17303489689623], [74.6941022542609, 16.174842924058943], [74.6959731694041, 16.174845604869557], [74.69597040368114, 16.17665363204068], [74.69784133619456, 16.176656296719006], [74.69877954277668, 16.174849595249327], [74.69784408489846, 16.17484826923422], [74.69784545911953, 16.173944255376647], [74.69597455213386, 16.173941591168806]]], [[[74.71374297428817, 16.177582297320786], [74.71374427643295, 16.176678282399628], [74.71467974426278, 16.176679538667027], [74.71468493499718, 16.173063477918785], [74.7118785828102, 16.17305969767074], [74.71188251327806, 16.170347651971017], [74.71001163775703, 16.170345111699188], [74.70907355437268, 16.17215186549166], [74.7081381083148, 16.17215058492922], [74.7072053251042, 16.170341270464178], [74.70533445042459, 16.17033868908936], [74.70533043063189, 16.17305073320598], [74.70158727413578, 16.173949534457343], [74.70158184480415, 16.177565590669897], [74.70438825802934, 16.177569507734347], [74.70438960272598, 16.17666549356587], [74.70532506971698, 16.176666790953217], [74.70532641007335, 16.175762776631586], [74.70719733580054, 16.17576535891831], [74.70719866756254, 16.174861344367912], [74.70906958511866, 16.174863910056622], [74.70906826186595, 16.175767924758045], [74.71093787344056, 16.176674488925446], [74.7109365585302, 16.177578503623344], [74.71000108677747, 16.17757723083305], [74.70999053043785, 16.18480934505199], [74.71186154212926, 16.184811887716947], [74.71186023072514, 16.185715901798215], [74.71560227213502, 16.185720938054246], [74.71560615500945, 16.18300889469119], [74.71373515968331, 16.18300638523495], [74.71373646232414, 16.18210237077461], [74.71280096904175, 16.18210110995013], [74.7128075022858, 16.177581036867213], [74.71374297428817, 16.177582297320786]]], [[[74.70157369822121, 16.1829896726846], [74.70157777190053, 16.180277632022907], [74.69877132114958, 16.180273677250327], [74.69876995057393, 16.181177690648333], [74.69970543832717, 16.181179013096617], [74.69970270542817, 16.182987039817792], [74.70157369822121, 16.1829896726846]]], [[[74.76892439316488, 16.187593587853012], [74.7689222893256, 16.1894016236723], [74.77172888500802, 16.1894046548014], [74.77172992418464, 16.188500636751886], [74.770794396483, 16.188499630550183], [74.7707964831552, 16.18669159433911], [74.76892439316488, 16.187593587853012]]], [[[74.7567614890547, 16.188484043696796], [74.75676370347855, 16.186676009319235], [74.75302163153027, 16.186671696953876], [74.75302050732051, 16.187575713927387], [74.75395602945949, 16.187576798254604], [74.75395378934324, 16.18938483209877], [74.75488932007057, 16.18938591243809], [74.75489043590545, 16.188481895490874], [74.75582596244482, 16.188482971651442], [74.75582485086872, 16.189386988661955], [74.75769591267631, 16.189389128763306], [74.75769701573483, 16.188485111626928], [74.7567614890547, 16.188484043696796]]], [[[74.71091682485603, 16.19113871487421], [74.71372343219493, 16.19114251192087], [74.71372734210192, 16.188430470383746], [74.71279181901616, 16.188429209039967], [74.71091682485603, 16.19113871487421]]], [[[74.7595647854736, 16.19119928669492], [74.76143695103696, 16.19029737688886], [74.76143912315264, 16.18848934219526], [74.75863254248497, 16.18848617544184], [74.75863034481576, 16.190294209762925], [74.75956588015346, 16.190295269587274], [74.7595647854736, 16.19119928669492]]], [[[74.76424248449517, 16.19120452438908], [74.76424570444048, 16.188492471911655], [74.76237465018004, 16.18849038954928], [74.76237248658221, 16.190298424366095], [74.76424248449517, 16.19120452438908]]], [[[74.75301600976807, 16.191191781053323], [74.75395378934324, 16.18938483209877], [74.75114719758876, 16.189381566388075], [74.75114493163315, 16.191189599540834], [74.75301600976807, 16.191191781053323]]], [[[74.77920912198044, 16.19302863002004], [74.77920811655542, 16.19393264815025], [74.78014367039773, 16.19393361765678], [74.78014667370172, 16.191221562864698], [74.77827458208321, 16.192123638304274], [74.77827357246208, 16.193027656454053], [74.77920912198044, 16.19302863002004]]], [[[74.77546896902918, 16.19121667502736], [74.7735968567571, 16.19211870901735], [74.77359479485051, 16.19392674466035], [74.77546590182673, 16.1939287289571], [74.77546896902918, 16.19121667502736]]], [[[74.75113926548603, 16.195709681078206], [74.75207482581833, 16.195710774213754], [74.75207595493086, 16.194806757995693], [74.7539470672887, 16.194808931787538], [74.75394818780882, 16.193904915364822], [74.75301263585463, 16.193903830591132], [74.7530137605638, 16.19299981415536], [74.75114266538998, 16.19299763238629], [74.75113926548603, 16.195709681078206]]], [[[74.75488150724385, 16.195714028917525], [74.7548803908425, 16.196618045250098], [74.7558159557206, 16.196619121980355], [74.75675373635791, 16.1948121615985], [74.7539470672887, 16.194808931787538], [74.7539459466975, 16.195712948133416], [74.75488150724385, 16.195714028917525]]], [[[74.74552242775894, 16.198415082633097], [74.7455212685277, 16.199319098088786], [74.74365011486414, 16.199316849531883], [74.74365595289713, 16.194796772145736], [74.74459150838604, 16.19479789815221], [74.74552938160252, 16.192990988285047], [74.7483360231691, 16.192994328859537], [74.74833487715931, 16.193898344972762], [74.74927042875404, 16.193899450329756], [74.74927157050371, 16.192995434151538], [74.75114266538998, 16.19299763238629], [74.7511437985475, 16.192093616001973], [74.75020825532815, 16.192092519007318], [74.75020939267337, 16.191188502610686], [74.74740277622807, 16.191185187124642], [74.74740162610411, 16.19208920332629], [74.74646608317501, 16.192088089866942], [74.74646723755855, 16.19118407373076], [74.74553169896227, 16.191182956220956], [74.74553401602799, 16.18937492384955], [74.74459848602355, 16.189373802355732], [74.7445961604395, 16.191181834595223], [74.7408528271479, 16.192081322671292], [74.74085046704137, 16.193889353917257], [74.73991491611068, 16.193888211510398], [74.7399101779561, 16.19750427281147], [74.73897461005743, 16.197503126018304], [74.73803426878241, 16.201118034638544], [74.73990425357218, 16.20202434770845], [74.74084220431018, 16.200217460857342], [74.74739127170459, 16.200225345683297], [74.74739357319311, 16.198417314586372], [74.74552242775894, 16.198415082633097]]], [[[74.7633015553152, 16.195723570702494], [74.76236815856284, 16.19391449307788], [74.76049705346335, 16.193912393513912], [74.76049487199958, 16.19572042716193], [74.75955931103242, 16.195719371080752], [74.75956040605956, 16.194815354357253], [74.75768929285522, 16.194813229968332], [74.75768598199969, 16.197525279533586], [74.75862155134983, 16.197526343974232], [74.75862265077713, 16.19662232746675], [74.76142934646124, 16.196625495896548], [74.76142608632354, 16.199337545747273], [74.76236166447427, 16.199338593840565], [74.762362746994, 16.198434577238896], [74.7642349689057, 16.197532644147575], [74.76423711655752, 16.19572461031503], [74.7633015553152, 16.195723570702494]]], [[[74.7090311766726, 16.201080305207682], [74.71183792411975, 16.20108412942191], [74.71183923693899, 16.200180116647246], [74.7099694016748, 16.19927355873728], [74.7090311766726, 16.201080305207682]]], [[[74.7717174497131, 16.199348848276014], [74.77265302860418, 16.199349851069794], [74.7726540642444, 16.198445833806414], [74.76891281874455, 16.19753778105669], [74.76891176612398, 16.19844179815968], [74.76797619176008, 16.198440778953255], [74.766101846613, 16.201150778493194], [74.76423067278468, 16.201148710890493], [74.76422959858412, 16.20205272738409], [74.76609971519464, 16.202958811646553], [74.76703743362866, 16.201151806116606], [74.76984419507843, 16.20115486427512], [74.76984524363698, 16.200250847343], [74.77171640974512, 16.200252865403602], [74.7717174497131, 16.199348848276014]]], [[[74.7651587686742, 16.20747786101819], [74.76516304964744, 16.203861796183975], [74.76422744997868, 16.203860760140664], [74.76422637557376, 16.204764776403653], [74.76141956418707, 16.20476164337357], [74.7614163021882, 16.207473691148923], [74.7651587686742, 16.20747786101819]]], [[[74.74177307898685, 16.20383465930138], [74.74177425563808, 16.202930644495375], [74.73896747499847, 16.202927215259542], [74.73896390645083, 16.20563925884229], [74.74083511904902, 16.205641549522376], [74.74083393791007, 16.206545564030783], [74.74176954858552, 16.206546703258073], [74.740828031092, 16.211065635419246], [74.7426981221073, 16.21197192460259], [74.74363960173866, 16.207452983984144], [74.74270398665008, 16.207451852930472], [74.74270867694604, 16.20383579420855], [74.74177307898685, 16.20383465930138]]], [[[74.75954506935776, 16.207471581492438], [74.75954616528804, 16.20656756576815], [74.75767494126391, 16.20656543975537], [74.75767052300912, 16.21018150169146], [74.75673489404357, 16.21018043225368], [74.75673267596521, 16.21198846263467], [74.7595395886641, 16.21199165896043], [74.75954178115002, 16.210183628203936], [74.76047741032484, 16.210184685278623], [74.76047959400309, 16.208376654090323], [74.76141521471736, 16.20837770692027], [74.7614163021882, 16.207473691148923], [74.75954506935776, 16.207471581492438]]], [[[74.74082094043874, 16.21648971854713], [74.74362791345071, 16.21649312606999], [74.743631420715, 16.213781084251902], [74.74269577576969, 16.21377995273303], [74.74269694897566, 16.212875938706276], [74.74082448610243, 16.21377767732936], [74.74082212240154, 16.215585704884813], [74.7398864691472, 16.21558456086565], [74.73988528291754, 16.21648857446078], [74.7389496254715, 16.216487426251735], [74.73895081596804, 16.215583412724033], [74.73614385688428, 16.215579943564467], [74.73426891548642, 16.21828964950914], [74.73520458108705, 16.218290818468923], [74.73520337329349, 16.21919483149365], [74.7370747132594, 16.21919715718026], [74.73707591251761, 16.218293144018975], [74.738011578347, 16.218294300609237], [74.73801038335647, 16.219198313838437], [74.73988172377751, 16.21920061478453], [74.73988409661271, 16.217392587978978], [74.74081975840105, 16.217393732132514], [74.74082094043874, 16.21648971854713]]], [[[74.76608265411495, 16.21742306580208], [74.76701831789846, 16.21742409451276], [74.76701938045574, 16.21652007914443], [74.76889069969012, 16.21652212407677], [74.76889175364623, 16.215618108511432], [74.77076306461396, 16.215620136833692], [74.77076410997, 16.214716121072307], [74.77544236721072, 16.214721119440625], [74.77544543888979, 16.21200907081433], [74.76889596880285, 16.2120020454809], [74.76889702242504, 16.211098029530998], [74.76796138837172, 16.211097009485734], [74.76795821450732, 16.213809056924955], [74.76608692100716, 16.213807004108855], [74.76514913251445, 16.21561400239695], [74.76327782235471, 16.215611924604747], [74.76327998126462, 16.21380389396964], [74.76421562777742, 16.21380493480472], [74.76421670286365, 16.212900919310663], [74.7595384923169, 16.212895674223315], [74.75953739590021, 16.21379968940929], [74.75766610363388, 16.213797562397108], [74.757664998615, 16.21470157738124], [74.75953520285837, 16.21560771955049], [74.75859404299935, 16.22012673167574], [74.75765836703091, 16.220125665670537], [74.75952642791106, 16.222839837038016], [74.76326918397848, 16.222844044067994], [74.76327026401498, 16.221940029404383], [74.76514270535375, 16.221038093188188], [74.76608265411495, 16.21742306580208]]], [[[74.69777801963838, 16.218240844019213], [74.69777664113951, 16.219144854109448], [74.69964797457183, 16.219147509666865], [74.69965208420241, 16.216435478697463], [74.6987164302447, 16.21643415321395], [74.69871505618758, 16.21733816353622], [74.69684373999954, 16.217335500044918], [74.6968423573207, 16.218239510133806], [74.69777801963838, 16.218240844019213]]], [[[74.7305225662254, 16.220996970244727], [74.73052379551304, 16.22009295771954], [74.73239514324543, 16.220095324779255], [74.7323963639193, 16.21919131203813], [74.72958935524122, 16.219187755471914], [74.7295868882077, 16.22099578045954], [74.7305225662254, 16.220996970244727]]], [[[74.77730656078504, 16.22105120151151], [74.77730351277181, 16.223763248177274], [74.77917490173911, 16.223765203327357], [74.78011260277812, 16.221958143338203], [74.7782412307587, 16.221956196666078], [74.77824224243018, 16.221052180976375], [74.77730656078504, 16.22105120151151]]], [[[74.6968354426122, 16.222759559423512], [74.69777112627055, 16.222760893700556], [74.69776836831196, 16.22456891303415], [74.69870406059584, 16.224570243343045], [74.6987054353496, 16.223666233636663], [74.69964112345134, 16.223667559742914], [74.69964660452136, 16.220051519836044], [74.69777526255331, 16.220048864122706], [74.69777388387975, 16.220952874058977], [74.69683820875846, 16.22095153993859], [74.6968354426122, 16.222759559423512]]], [[[74.72584167542625, 16.222799004196002], [74.72677736166689, 16.222800210618384], [74.72677860818526, 16.221896198528004], [74.72864997236572, 16.221898598858733], [74.72865121026817, 16.220994586550468], [74.72771553240705, 16.220993388517503], [74.72771677449927, 16.220089376202598], [74.72678110098505, 16.220088174116327], [74.72584292621335, 16.221894992176438], [74.72490724432068, 16.221893781700754], [74.72490849929699, 16.220989769675295], [74.72303714428737, 16.220987336494403], [74.72303588077413, 16.221891348377017], [74.72210019912082, 16.221890125528965], [74.72209893125881, 16.222794137262813], [74.7211632454171, 16.2227929102186], [74.71835104781492, 16.226405249347028], [74.71928675049163, 16.22640648905536], [74.71928546941777, 16.227310500187432], [74.72115688355449, 16.22731296737291], [74.72115942854133, 16.225504944742163], [74.72303082592069, 16.22550739513769], [74.72303208975414, 16.224603383562993], [74.72396778429452, 16.22460460250158], [74.72396904377864, 16.223700590778346], [74.72584042455992, 16.223703016138582], [74.72584167542625, 16.222799004196002]]], [[[74.77636475698314, 16.226474310215185], [74.77636577751493, 16.225570295025488], [74.7735607356118, 16.22375928838087], [74.77356280183656, 16.22195125781219], [74.77543417321097, 16.22195324572635], [74.7763718993482, 16.220146202271295], [74.77543622210032, 16.220145214616494], [74.77543724644764, 16.219241198946154], [74.77263022789852, 16.21923821141488], [74.77263126498413, 16.218334195843042], [74.77169559653322, 16.218333191811293], [74.77169247227526, 16.22104523811916], [74.77262815353016, 16.221046242327773], [74.7726271162474, 16.221950257668816], [74.77075574526651, 16.221948245009465], [74.769817959499, 16.223755262589535], [74.76888226563645, 16.223754245830005], [74.76888332012696, 16.222850230880145], [74.76701194114071, 16.22284818510715], [74.76701300410201, 16.221944170200437], [74.76514163392272, 16.22194210805078], [74.76513949085704, 16.223750137545128], [74.76607518445073, 16.223751170803354], [74.7660741170854, 16.22465518549575], [74.76513841922235, 16.224654152176864], [74.76420056941468, 16.22646114364387], [74.76326486314821, 16.22646010195288], [74.76326810387354, 16.223748058654653], [74.76045883788026, 16.225552937956643], [74.76045774476042, 16.22645695212755], [74.76139345082079, 16.22645800619472], [74.76139018385707, 16.229170048431207], [74.76232590279767, 16.229171098557867], [74.76232698758386, 16.228267084494384], [74.76419841712953, 16.228269172246804], [74.7641973408847, 16.22917318643281], [74.76606771147337, 16.23007927203385], [74.76606984694786, 16.228271243495705], [74.76700556195858, 16.228272272931328], [74.76700662532399, 16.227368258486372], [74.77542700005355, 16.22828135218699], [74.77636067420951, 16.230090370204373], [74.78010357170837, 16.230094282111377], [74.78010457541482, 16.22919026699998], [74.78197601600478, 16.22919219808184], [74.78290975454469, 16.231001187918626], [74.78384548353934, 16.2310021432563], [74.78384647022432, 16.230098127996193], [74.78571791985829, 16.230100026180253], [74.78571596351142, 16.23190805684628], [74.78852123309169, 16.23371890419359], [74.78852412944448, 16.231006858045156], [74.784784159651, 16.22829104828866], [74.78478710614561, 16.225579001417312], [74.78759615522031, 16.223773797330384], [74.78759712432905, 16.22286978123282], [74.78666143351772, 16.222868842897466], [74.78666338008841, 16.22106081058169], [74.7838543614548, 16.222866003144677], [74.78385731963536, 16.220153955055725], [74.78198596418333, 16.22015204160196], [74.78198496964905, 16.2210560575962], [74.78104928774914, 16.22105509462719], [74.78104429278706, 16.22557517316161], [74.78010858960495, 16.225574205784728], [74.77917087097842, 16.227381264930177], [74.77823515938366, 16.227380289188417], [74.77823617143974, 16.226476273960415], [74.77636475698314, 16.226474310215185]], [[74.78385140271197, 16.22557805054116], [74.78384942990436, 16.227386081754048], [74.78197701110622, 16.22828818278015], [74.78197900112005, 16.226480151945875], [74.78104329360475, 16.22647918863764], [74.78104429278706, 16.22557517316161], [74.78385140271197, 16.22557805054116]]], [[[74.69870268575498, 16.22547425297244], [74.698699935812, 16.22728227200018], [74.70057134625935, 16.227284920709916], [74.70057407912273, 16.225476901371273], [74.69870268575498, 16.22547425297244]]], [[[74.75858412931915, 16.22826285947902], [74.75858192551148, 16.230070887033087], [74.76045227812256, 16.23097702182747], [74.76139018385707, 16.229170048431207], [74.75951874618308, 16.22916793579955], [74.75951984378132, 16.22826392192167], [74.75858412931915, 16.22826285947902]]], [[[74.71834590595066, 16.230021293122295], [74.72021734554905, 16.230023768994762], [74.72021606842175, 16.230927779891356], [74.72115179261354, 16.230929011710426], [74.72115561094016, 16.228216978572796], [74.71928418826275, 16.228214511242523], [74.71928290702658, 16.229118522220602], [74.71834719153885, 16.22911728229398], [74.71834847704562, 16.228213271388668], [74.71647834882194, 16.227306768467468], [74.71366600135893, 16.23091904161486], [74.71085883099678, 16.230915234741293], [74.71085355080578, 16.234531274612884], [74.71927778127043, 16.23273456536282], [74.71928034431082, 16.23092654394574], [74.71834462028104, 16.23092530387359], [74.71834590595066, 16.230021293122295]]], [[[74.7024400409251, 16.22909557225709], [74.70056861304975, 16.22909293974052], [74.70056451258618, 16.23180496770877], [74.70150023929406, 16.23180628626216], [74.70243324910022, 16.233615619258142], [74.70524045562864, 16.23361953823743], [74.70524180134984, 16.23271552876135], [74.70430607002675, 16.23271422663856], [74.7043087697566, 16.23090620760812], [74.70337304706203, 16.23090490151161], [74.7024400409251, 16.22909557225709]]], [[[74.70898207014068, 16.23452871546402], [74.70897941245313, 16.236336734637348], [74.71085091020875, 16.236339294086484], [74.71085355080578, 16.234531274612884], [74.70898207014068, 16.23452871546402]]], [[[74.74640827058434, 16.237288798634804], [74.74828323144816, 16.234578990481374], [74.75296082207751, 16.23548850351465], [74.75389881765939, 16.233681565223648], [74.7585775170587, 16.233686941217375], [74.7595154529712, 16.231879976971285], [74.75764398994794, 16.23187784746031], [74.75764509629774, 16.23097383393834], [74.75670936916255, 16.230972763055433], [74.75670825854127, 16.231876776514564], [74.75390106474433, 16.231873538916304], [74.75390218818008, 16.23096952564714], [74.75109728012242, 16.229158224714496], [74.75109614401613, 16.230062237945496], [74.75016042165016, 16.23006113824098], [74.75015928120071, 16.23096515133047], [74.7482878281433, 16.23096293941261], [74.74641290233428, 16.233672749013213], [74.74454142423072, 16.233670503687506], [74.74172949042627, 16.23728315304114], [74.74079373461758, 16.2372820115376], [74.74079610191465, 16.235473987677064], [74.73892460761418, 16.235471692554466], [74.73892341545749, 16.236375704388603], [74.73798766414752, 16.236374550567948], [74.73798886057702, 16.235470538801497], [74.73611736673024, 16.235468218912224], [74.73517920134871, 16.237275075822797], [74.73143618069716, 16.237270369447753], [74.73143495420273, 16.238174380579576], [74.72956343579507, 16.23817200248305], [74.72956096547827, 16.23998002423661], [74.7314325009809, 16.239982402612107], [74.73143004744848, 16.24179042433646], [74.73330160035889, 16.2417927864731], [74.73330281861509, 16.24088877551092], [74.73798168086368, 16.240894608244766], [74.73798287767197, 16.239990596863482], [74.73891864607589, 16.23999175095487], [74.73891506824708, 16.242703785070674], [74.74078663092773, 16.242706081270438], [74.74078781506341, 16.2418020698409], [74.74172359224158, 16.241803211679247], [74.74172831093868, 16.238187164922834], [74.74640827058434, 16.237288798634804]]], [[[74.73049303995224, 16.242693247750925], [74.73049057740369, 16.24450126887371], [74.72674742153073, 16.244496477686283], [74.72674866994488, 16.24359246744435], [74.72581288544873, 16.243591259392876], [74.72580912714272, 16.246303289674948], [74.7295535526512, 16.245404087648055], [74.72954984518195, 16.248116118313405], [74.73329428920229, 16.24721685062796], [74.73329916361516, 16.243600808166292], [74.7323633785716, 16.243599629024423], [74.732364601257, 16.2426956182855], [74.73049303995224, 16.242693247750925]]], [[[74.7248607542862, 16.255342172499258], [74.72766827457153, 16.255345799416496], [74.72673868041915, 16.25082454722172], [74.72486578548627, 16.251726135336817], [74.7248607542862, 16.255342172499258]]], [[[74.71924571587141, 16.25533480707155], [74.7211173950211, 16.255337278746435], [74.72205958768711, 16.250818462812017], [74.7164407905256, 16.253523051435515], [74.71643949418207, 16.2544270600369], [74.71831116428685, 16.25442955636393], [74.71830858846813, 16.256237573627935], [74.71643690124898, 16.256235077008306], [74.71643560465944, 16.25713908537833], [74.71549975689375, 16.257137830795035], [74.71549715490978, 16.25894584715667], [74.71362675210014, 16.258039317299435], [74.71362937103603, 16.256231301079037], [74.7098846720371, 16.257130216490744], [74.70988865141284, 16.25441819270828], [74.71082448584461, 16.254419471867966], [74.7108258078572, 16.253515463711274], [74.70988997770361, 16.253514184626543], [74.70989528202769, 16.249898151528495], [74.70895946906796, 16.249896868611998], [74.70896079921606, 16.248992860219918], [74.70802499061732, 16.24899157324726], [74.7080236561924, 16.249895581563898], [74.70428040553722, 16.249890392055487], [74.70428175706938, 16.248986384043047], [74.7033459488955, 16.248985076413607], [74.70334866025608, 16.247177060310737], [74.7024128607208, 16.247175748703732], [74.7014743328054, 16.248982448760678], [74.69866690931838, 16.248978476296163], [74.6986655321254, 16.249882483845052], [74.69772972019352, 16.249881151349424], [74.69772695699176, 16.251689166059638], [74.69398367592346, 16.25168379413159], [74.69398227708105, 16.252587801056173], [74.69304645275695, 16.252586447664687], [74.69304504954816, 16.25349045443282], [74.69678836448597, 16.253495843520774], [74.69678697830098, 16.254399850527612], [74.69959447826048, 16.254403849186136], [74.69959310482305, 16.25530785635018], [74.70240061839974, 16.255311818045673], [74.70240469994799, 16.25259979562572], [74.70708382678785, 16.252606314644396], [74.70708248774729, 16.25351032257691], [74.70801831764838, 16.253511614059356], [74.70801564786971, 16.255319629844408], [74.70707980941202, 16.255318338210582], [74.70800897194522, 16.259839667957255], [74.71081655201267, 16.2598435191885], [74.7108178745271, 16.258939511494575], [74.71175373043744, 16.25894078689506], [74.71175241220281, 16.25984479466371], [74.71362282307508, 16.26075134105153], [74.71362020331087, 16.26255935650054], [74.71736498972814, 16.261660376887544], [74.71737016011483, 16.25804434419423], [74.71924314844749, 16.257142824326873], [74.71924571587141, 16.25533480707155]], [[74.69959859805148, 16.251691827231262], [74.69960134414444, 16.249883812209095], [74.70147296844283, 16.249886456542423], [74.70147023945869, 16.2516944718746], [74.69959859805148, 16.251691827231262]]], [[[74.72766827457153, 16.255345799416496], [74.7276670294088, 16.256249808726867], [74.72860287394055, 16.25625100950347], [74.7286041148245, 16.255347000122732], [74.72766827457153, 16.255345799416496]]], [[[74.80356560103182, 16.16050774351946], [74.80356381573961, 16.16231578803534], [74.8063700352872, 16.162318357802164], [74.80637091520941, 16.161414335431196], [74.80543551288805, 16.161413483000732], [74.80543728106545, 16.15960543812922], [74.80356560103182, 16.16050774351946]]], [[[74.84098011547852, 16.162347011468114], [74.8409793927889, 16.163251035450173], [74.84472104409248, 16.163253796426503], [74.84378705102644, 16.161445064059798], [74.84191624237808, 16.161443683734255], [74.84191552398516, 16.16234770783399], [74.84098011547852, 16.162347011468114]]], [[[74.80823997712282, 16.163224072832723], [74.80823910559138, 16.164128095150033], [74.80917452083273, 16.164128935404886], [74.8091771225079, 16.161416868074454], [74.80730631758671, 16.161415183753636], [74.80730544191523, 16.162319206174576], [74.8063700352872, 16.162318357802164], [74.80636915530908, 16.16322238009646], [74.80823997712282, 16.163224072832723]]], [[[74.8044965565893, 16.165028715083377], [74.80449833371897, 16.163220670926172], [74.80356292300844, 16.16321981017827], [74.80356381573961, 16.16231578803534], [74.7998212807362, 16.163216326101633], [74.79982219047142, 16.16231230416391], [74.79701597212618, 16.16230964812364], [74.79701781692688, 16.160501604331067], [74.79421162461269, 16.160498911633752], [74.79421068949024, 16.161402933409757], [74.79327528792018, 16.161402027575093], [74.79420601298679, 16.16592304113955], [74.79607685881763, 16.165924841014814], [74.7970104363175, 16.167733777660956], [74.79888129950973, 16.16773555308998], [74.79888404216527, 16.165023488352798], [74.79981946109234, 16.165024369747023], [74.79982037094317, 16.16412034796267], [74.8044965565893, 16.165028715083377]]], [[[74.83723182297724, 16.170480396501464], [74.83723330306991, 16.168672350020483], [74.83629786503245, 16.168671632817496], [74.83629860926096, 16.167767609504196], [74.83349230819137, 16.167765433363446], [74.83443150478567, 16.163246045562694], [74.8353669172163, 16.16324677072938], [74.8353684135607, 16.16143872319097], [74.8372399611605, 16.160536137060447], [74.83724144021927, 16.15872808889271], [74.83349987541247, 16.158725197294824], [74.83349911890669, 16.159629221246668], [74.83256372357451, 16.15962848803568], [74.83256220191797, 16.16143653562301], [74.83162679813339, 16.161435798217585], [74.83162603298183, 16.162339821852825], [74.83349609240283, 16.163245316287465], [74.83349457886247, 16.16505336334788], [74.82975289580293, 16.165050404813144], [74.82975212195319, 16.165954428054107], [74.82788127221356, 16.165952924044067], [74.82788048981041, 16.166856947119776], [74.82881591890764, 16.16685770122383], [74.82881436245732, 16.168665747234016], [74.82974980010904, 16.168666497316902], [74.83068369817417, 16.170475289169403], [74.83161914443009, 16.170476031119684], [74.83162144105157, 16.167763962054202], [74.83349155120483, 16.168669456548603], [74.83349003708754, 16.17047750268884], [74.83723182297724, 16.170480396501464]]], [[[74.8419083375455, 16.171387944614505], [74.84191049395669, 16.1686758743855], [74.84378137063284, 16.168677255361537], [74.84378066038067, 16.169581278929208], [74.84471610303949, 16.16958196329253], [74.84471822090265, 16.166869892238566], [74.84565365084826, 16.166870572371483], [74.84565435246083, 16.165966548493426], [74.84752520398118, 16.16596789635133], [74.84752589704543, 16.16506387231722], [74.84939674023813, 16.165065203659616], [74.84939605567764, 16.165969227772138], [74.85033148159124, 16.165969887318617], [74.85033012084436, 16.16777793539132], [74.85220031787719, 16.16868326630866], [74.85313709199485, 16.166875865492162], [74.85594338313194, 16.166877782605305], [74.85594469276819, 16.16506973392333], [74.85688011472672, 16.1650703646677], [74.85687946418129, 16.165974389084166], [74.85875031672585, 16.16597563831935], [74.85875160076839, 16.16416758926261], [74.86062243646906, 16.164168821915446], [74.86062116943354, 16.165976871117383], [74.865297689585, 16.166883905863152], [74.86529952642029, 16.164171831643454], [74.86342869032123, 16.16417064007867], [74.86342931102457, 16.16326661525563], [74.86155911275203, 16.162361382498215], [74.86156037096427, 16.16055333261116], [74.86062497005722, 16.16055272259169], [74.85875609363268, 16.15783941514942], [74.85688531760263, 16.157838166576326], [74.85688466738776, 16.158742191606013], [74.85501322426737, 16.159644951408477], [74.85501190662943, 16.16145300093557], [74.85407650175918, 16.161452362123637], [74.85407583862661, 16.16235638673458], [74.84659326433655, 16.161447103737647], [74.8465925671976, 16.162351128038843], [74.84565715846544, 16.162350452214483], [74.8428480755152, 16.165964495887003], [74.84097722444456, 16.165963106936363], [74.84097650157126, 16.166867130611752], [74.84004107185254, 16.166866429931265], [74.84003961746315, 16.16867447696947], [74.84097505568695, 16.168675177732485], [74.84097433267593, 16.169579201177825], [74.84003889019915, 16.169578500373554], [74.84003816288897, 16.17048252370094], [74.83816726956785, 16.17048110967843], [74.83723034269657, 16.172288442675672], [74.84003525318636, 16.17409861624351], [74.8409721633673, 16.172291271053684], [74.84284307397928, 16.17229266057691], [74.84284378862056, 16.171388637279858], [74.8419083375455, 16.171387944614505]]], [[[74.80262212926475, 16.16864307626338], [74.80168669315616, 16.16864220699138], [74.80168398808229, 16.171354271273145], [74.8035548858755, 16.171356006013585], [74.80355577911716, 16.170451984560906], [74.80449122384555, 16.170452845714404], [74.80449211277731, 16.169548824134317], [74.80355667230211, 16.16954796303152], [74.80355845850181, 16.167739919742633], [74.80262302658886, 16.16773905463153], [74.80262212926475, 16.16864307626338]]], [[[74.82694270049726, 16.16956825753928], [74.82507181703639, 16.169566728513594], [74.82506943080017, 16.17227879618631], [74.82694033978188, 16.172280325482078], [74.82881436245732, 16.168665747234016], [74.82694348730244, 16.16866423473828], [74.82694270049726, 16.16956825753928]]], [[[74.82319610980396, 16.174989317156104], [74.8231969139272, 16.17408529499637], [74.82413237679994, 16.17408607001287], [74.82413317661783, 16.17318204773079], [74.822262259432, 16.173180493677858], [74.82226064272774, 16.17498853798232], [74.82319610980396, 16.174989317156104]]], [[[74.80074763321191, 16.17225741895931], [74.80074400839838, 16.1758735030817], [74.8016794784805, 16.17587437687508], [74.80168038051539, 16.174970355908144], [74.80355131234158, 16.174972091057104], [74.803553099222, 16.173164048688783], [74.80261764178918, 16.173163183272017], [74.8026185393983, 16.172259162023717], [74.80074763321191, 16.17225741895931]]], [[[74.81103676070401, 16.17317082402085], [74.81103504189396, 16.174978867186862], [74.81384144138393, 16.17498134039318], [74.81384059466147, 16.175885362006678], [74.81477606552082, 16.175886178233508], [74.81384398122876, 16.172269275092372], [74.81290852744078, 16.17226845494677], [74.8129076766256, 16.173172476742145], [74.81103676070401, 16.17317082402085]]], [[[74.81664867526283, 16.174079754760943], [74.81758413777249, 16.174080558557424], [74.81758247841876, 16.17588860224256], [74.81945424180813, 16.174986175790945], [74.81852042567839, 16.17317733623776], [74.81664950911495, 16.17317573285061], [74.81664867526283, 16.174079754760943]]], [[[74.86248201635627, 16.180442471197214], [74.86528850015742, 16.18044426660911], [74.86528972592016, 16.178636219506824], [74.86248326765548, 16.178634424306225], [74.86248201635627, 16.180442471197214]]], [[[74.81570482881493, 16.183119161260603], [74.81570650603896, 16.18131111899303], [74.81477100959157, 16.1813103065913], [74.81477185238019, 16.180406285390195], [74.81290171940648, 16.17950062716147], [74.81290342173924, 16.17769258456818], [74.81196794247727, 16.177691760020494], [74.8110290243397, 16.18130701585084], [74.81196452057148, 16.181307844705987], [74.81196280929274, 16.183115886588233], [74.8128983140925, 16.183116711427086], [74.8128974626289, 16.184020732301605], [74.81663699577297, 16.186736053448357], [74.81663866490702, 16.184928011699753], [74.81757417848904, 16.18492881606404], [74.8175750087191, 16.18402479502727], [74.81570482881493, 16.183119161260603]]], [[[74.79980034087167, 16.18400880949742], [74.79980216294356, 16.18220076907449], [74.79886666318569, 16.182199886693926], [74.7988675783916, 16.18129586641923], [74.79699658756377, 16.181294089421925], [74.79699381623011, 16.18400614970204], [74.79980034087167, 16.18400880949742]]], [[[74.82411957280573, 16.18855041609004], [74.82412037343634, 16.187646395035884], [74.82224932004866, 16.187644839519137], [74.82038071955017, 16.18493120447092], [74.8194452058109, 16.184930412449624], [74.8185080400214, 16.186737658251396], [74.81663699577297, 16.186736053448357], [74.8166361611265, 16.1876400742075], [74.81944274035288, 16.187642475381068], [74.82224608314924, 16.19126092290911], [74.82411717060901, 16.191262478791838], [74.82411636977515, 16.192166499538867], [74.82505191784108, 16.192167271351575], [74.82505351093887, 16.190359229689964], [74.82598905053622, 16.190359997296106], [74.82598984275018, 16.189455976304977], [74.82411957280573, 16.18855041609004]]], [[[74.8353481968662, 16.185847339075035], [74.83628371570853, 16.18584806119505], [74.83628446083533, 16.184944039339477], [74.83347791722471, 16.184941860763843], [74.83254392695463, 16.183133082744597], [74.83067291524753, 16.183131601734697], [74.83067060337338, 16.18584366675617], [74.8316061219752, 16.18584440944912], [74.83160535551073, 16.18674843101311], [74.83347640137619, 16.186749904141895], [74.83347564337978, 16.18765392571578], [74.83254011616451, 16.18765319116559], [74.83347185267615, 16.192174032433567], [74.83253630416512, 16.192173297667352], [74.83159922204386, 16.19398060076115], [74.83627700743925, 16.1939842544405], [74.83627775299169, 16.193080233275918], [74.8372133059535, 16.193080951619244], [74.83721404719866, 16.192176930335624], [74.83627849849681, 16.192176212034532], [74.8353481968662, 16.185847339075035]]], [[[74.78108221482783, 16.191222528084243], [74.7820177560172, 16.191223489187806], [74.78201676349863, 16.192127507641924], [74.78388785458526, 16.192129417613437], [74.78389179020786, 16.188513342886843], [74.78295626167012, 16.188512390183348], [74.78108221482783, 16.191222528084243]]], [[[74.79418167121878, 16.189427570415454], [74.79418260818366, 16.188523551018193], [74.79511813745268, 16.188524454338545], [74.79418448193505, 16.186715511993302], [74.79231344060938, 16.186713693220764], [74.79231249524683, 16.18761771266462], [74.79044049170484, 16.188519896584108], [74.7913712714249, 16.193040911779626], [74.79324237225833, 16.193042739534032], [74.79324143073599, 16.193946758493905], [74.79417698550262, 16.19394766624977], [74.79417885996746, 16.192139628146457], [74.79511440627344, 16.192140531679335], [74.79511627198143, 16.19033249316254], [74.79324519646697, 16.190330682193558], [74.7932461377504, 16.189426662926458], [74.79418167121878, 16.189427570415454]]], [[[74.84189251130746, 16.191276438528796], [74.84189323116141, 16.19037241688405], [74.8400221503771, 16.190371017493046], [74.84002069358526, 16.19217906054117], [74.84095624247357, 16.19217976237712], [74.8409555182683, 16.19308378382728], [74.84469773131825, 16.193086550170815], [74.8446984384836, 16.192182528557996], [74.84376288941313, 16.19218184318721], [74.8437643121284, 16.19037379981182], [74.84189251130746, 16.191276438528796]]], [[[74.8241155688905, 16.193070520209105], [74.82411236484374, 16.196686602122043], [74.825982711015, 16.197592162460605], [74.8259835036311, 16.196688142083854], [74.82691907310033, 16.196688905888532], [74.82692143786468, 16.193976844162716], [74.82598588117779, 16.19397608049275], [74.8259866735928, 16.193072059808777], [74.8241155688905, 16.193070520209105]]], [[[74.85872267034102, 16.204848618812118], [74.85872395789255, 16.203040576355587], [74.85685275622804, 16.203039324103578], [74.8568534084685, 16.20213530283367], [74.85872460160708, 16.202136555012082], [74.85872653250576, 16.19942449052065], [74.8577909487032, 16.199423866600952], [74.85685927677154, 16.193999107947942], [74.85592371861867, 16.193998476014716], [74.85592437470584, 16.193094454013917], [74.8531177132788, 16.193092533626437], [74.85311838210433, 16.192188511661772], [74.85124796052048, 16.19128318893228], [74.85218754304269, 16.185859707702246], [74.85031650386668, 16.185858399243916], [74.85031718512624, 16.184954376780208], [74.84657442603569, 16.18585573295204], [74.84657372770053, 16.186759755182138], [74.8456382040948, 16.186759078282847], [74.84563609604753, 16.189471144393142], [74.84657163242915, 16.18947182141188], [74.84563328469356, 16.19308723146537], [74.8521821595543, 16.19309188526419], [74.85124389606084, 16.196707319570194], [74.8521794667853, 16.196707972202447], [74.85311369943466, 16.19851666380179], [74.8549848581419, 16.19851794862981], [74.85498353690244, 16.20032599155823], [74.85591912484307, 16.200326627870044], [74.85591321556288, 16.20846281758181], [74.85778511653591, 16.207560057670893], [74.85778641286073, 16.20575201574871], [74.8568507992585, 16.205751387452352], [74.85685145162304, 16.204847366412924], [74.85872267034102, 16.204848618812118]]], [[[74.83533920054107, 16.1966955948437], [74.83534070040426, 16.194887552983477], [74.83253249095628, 16.196693402249384], [74.83253172816939, 16.197597422935385], [74.83346730224427, 16.197598157960858], [74.83346578504877, 16.199406199188843], [74.83627402475655, 16.197600338330872], [74.83627477049818, 16.19669631747348], [74.83533920054107, 16.1966955948437]]], [[[74.84094464967528, 16.206644096362812], [74.84094609941843, 16.204836055690127], [74.83907488235953, 16.204834646742896], [74.83907561568914, 16.203930626374092], [74.83439759517776, 16.203927032122923], [74.83439910432828, 16.202118991577247], [74.83346350889464, 16.20211826045466], [74.83346426766079, 16.201214240109547], [74.83159231817194, 16.20211678585266], [74.83159078344298, 16.20392482613906], [74.83252638730626, 16.203925565586445], [74.83252333431993, 16.207541645410974], [74.83345895528716, 16.207542380911786], [74.83345819618415, 16.208446400719], [74.83719995549808, 16.2093533215895], [74.83813706083977, 16.207545996609852], [74.84000830339012, 16.207547414046278], [74.84000903259492, 16.206643393866482], [74.84094464967528, 16.206644096362812]]], [[[74.82878163131397, 16.206634642538212], [74.82878397214611, 16.203922583080363], [74.82784836847908, 16.20392182715528], [74.82784915292073, 16.20301780722674], [74.82597795426257, 16.203016283107885], [74.82597874718033, 16.202112263192078], [74.82410755724915, 16.202110722687046], [74.82409873857381, 16.21205493653829], [74.82597002231923, 16.212056478039298], [74.82597081573985, 16.21115245889203], [74.8269064534225, 16.211153223415224], [74.82690960954227, 16.20753714587785], [74.82878163131397, 16.206634642538212]]], [[[74.83719847117337, 16.211161361160524], [74.83906901404859, 16.21206680692681], [74.83906974775022, 16.21116278717282], [74.84000538610854, 16.211163493996917], [74.8400068448418, 16.209355454175316], [74.83813558523264, 16.209354036572325], [74.83719847117337, 16.211161361160524]]], [[[74.78573551583125, 16.21382773633504], [74.78292857198325, 16.21382488588315], [74.78292956174735, 16.21292086921728], [74.7810592729272, 16.212014931788733], [74.78105827469413, 16.212918948418675], [74.77918698789401, 16.212917011132923], [74.77731265507366, 16.215627106102776], [74.7810552796153, 16.215630997847093], [74.78105428112914, 16.21653501416941], [74.78573258456252, 16.216539786373474], [74.78573160734909, 16.217443802899126], [74.78666727248984, 16.21744474502698], [74.78854149600808, 16.214734566610236], [74.7857345388036, 16.214731753091428], [74.78573551583125, 16.21382773633504]]], [[[74.85216329581999, 16.218404468018562], [74.85216397010151, 16.217500448243452], [74.8512283012979, 16.21749979472863], [74.85122965826703, 16.215691755024487], [74.85497229959952, 16.21569434404119], [74.85590664574052, 16.217503021071934], [74.85964868190483, 16.218409548004537], [74.86058562705743, 16.21660212415173], [74.86245695700028, 16.216603344524984], [74.86245758425912, 16.215699324189945], [74.86432952451248, 16.21479650751851], [74.86433138033392, 16.21208444560945], [74.86246009289691, 16.212083242081054], [74.86245946579709, 16.21298726272358], [74.86152381787213, 16.21298665474122], [74.8615244492379, 16.212082634134408], [74.84748979930613, 16.21207302033917], [74.84748910395132, 16.212977040381265], [74.84561780949123, 16.21297568839487], [74.84561710555994, 16.213879708280682], [74.84468145413048, 16.21387902606462], [74.84467720400295, 16.219303143524552], [74.84561288103527, 16.219303825981033], [74.84561358523426, 16.218399806556533], [74.8484206037944, 16.218401829065872], [74.84842129514612, 16.217497809445714], [74.85216329581999, 16.218404468018562]]], [[[74.82503039123145, 16.21657580370695], [74.82502959324178, 16.21747982234775], [74.82783659588482, 16.217482116860488], [74.8278389512992, 16.214770060303184], [74.82503039123145, 16.21657580370695]]], [[[74.79134464744253, 16.21835341059819], [74.79134369571176, 16.219257427298324], [74.79321504385551, 16.219259258169913], [74.793217873262, 16.21654720751626], [74.79228221196257, 16.216546294303097], [74.79228315924547, 16.215642277318352], [74.79041184536085, 16.215640438631706], [74.79040897772872, 16.218352489031265], [74.79134464744253, 16.21835341059819]]], [[[74.83531592832414, 16.22472020437169], [74.83625163050789, 16.224720928318646], [74.83718881847531, 16.222913610876322], [74.8399958998341, 16.22291574534157], [74.83999516979696, 16.223819764137478], [74.84093086794525, 16.223820467418136], [74.84093377074123, 16.220204391607915], [74.839998089668, 16.220203688492386], [74.83999881952013, 16.219299669388835], [74.83812746604883, 16.21929825086969], [74.83812968093305, 16.216586193347556], [74.84187233685012, 16.21658901339481], [74.84187522110857, 16.21297293495976], [74.83906828030045, 16.212970826603925], [74.839066078777, 16.215682885174008], [74.83719475953824, 16.21568145874286], [74.83719550195937, 16.21477743938015], [74.83532494234927, 16.21387197718857], [74.83532193843575, 16.21748805414667], [74.83438627044747, 16.217487326416602], [74.83531818247297, 16.22200814861414], [74.8325111146308, 16.222005952410093], [74.83157158290518, 16.226525303776175], [74.83063587242246, 16.226524559116825], [74.8306335535019, 16.229236613072104], [74.83156927679615, 16.229237357862576], [74.83157004554785, 16.228333339910716], [74.83344148374057, 16.22833481702635], [74.83531592832414, 16.22472020437169]]], [[[74.7997620239171, 16.221977587397518], [74.80069771129448, 16.221978467938634], [74.80069862052045, 16.221074450941433], [74.79976293741166, 16.221073570452017], [74.7997620239171, 16.221977587397518]]], [[[74.79602206651873, 16.219261973551063], [74.79601927498906, 16.221974023990757], [74.7997592830862, 16.224689637772443], [74.7997620239171, 16.221977587397518], [74.79789064933625, 16.2219758139426], [74.79789249334124, 16.220167780182894], [74.79602206651873, 16.219261973551063]]], [[[74.81940652635852, 16.22741931893626], [74.81940817464101, 16.225611283821998], [74.8212795859078, 16.225612867933595], [74.82128040143137, 16.22470885016807], [74.8222161028727, 16.224709635989907], [74.82221772522631, 16.22290160013582], [74.82128203232354, 16.222900814406245], [74.82128284769215, 16.22199679640994], [74.81847578210147, 16.221994414614034], [74.81753676358305, 16.225609683209495], [74.81660105813303, 16.22560887671542], [74.81566367029284, 16.22741610083264], [74.81379224257863, 16.227414467026602], [74.81285823686582, 16.225605609486895], [74.81379394210215, 16.22560643248185], [74.81379564141038, 16.223798397629352], [74.81473133816147, 16.22379921640296], [74.81473218346572, 16.222895198813248], [74.81379649098378, 16.222894380087695], [74.81379818996908, 16.22108634477362], [74.81192682224186, 16.221084695142757], [74.81192510618163, 16.222892730263123], [74.80818233723186, 16.222889381120122], [74.80818058680005, 16.224697415539552], [74.80724488616201, 16.224696567843072], [74.80724136755272, 16.228312635559632], [74.8044342147331, 16.228310067117448], [74.80443242946883, 16.23011810021255], [74.80630388170937, 16.230119816834748], [74.80630476582773, 16.22921580022494], [74.81098337604911, 16.229220019320458], [74.81098251328586, 16.230124036177862], [74.81378969288963, 16.230126518266637], [74.81378884288563, 16.23103053519274], [74.81472457379954, 16.231031354350876], [74.81472711083694, 16.228319303197505], [74.81753426545966, 16.228321735483636], [74.81753343264636, 16.229225752754463], [74.81846915523055, 16.229226555311705], [74.81847081226312, 16.227418520598913], [74.81940652635852, 16.22741931893626]]], [[[74.80162796778104, 16.227403445031786], [74.80069043541282, 16.229210601146463], [74.80256097745445, 16.230116367084694], [74.80256187865689, 16.22921235067732], [74.80349760036466, 16.229213219253484], [74.8035002908181, 16.226501169416718], [74.80162796778104, 16.227403445031786]]], [[[74.83063123414068, 16.231948666334873], [74.82875976207143, 16.23194716411089], [74.82875819849782, 16.233755199058333], [74.82969394305182, 16.233755952322173], [74.82969316546317, 16.234659969724646], [74.8306289143388, 16.234660718905022], [74.83063123414068, 16.231948666334873]]], [[[74.83156389417086, 16.235565481370912], [74.83437115405377, 16.23556769189281], [74.83437266655496, 16.233759656730165], [74.83250194173118, 16.23285416973866], [74.83250117700815, 16.233758187349224], [74.83156543230726, 16.23375744646762], [74.83156389417086, 16.235565481370912]]], [[[74.8240770666541, 16.23646342199802], [74.82407867325279, 16.234655387961595], [74.82314292472749, 16.234654609887635], [74.82314373222293, 16.23375059279961], [74.82782324007701, 16.23285042427627], [74.82688908045591, 16.23104162787914], [74.82501761732803, 16.23104009272981], [74.82501601967965, 16.23284812747278], [74.82408027964802, 16.232847353617284], [74.82408108276937, 16.23194333632968], [74.82220961140263, 16.23194177632872], [74.82220798802116, 16.233749810643896], [74.82127224387078, 16.233749024360776], [74.82127305985935, 16.232845007287796], [74.81940158025812, 16.232843422432325], [74.81939993114031, 16.23465145631532], [74.82033567945946, 16.234652250899874], [74.8203348590949, 16.235556267772534], [74.8193991065031, 16.23555547314136], [74.81939828181365, 16.236459489890432], [74.81752676824108, 16.236457888150476], [74.81752593495303, 16.2373619047286], [74.81846169598627, 16.237362707709742], [74.81846086691894, 16.238266724257976], [74.82033239768955, 16.23826831792863], [74.82126979559509, 16.236461075117866], [74.8240770666541, 16.23646342199802]]], [[[74.80723168677997, 16.238256815430884], [74.80723256712886, 16.23735279946385], [74.80629680674656, 16.237351946942336], [74.8062959221242, 16.238255962859363], [74.80442439298098, 16.23825424533053], [74.80349042332267, 16.236445348765116], [74.80629769131292, 16.236447930948316], [74.80630034467596, 16.233735882504348], [74.80817270711219, 16.232833566618215], [74.8081744585421, 16.23102553358388], [74.80630299753501, 16.2310238333676], [74.80536371277006, 16.234639042230192], [74.80442796531877, 16.234638181603437], [74.80442707231914, 16.23554219765069], [74.80255556904119, 16.235540463912596], [74.80255737207392, 16.23373243194453], [74.80068588611432, 16.23373068190031], [74.80068770600657, 16.23192264982968], [74.79975197165699, 16.2319217687199], [74.79881807411273, 16.23011285131199], [74.79601089721618, 16.230110171155147], [74.7960118283157, 16.229206155111356], [74.79507610707209, 16.229205253525837], [74.79507517170157, 16.230109269516714], [74.79320372085033, 16.230107453860633], [74.7922642021796, 16.233722602396075], [74.79413568708496, 16.233724426733087], [74.79413662696453, 16.232820411103248], [74.79507236523455, 16.232821317027547], [74.79507142962706, 16.233725332710538], [74.7969419877667, 16.2346311479949], [74.79693642380175, 16.240055240647663], [74.80348593582501, 16.240965427207886], [74.80348503815502, 16.241869442665436], [74.80629238307473, 16.241872025757505], [74.80722992591497, 16.240064847133976], [74.80910147248886, 16.24006654008979], [74.80909972849854, 16.24187457168346], [74.81284371142637, 16.240973892483385], [74.81284200152307, 16.242781924314393], [74.81377778793467, 16.242782748227256], [74.81471526720466, 16.24097553598652], [74.81565104517432, 16.240976351544084], [74.81564936091911, 16.242784383663526], [74.81752093411679, 16.242786002580512], [74.81752176772139, 16.241881986464357], [74.8184575501247, 16.241882789681014], [74.81846086691894, 16.238266724257976], [74.81752510161222, 16.238265921229736], [74.81752593495303, 16.2373619047286], [74.81284713058359, 16.237357827897355], [74.811913087671, 16.235548967488164], [74.80910583149878, 16.23554645975818], [74.8091032162584, 16.238258508188125], [74.80723168677997, 16.238256815430884]]], [[[74.89990865516636, 16.166902988672117], [74.89990956511093, 16.165094937021525], [74.89242617730372, 16.165091288146257], [74.89242568833053, 16.165995313794983], [74.8905543356715, 16.166898385945238], [74.89055284295605, 16.169610462033017], [74.89335820697825, 16.17141993676251], [74.89429558257494, 16.16780430190123], [74.89897276381426, 16.167806572576723], [74.89897322308235, 16.16690254689243], [74.89990865516636, 16.166902988672117]]], [[[74.90177817980353, 16.169615936957644], [74.90177862637097, 16.16871191134937], [74.89897230451699, 16.168710598184344], [74.89897138583493, 16.170518649169594], [74.89990683493038, 16.17051909105334], [74.89990501423196, 16.174135192207753], [74.9008404803721, 16.174135630084074], [74.90084093133571, 16.173231604884716], [74.90271185519293, 16.17323246825205], [74.90271229761974, 16.172328442925185], [74.90084138227068, 16.17232757960868], [74.9008427349038, 16.16961550332048], [74.90177817980353, 16.169615936957644]]], [[[74.88399945628076, 16.17864724159353], [74.88400051166595, 16.176839192887094], [74.88493599004259, 16.176839700748406], [74.8858725066836, 16.175032155365173], [74.88867891657982, 16.175033641764227], [74.8886794228821, 16.17412961699552], [74.8877439571388, 16.17412912566982], [74.88774497815534, 16.172321075960166], [74.89055134995616, 16.17232253743073], [74.89055284295605, 16.169610462033017], [74.88961739841774, 16.16960997907248], [74.88868094159606, 16.171417542229253], [74.88587458275033, 16.171416056180156], [74.88587510168463, 16.17051203119218], [74.88400420445888, 16.170511019998525], [74.88400473186672, 16.16960699499341], [74.88026295483235, 16.169604923401884], [74.88026186595597, 16.17141297309149], [74.88119731867016, 16.17141349721649], [74.88213169941974, 16.173222066736543], [74.87558403715005, 16.17231431537701], [74.87558347135509, 16.173218339872186], [74.87464801034456, 16.173217791018047], [74.87558233965741, 16.17502638863245], [74.87371140065466, 16.17502528668321], [74.87371082624217, 16.17592931088343], [74.8727753525405, 16.175928753708433], [74.87277593120785, 16.17502472954101], [74.8718404617978, 16.175024168287095], [74.87184221034241, 16.17231209542372], [74.87277766698948, 16.172312656578534], [74.87277882399353, 16.170504607553426], [74.87464972038299, 16.170505717399386], [74.87465086022763, 16.168697667936865], [74.87558629997055, 16.168698216629462], [74.87558686558587, 16.167794191750872], [74.87184512384327, 16.16779197245101], [74.87184570643244, 16.16688794762644], [74.87091027534105, 16.16688738256029], [74.8709120356422, 16.164175307726403], [74.86810458185248, 16.165981637937943], [74.86716613571548, 16.170501179363388], [74.86529523992678, 16.170500003749343], [74.86529707722879, 16.16778793044971], [74.86342620711352, 16.167786738604207], [74.863425586213, 16.168690763043912], [74.86249014696168, 16.168690160921045], [74.86248952176875, 16.16959418524862], [74.86436040881678, 16.169595385455008], [74.86435917532532, 16.171403434021443], [74.86248827126379, 16.171402233673728], [74.86248702059999, 16.17321028179206], [74.86529340227469, 16.173212076358805], [74.86529278964618, 16.174116100408575], [74.86622825453689, 16.174116690409765], [74.8662258206539, 16.17773278598071], [74.86529033874316, 16.1777321958406], [74.86528972592016, 16.178636219506824], [74.86716069829158, 16.178637395743827], [74.86716130260325, 16.177733372008387], [74.87090323078161, 16.177735674994672], [74.87090381803327, 16.176831651046978], [74.87464572978651, 16.176833888102536], [74.87464515955651, 16.177737912181886], [74.87558064184141, 16.177738461197585], [74.87558120781601, 16.176834437085915], [74.87932366920867, 16.175932567582198], [74.8793231202906, 16.176836591897395], [74.88025859849704, 16.176837120319757], [74.88025750906742, 16.17864516878222], [74.87651500061689, 16.179547054158164], [74.87557837758368, 16.181354556877093], [74.87744937630973, 16.181355642826727], [74.88025369497436, 16.18497333598415], [74.88493127806244, 16.184975917779703], [74.88493180174872, 16.184071893972025], [74.88680334184176, 16.183168873886995], [74.88680591704347, 16.178648753018724], [74.88399945628076, 16.17864724159353]]], [[[74.90458147724127, 16.175945390844387], [74.9045810432124, 16.176849415914337], [74.90551652225771, 16.176849833306875], [74.90551695203142, 16.175945808212354], [74.90458147724127, 16.175945390844387]]], [[[74.89990000492644, 16.184079464054683], [74.89989954936156, 16.184983488307726], [74.89896403217703, 16.184983046007687], [74.89802758677321, 16.186790647764553], [74.90177013673903, 16.18588838479221], [74.90177147788809, 16.183176311879166], [74.89990000492644, 16.184079464054683]]], [[[74.91954651489559, 16.182279751720728], [74.91767550499318, 16.182279035937565], [74.91767587959234, 16.18137501100596], [74.91674037893347, 16.18137464696528], [74.91674000007751, 16.182278671875462], [74.91299798065802, 16.18227717449022], [74.9129967928579, 16.184989248496105], [74.90925430973736, 16.185891709439247], [74.9092534836285, 16.187699758055405], [74.90738242318315, 16.187698951486627], [74.9073828447675, 16.18679492726436], [74.90644731884323, 16.186794517831363], [74.9064481704477, 16.184986469204777], [74.91019105767687, 16.183180032934384], [74.90925843870912, 16.176851461754776], [74.91112939709313, 16.176852251305373], [74.91112899282477, 16.177756276465498], [74.91206447631085, 16.17775666509533], [74.91206607621017, 16.174140563903148], [74.91300154270151, 16.174140948329992], [74.91393622633815, 16.175949379484848], [74.91580755940697, 16.17504610244366], [74.91580870808868, 16.172334025707148], [74.91487325003123, 16.17233365365862], [74.91393857467936, 16.170525226046088], [74.9130031251787, 16.170524845820292], [74.9130027295971, 16.171428871562735], [74.90926091483425, 16.171427309462253], [74.90926050221223, 16.172331335036056], [74.90738958647931, 16.172330529273733], [74.90738916532293, 16.173234554723418], [74.90551781149695, 16.174137757793236], [74.90551695203142, 16.175945808212354], [74.90832337656448, 16.175947035644377], [74.9083225425216, 16.177755085901204], [74.90738705913981, 16.177754680821497], [74.90645072461261, 16.17956232148349], [74.90457974096047, 16.179561490663975], [74.9045810432124, 16.176849415914337], [74.9017737125691, 16.17865618882289], [74.90177505303727, 16.175944114068592], [74.90083957835897, 16.1759436802527], [74.90084002937985, 16.17503965520673], [74.89709814797529, 16.175037878927935], [74.89709767993484, 16.175941903869354], [74.89522625431952, 16.176845015816806], [74.89616078833649, 16.178653523777367], [74.89803176296361, 16.178654428576692], [74.89802990717351, 16.18227052676079], [74.90364293390608, 16.182273143069587], [74.90364249542726, 16.183177167577746], [74.90457800423873, 16.183177589256164], [74.9045775699894, 16.1840816137124], [74.9036420569206, 16.184081192009174], [74.90364117982378, 16.185889240641835], [74.90457670140805, 16.18588966239468], [74.90364030261563, 16.18769728896753], [74.90551093271633, 16.188602152554445], [74.90551007237751, 16.190410200518414], [74.90644561531, 16.190410614163607], [74.90644518935915, 16.19131463805478], [74.91299402044469, 16.191317418490655], [74.9129948126884, 16.189509370304528], [74.91393035157033, 16.189509751000468], [74.91486511527081, 16.191318175856], [74.91673621019532, 16.191318916756952], [74.91673583107482, 16.192222940822987], [74.91767138283305, 16.192223305120727], [74.9157991290539, 16.194934644081425], [74.91954175366847, 16.194032069396037], [74.91954065436593, 16.196744140863547], [74.91860508125751, 16.1967437846938], [74.91860471051545, 16.197647808341806], [74.91673355584666, 16.19764708360704], [74.91673203854678, 16.20126317726075], [74.91766763291754, 16.20126354177272], [74.91860248556928, 16.203071948617207], [74.9195380885131, 16.20307230493353], [74.91953992138136, 16.198552188124655], [74.92141108471374, 16.19855288819378], [74.92234737382957, 16.196745184667446], [74.92421852025127, 16.196745859948923], [74.92421886540309, 16.19584183610213], [74.92515443438582, 16.195842167547045], [74.92328434454814, 16.19312942859807], [74.92702690167884, 16.1922267216991], [74.92609202271923, 16.190418349949333], [74.9242209358543, 16.190417691409206], [74.92422128085288, 16.189513667025054], [74.92702856278329, 16.18770659948971], [74.92702955919302, 16.18499452524315], [74.92890059508258, 16.184995158864435], [74.92890027148285, 16.1858991837273], [74.93077131597032, 16.18589980092724], [74.93077163105428, 16.184995776028067], [74.93170714907029, 16.184996078438264], [74.9326420539501, 16.186804426526322], [74.93451340518305, 16.18590098595123], [74.93451370323551, 16.184996960982346], [74.93357818516115, 16.1849966709154], [74.93357848745231, 16.18409264588685], [74.93170745987665, 16.184092053444562], [74.9317077706633, 16.183188028374143], [74.93545039632059, 16.1813811462248], [74.9354512773687, 16.178669069886737], [74.93451578907306, 16.17866878405196], [74.93451608697418, 16.177764758469348], [74.93545157101413, 16.17776504428731], [74.93545215824903, 16.17595699285835], [74.93638763379698, 16.17595727453067], [74.93638850174561, 16.173245196762323], [74.93358211344976, 16.17324433956076], [74.93358150930867, 16.175052391382092], [74.93264603807238, 16.175052097391088], [74.93264634440715, 16.174148071536067], [74.93077541050246, 16.174147471254145], [74.93077572532653, 16.173243445357773], [74.92890480001054, 16.17324282866611], [74.9289051233228, 16.172338802729364], [74.92796966494957, 16.172338488235145], [74.92797064752386, 16.169626410020406], [74.92516431081205, 16.169625442042577], [74.9251629496271, 16.173241545947565], [74.92609841219121, 16.173241872794097], [74.9260980760953, 16.174145898597892], [74.92516260927682, 16.174145571732122], [74.92516192851144, 16.175953623071166], [74.9232909779205, 16.17595295692668], [74.92329062899505, 16.176856982441958], [74.9223551494775, 16.176856643181754], [74.92235373653072, 16.180472744395985], [74.92141824001219, 16.180472400942723], [74.92141859753877, 16.179568375774434], [74.91954761308257, 16.179567676569445], [74.91954651489559, 16.182279751720728]], [[74.9279683545593, 16.17595459144796], [74.92796802690972, 16.176858617059445], [74.9251609072013, 16.17866569950453], [74.92516192851144, 16.175953623071166], [74.9279683545593, 16.17595459144796]]], [[[74.9345122127841, 16.189517085059382], [74.93357667341762, 16.18951679490711], [74.9335772781726, 16.187708745540647], [74.93264174734298, 16.187708451307365], [74.9326414407164, 16.188612476011663], [74.92983483556927, 16.188611568567598], [74.92983419670315, 16.190419617639215], [74.93170528381779, 16.190420226788955], [74.93170466190914, 16.1922282756252], [74.92983355775594, 16.192227666403813], [74.92983227961831, 16.195843763011855], [74.9307678487267, 16.195844069752862], [74.93170279570968, 16.197652420291583], [74.93357425363023, 16.196748989302733], [74.9335748586922, 16.194940941164425], [74.93263929378548, 16.194940646792684], [74.93264052071989, 16.191324549664074], [74.93451161647111, 16.191325134152986], [74.9345122127841, 16.189517085059382]]], [[[74.87088147625325, 16.21118450709737], [74.8690119881821, 16.208471297990346], [74.86620510768529, 16.208469548750944], [74.86620388788386, 16.21027759085483], [74.86339698214502, 16.210275804319508], [74.86433138033392, 16.21208444560945], [74.86807455714228, 16.211182782278033], [74.86807395567625, 16.2120868032066], [74.86900959960782, 16.212087382301796], [74.86900840509357, 16.213895423996373], [74.87087971013435, 16.213896569956457], [74.8708791213534, 16.21480059075576], [74.87275043507643, 16.21480172029368], [74.8727498547917, 16.215705741082445], [74.87368551597528, 16.215706299700656], [74.8736866679747, 16.213898257980638], [74.87555797338456, 16.21389936271946], [74.87555854079707, 16.212995341679264], [74.87462289234023, 16.21299479140324], [74.87462403558898, 16.211186749156905], [74.87088147625325, 16.21118450709737]]], [[[74.96163516737774, 16.229300735411275], [74.9616353424835, 16.22839671374015], [74.9625710656915, 16.22839688084511], [74.96257157813129, 16.22568481534087], [74.96070015734836, 16.225684477064476], [74.95882817292714, 16.228396187669002], [74.9560210034779, 16.228395624463456], [74.95602120419616, 16.227491602779345], [74.95414976650098, 16.227491206702013], [74.9541499757472, 16.226587184964245], [74.95321426118966, 16.22658698074886], [74.95321447469267, 16.225682958946173], [74.95415018498015, 16.22568316314957], [74.95415039419984, 16.224779141258], [74.95321468818216, 16.22477893706659], [74.95321511512057, 16.22297089307674], [74.9541508125995, 16.22297109724418], [74.95415123094611, 16.221163052922815], [74.95321554200487, 16.221162848779343], [74.95321575542674, 16.220258826515327], [74.94947301687341, 16.220257968750747], [74.94947370827259, 16.21754590164855], [74.946666692921, 16.217545215145496], [74.94666693616023, 16.21664119266467], [74.94292426631124, 16.21664021966051], [74.94292452660336, 16.21573619715997], [74.9410532003109, 16.215735685950563], [74.94105346912015, 16.214831663403185], [74.94292504713813, 16.213928151928314], [74.94292608800976, 16.21031206054283], [74.94386172558407, 16.21031230987568], [74.94479912436375, 16.20398439200137], [74.9429279089001, 16.203983897660237], [74.94292816896134, 16.203079874084036], [74.94105696209024, 16.203079363294915], [74.94105723066102, 16.20217533967193], [74.93825043327185, 16.202174542640634], [74.93825071461384, 16.201270518987698], [74.9373151197822, 16.20127024508866], [74.93731540536884, 16.200366221375013], [74.938250995938, 16.200366495257946], [74.9382515585328, 16.19855844756808], [74.93731597648777, 16.198558173717345], [74.93731626202008, 16.197654149773328], [74.93638068425481, 16.19765387182088], [74.93638039446085, 16.198557895748557], [74.93170248460738, 16.198556444133928], [74.93170186234357, 16.200364491588253], [74.93076627190686, 16.2003641888756], [74.93076595648289, 16.201268212469785], [74.934508335397, 16.201269398678928], [74.93450773859207, 16.203077445776326], [74.93544334189436, 16.203077732065324], [74.9354427535406, 16.20488577888915], [74.93357122716877, 16.205789225386905], [74.93357092441707, 16.206693248572897], [74.93450654475518, 16.206693539049425], [74.93450594772318, 16.208501585225065], [74.93544157660924, 16.208501871615017], [74.93543981065255, 16.213926008398897], [74.93637546515077, 16.21392629076765], [74.9363751750259, 16.21483031331259], [74.93918215142946, 16.21483113573416], [74.93918187408659, 16.215735158250553], [74.94105293148463, 16.21663970842108], [74.94105239378095, 16.218447753131535], [74.94573052610738, 16.21935302276807], [74.94573027855375, 16.220257045004374], [74.9476016476833, 16.220257515125283], [74.94760140865083, 16.221161537312305], [74.95134394219042, 16.222066450282526], [74.95134372020355, 16.222970472368086], [74.95227941765516, 16.22297068478471], [74.952278982178, 16.224778728750096], [74.95134327618764, 16.224778516308536], [74.95134283211546, 16.226586559941406], [74.95040711759933, 16.22658634334935], [74.95040689127183, 16.227490365037717], [74.95227811105816, 16.228394815758115], [74.95227767541546, 16.230202858800673], [74.95321340704238, 16.230203067190534], [74.95321319347175, 16.231107088608674], [74.95508466530872, 16.231107493032543], [74.95508446026793, 16.232011514397485], [74.9560202004777, 16.232011710430765], [74.95602040124682, 16.231107689054323], [74.9588276091363, 16.23110825235903], [74.95882779707848, 16.230204230872598], [74.96069926052195, 16.23020458575439], [74.96069943990996, 16.229300564170227], [74.96163516737774, 16.229300735411275]]], [[[74.93450355883814, 16.215733766854186], [74.93450415617296, 16.21392572190798], [74.93169719284889, 16.213924837702265], [74.93169656991407, 16.2157328825446], [74.93076090697849, 16.215732579529448], [74.93076122272257, 16.2148285571645], [74.92795424683739, 16.21482762343801], [74.92795326114145, 16.217539690137745], [74.92888893255059, 16.217540005557876], [74.92888860821125, 16.21844402765591], [74.93356698689793, 16.218445542998616], [74.9335672898992, 16.2175415208116], [74.93543892742233, 16.216638075753398], [74.93543922185106, 16.21573405337875], [74.93450355883814, 16.215733766854186]]], [[[74.88304266312448, 16.214807638002736], [74.88210700585479, 16.214807120641055], [74.88210754343777, 16.213903099458243], [74.88023623753388, 16.213902052429244], [74.8802356914179, 16.214806073550562], [74.87836437711945, 16.21480500997057], [74.8774276020856, 16.216612513820905], [74.87649193649061, 16.216611971661298], [74.87649249974395, 16.215707950819628], [74.87368551597528, 16.215706299700656], [74.87368436382984, 16.21751434111319], [74.87462003358426, 16.217514895673922], [74.87461946172436, 16.218418916297434], [74.8764908098768, 16.218420013114013], [74.87649024651635, 16.21932403372504], [74.87929728181561, 16.21932564811965], [74.8792978323725, 16.218421627413836], [74.88116918087785, 16.218422682997005], [74.88116972286468, 16.217518662152315], [74.88304159639013, 16.21661568019851], [74.88304266312448, 16.214807638002736]]], [[[74.95321618222992, 16.21845078175667], [74.95508732965764, 16.21935520828981], [74.95695927946457, 16.216643528287342], [74.953216608979, 16.21664273669054], [74.95321618222992, 16.21845078175667]]], [[[74.90268659040565, 16.22476178500341], [74.90455669359815, 16.227474697305418], [74.90642812915729, 16.227475530716728], [74.90642941017319, 16.22476346803278], [74.90830082022032, 16.22476428479714], [74.90829998331637, 16.22657232675924], [74.910171000598, 16.227477148029987], [74.91017182047428, 16.225669106127754], [74.9111075298597, 16.225669500095364], [74.91110955774988, 16.221149393878374], [74.91017386971059, 16.221149000026386], [74.91017427947996, 16.220244978575433], [74.91298212472223, 16.218438104420674], [74.91298331531281, 16.21572603893938], [74.91204765282882, 16.215725653471402], [74.9111128010382, 16.21391721993331], [74.91017714713863, 16.2139168262663], [74.91017550863229, 16.217532913761318], [74.9083041667759, 16.217532113872966], [74.90736765087198, 16.219339750888757], [74.90549629210447, 16.21933892616485], [74.90549586102036, 16.220242947573432], [74.9045601774093, 16.220242529001496], [74.90455974202946, 16.22114655030862], [74.90268836635354, 16.221145700743346], [74.90175178210232, 16.222953312007803], [74.89707330086607, 16.222951095042458], [74.8970742400095, 16.221143053069532], [74.89613855238804, 16.221142597356273], [74.89614092106537, 16.216622491212238], [74.89520525481325, 16.216622031509882], [74.89520573272571, 16.21571801007745], [74.8933344088467, 16.215717078358864], [74.89333489526243, 16.21481305690428], [74.8923992376358, 16.214812584888765], [74.89239874695328, 16.215716606315635], [74.89052742326002, 16.2157156498613], [74.89052792247611, 16.214811628490605], [74.88772094997452, 16.214810162975496], [74.88772043795812, 16.21571418426011], [74.88678477625537, 16.21571368748115], [74.88678374359084, 16.217521729761426], [74.88865508409754, 16.217522719312967], [74.88865457625138, 16.218426740395905], [74.88959025082072, 16.218427229015703], [74.88959075439931, 16.217523207904073], [74.89052642473297, 16.217523692372076], [74.89052592542198, 16.218427713512153], [74.89333294941451, 16.218429142261403], [74.89333100307331, 16.22204522638847], [74.89426669487258, 16.222045694501443], [74.89426573005517, 16.223853736158592], [74.89520143042314, 16.223854200201725], [74.89520047402272, 16.225662241605747], [74.89613618296023, 16.22566270157807], [74.8961357089846, 16.22656672219172], [74.89987810518785, 16.227472541575988], [74.89987856211232, 16.22656852093368], [74.90081427546727, 16.226568960305336], [74.90081563325771, 16.223856897839585], [74.90268659040565, 16.22476178500341]]], [[[74.91204364063049, 16.224765868825187], [74.91297855159233, 16.2265742967129], [74.91484997908069, 16.226575055815577], [74.91484959048111, 16.227479076841437], [74.91578530853265, 16.22747945022637], [74.91578453980108, 16.229287492091196], [74.9148488132081, 16.229287118662427], [74.91484842453467, 16.230191139457546], [74.91765561719973, 16.230192247430043], [74.91765674470851, 16.227480184618877], [74.91578569286193, 16.22657542917859], [74.91578646144744, 16.22476738685231], [74.91204364063049, 16.224765868825187]]], [[[74.97099257501787, 16.22839819911766], [74.97005685172223, 16.22839806914712], [74.97005698838153, 16.227494047319535], [74.96818555035769, 16.227493775016292], [74.96818569554898, 16.226589753127794], [74.96724998082107, 16.22658961079582], [74.96724983135944, 16.227493632675966], [74.9653783933916, 16.2274933356179], [74.96537855139387, 16.226589313755188], [74.96444283669516, 16.226589159046526], [74.96444234984651, 16.22930122437671], [74.96537807735703, 16.22930137911261], [74.96537760323011, 16.232013443777834], [74.96444186290536, 16.232013289014684], [74.96444170057107, 16.232917310406837], [74.97005630499855, 16.232014155688322], [74.97005644169245, 16.2311101341684], [74.96912070559206, 16.2311100000482], [74.96912098749645, 16.229301956793332], [74.97099244262081, 16.22930222087596], [74.97099257501787, 16.22839819911766]]], [[[74.92888374065453, 16.232004349899746], [74.92794800093114, 16.23200403418324], [74.9279483298505, 16.2311000132572], [74.92701259441961, 16.231099693432455], [74.92420677205959, 16.22748262503035], [74.92327105379869, 16.227482288777512], [74.92327035339858, 16.22929033097553], [74.92233462661842, 16.22928999055694], [74.92233427211397, 16.230194011520595], [74.91859134813605, 16.23019260850118], [74.91859097652357, 16.231096629305586], [74.92139746462207, 16.232905729324273], [74.92233178995417, 16.23652215611215], [74.92420331188981, 16.23652283314076], [74.92420261959292, 16.238330873839587], [74.92981723719828, 16.238332806074993], [74.92981755771632, 16.23742878565072], [74.93075332311625, 16.237429093221472], [74.93075458789396, 16.233813010682756], [74.92981883958558, 16.233812703184167], [74.92888374065453, 16.232004349899746]]], [[[74.9700558948649, 16.234726219786545], [74.96724893439092, 16.23291776234174], [74.96724863532567, 16.23472580494828], [74.96444105113116, 16.23653339520612], [74.96444072634951, 16.238341437144122], [74.96818380734486, 16.238342031678705], [74.96818366203401, 16.239246052567154], [74.96911943658036, 16.23924619088714], [74.96911915447954, 16.241054232449393], [74.97286228694558, 16.24105474449986], [74.97286241090289, 16.240150723727183], [74.97099098569959, 16.239246455140247], [74.9700558948649, 16.234726219786545]]], [[[74.93449429046419, 16.243758424188137], [74.93730282241825, 16.240143192074523], [74.934495487406, 16.24014234352521], [74.93449608576326, 16.23833430273196], [74.9335603160113, 16.238334011657972], [74.93356061943508, 16.237429991162983], [74.93075332311625, 16.237429093221472], [74.9298162755224, 16.241044866886064], [74.93168784053404, 16.241045478042476], [74.93168721641445, 16.242853518270042], [74.93075142534906, 16.24285321472095], [74.93075110898442, 16.243757234701476], [74.92887951836362, 16.24375661517723], [74.92794306464107, 16.245564338840293], [74.92887886847194, 16.245564654834695], [74.92887854349527, 16.24646867454795], [74.93168596793821, 16.246469597801475], [74.93168628008691, 16.245565578034093], [74.93449429046419, 16.243758424188137]]], [[[74.96818308069857, 16.24286213535137], [74.96818278997567, 16.244670176281684], [74.97099019058754, 16.24467057899645], [74.97099045565844, 16.242862538018915], [74.97005466399641, 16.242862407926324], [74.9700548007942, 16.24195838732973], [74.96818308069857, 16.24286213535137]]], [[[74.97192599080863, 16.244670704973895], [74.97192586253634, 16.245574725354583], [74.9709900580395, 16.245574599369753], [74.97098966034507, 16.248286660027773], [74.97473292969543, 16.248287139267482], [74.97473304516242, 16.247383119097037], [74.9756688582424, 16.247383228572108], [74.97566908060217, 16.245575187987416], [74.97192599080863, 16.244670704973895]]], [[[74.93262085239077, 16.24918195618377], [74.92981338939887, 16.249181045162675], [74.92981306861701, 16.250085064586237], [74.93168471914592, 16.250085676101087], [74.93168440689846, 16.250989695483486], [74.93262023647003, 16.250989995060692], [74.93262085239077, 16.24918195618377]]], [[[74.9719252210531, 16.250094826103265], [74.9700535693023, 16.25009456992787], [74.97005302174739, 16.25371064908078], [74.97192470772036, 16.253710905316236], [74.97192483606574, 16.252806885628505], [74.97379663329626, 16.251903105539807], [74.97379699259508, 16.24919104574141], [74.97192534936599, 16.249190806107507], [74.9719252210531, 16.250094826103265]]], [[[74.93542713496846, 16.252798907671135], [74.93542654456164, 16.25460694603442], [74.93636239132165, 16.254607229149638], [74.93636210036892, 16.255511248232338], [74.93916965359446, 16.255512072827937], [74.93916993171106, 16.254608053696906], [74.94010577854307, 16.254608320279882], [74.9401065999528, 16.25189626237782], [74.93542713496846, 16.252798907671135]]], [[[74.92513120453708, 16.257315615356955], [74.92513086217494, 16.258219633993484], [74.9288743169267, 16.258220923812843], [74.92887464217078, 16.25731690510075], [74.93074636111213, 16.25731752516994], [74.93074857734663, 16.25098939177418], [74.92981274781485, 16.250989083932787], [74.92981306861701, 16.250085064586237], [74.92606942989336, 16.250987811246333], [74.92606841603038, 16.253699868600137], [74.92419673152949, 16.253699207348127], [74.92419638497553, 16.25460322627327], [74.92232469200549, 16.254602548450286], [74.92232433687221, 16.255506567258685], [74.92138848614204, 16.255506222127387], [74.92138776724985, 16.25731425947265], [74.92513120453708, 16.257315615356955]], [[74.92794010061678, 16.253700513320894], [74.92793944171548, 16.25550855124724], [74.92700359085458, 16.255508230915726], [74.92606841603038, 16.253699868600137], [74.92794010061678, 16.253700513320894]]], [[[74.96724534310783, 16.254614253302744], [74.96724504358798, 16.256422292214403], [74.96911675518048, 16.256422573296238], [74.96911689638718, 16.25551855386245], [74.97005274791798, 16.255518688195167], [74.97005302174739, 16.25371064908078], [74.96818133580905, 16.253710376314014], [74.96818119034177, 16.254614395893725], [74.96724534310783, 16.254614253302744]]], [[[74.93261838824013, 16.256414109843167], [74.93449039831016, 16.25551067783543], [74.93449099731149, 16.25370263965985], [74.93168347003751, 16.253701753168624], [74.93168315771103, 16.254605772242975], [74.93261900439472, 16.25460607189042], [74.93261838824013, 16.256414109843167]]], [[[74.99251311816703, 16.257328711225043], [74.9915772579448, 16.25732867608774], [74.99157729645816, 16.256424656608907], [74.99251315240112, 16.256424691744147], [74.9925132208628, 16.254616652551277], [74.99344906825023, 16.25461668354933], [74.993449158092, 16.25190462417696], [74.99157748898841, 16.251904558059415], [74.99157745048723, 16.252808577923343], [74.99064161166105, 16.252808538663754], [74.9906417399902, 16.25009647884787], [74.98877008801206, 16.250096387946908], [74.98877013933722, 16.249192367859603], [74.9840910308389, 16.249192068317186], [74.98409066723967, 16.253712167895877], [74.9859622892267, 16.254616319838917], [74.98596216086102, 16.256424358992785], [74.9850263049408, 16.256424294922645], [74.98502623647262, 16.257328314380292], [74.98783381708299, 16.257328494200568], [74.98783376144905, 16.258232513591715], [74.98689789696218, 16.258232457782157], [74.9868977771239, 16.26004049632681], [74.98876952322091, 16.26004060382449], [74.98876931774487, 16.263656680014485], [74.99157698828307, 16.263656810282583], [74.98970539627442, 16.26004065137154], [74.99251301545173, 16.260040769205535], [74.99251311816703, 16.257328711225043]]], [[[74.96818075388475, 16.25732645417074], [74.96818046286738, 16.25913449263694], [74.96724459423714, 16.259134350004178], [74.96724444443458, 16.260038369113367], [74.96818031734489, 16.260038511754484], [74.96911590775278, 16.261846688281278], [74.97098767074024, 16.261846952921903], [74.97098806881225, 16.259134895729545], [74.96818075388475, 16.25732645417074]]], [[[74.98409037627746, 16.257328246172598], [74.9840903035254, 16.258232265549214], [74.9803467557995, 16.259135970643236], [74.9803464861378, 16.261848028024527], [74.979410604568, 16.261847939121807], [74.9794105103885, 16.262751958089606], [74.98221816795736, 16.26275221240764], [74.9822182492942, 16.261848193424946], [74.98409001247117, 16.261848342285315], [74.98409008524162, 16.260944323216858], [74.98502596255653, 16.260944391440535], [74.98502623647262, 16.257328314380292], [74.98409037627746, 16.257328246172598]]], [[[74.97847432912529, 16.26546392147114], [74.97847423064, 16.266367940125253], [74.97941013361098, 16.26636803319024], [74.97941041620307, 16.263655976980353], [74.97566685573796, 16.263655579972863], [74.97379543514093, 16.260943299861772], [74.97285955789911, 16.26094318202089], [74.97285943376129, 16.261847201022498], [74.97098767074024, 16.261846952921903], [74.9709875380328, 16.26275097183193], [74.97192342382013, 16.262751097957118], [74.97192316694263, 16.264559135560788], [74.97005137825118, 16.264558879145124], [74.97098700711906, 16.26636704670147], [74.97379471588391, 16.266367412757038], [74.97379483577905, 16.26546339413381], [74.9756666330967, 16.26546361747668], [74.97566674442083, 16.264559598763302], [74.97660263880866, 16.264559704224588], [74.97660253176622, 16.26546372294414], [74.97847432912529, 16.26546392147114]]], [[[74.94758439861593, 16.28534691585866], [74.94664840602483, 16.285346681874845], [74.94571191603434, 16.287154476901208], [74.94945592073292, 16.287155404662418], [74.94945568915576, 16.288059421176698], [74.9503916946561, 16.288059642775497], [74.95039124003566, 16.289867675598483], [74.95226326823462, 16.289868106420393], [74.95319971124222, 16.288060282719723], [74.9588157447728, 16.28806145077337], [74.95975138156145, 16.28986966400746], [74.96162341001505, 16.289870011979072], [74.96162323415459, 16.290774028411473], [74.96255925268744, 16.290774196193315], [74.96255959581899, 16.288966163231727], [74.96349560578442, 16.288966326851675], [74.96349577304521, 16.28806231024556], [74.96068811626775, 16.286253773603512], [74.95975285665428, 16.28263752993337], [74.95881687674927, 16.282637349818106], [74.9588170653703, 16.281733332722226], [74.95975304098846, 16.281733512826953], [74.95975359392116, 16.27902146104491], [74.95881763116189, 16.2790212809718], [74.95881781973526, 16.27811726356741], [74.95694590282422, 16.27811689102417], [74.95694531135221, 16.280828942940563], [74.95507336877486, 16.280828553771542], [74.95507378024664, 16.27902051928328], [74.95413781754962, 16.27902031851213], [74.95413802755176, 16.278116301164065], [74.95320206915379, 16.278116096265308], [74.95320164056449, 16.279924130860326], [74.95132948377831, 16.280827725752392], [74.95133015239874, 16.27811567404968], [74.94945823570002, 16.278115235276605], [74.94945869851794, 16.276307200473887], [74.95133059807527, 16.276307639195604], [74.95320335459678, 16.272691990629504], [74.94477996103626, 16.27268996098223], [74.94478021378407, 16.271785943225225], [74.94103677071796, 16.270880915858267], [74.94103785001207, 16.267264843987455], [74.94197375680503, 16.267265102516244], [74.94291018603109, 16.26545732045064], [74.94384608429316, 16.265457570677214], [74.94384531349058, 16.268169625292483], [74.94571713575655, 16.268170113423466], [74.94571788086576, 16.265458058722444], [74.94665377917575, 16.2654582965411], [74.94758919790578, 16.267266566823444], [74.94946124297103, 16.266363003546264], [74.94946170540878, 16.264554966739187], [74.94852581133502, 16.264554741341644], [74.94759039678054, 16.262746474746322], [74.94571862583365, 16.26274600332782], [74.94571887412486, 16.261841984708827], [74.94665475530972, 16.261842222471778], [74.94665499930464, 16.26093820376181], [74.94852675315916, 16.260938666855566], [74.94852722398191, 16.259130629150228], [74.95039896077517, 16.25913107565263], [74.95039918760462, 16.258227056658242], [74.95133505174311, 16.258227273695308], [74.95133482919347, 16.25913129270241], [74.953206566072, 16.25913171439915], [74.95320699403858, 16.257323676258487], [74.95227113415174, 16.257323467501728], [74.95227440633613, 16.243763171810837], [74.95133861062348, 16.24376295910737], [74.9513388329339, 16.242858938791183], [74.94946725010148, 16.242858501019455], [74.94946748094766, 16.241954480651966], [74.94478829328087, 16.242857334316607], [74.94478778879137, 16.244665374683837], [74.9457235886753, 16.244665616312574], [74.94572334068235, 16.245569636394894], [74.94291592825152, 16.245568899074254], [74.94291566741485, 16.246472919036353], [74.94385147581832, 16.246473168955198], [74.94385096264827, 16.248281208677746], [74.94104351182922, 16.24828044643921], [74.94104297293252, 16.250088485764405], [74.94010714747267, 16.2500882233914], [74.94104243396762, 16.251896524781586], [74.94291410204818, 16.251897037192112], [74.9447867796208, 16.248281454494524], [74.94759423063309, 16.24828216715665], [74.94759375161371, 16.250090206683595], [74.94665792604019, 16.25008997323356], [74.94665695070852, 16.253706051308654], [74.94572110803938, 16.25370581367106], [74.94572085988945, 16.254609832983373], [74.94384916604164, 16.254609345281125], [74.94384890931859, 16.255513364487843], [74.94197694168108, 16.256416879323933], [74.94291149178292, 16.260937227957175], [74.93916798452541, 16.2609361859964], [74.93916770628566, 16.261840204588168], [74.94010358735493, 16.26184047129612], [74.94010303938464, 16.263648508279733], [74.93823126013967, 16.263647970665854], [74.93729479681495, 16.26545573223586], [74.93542300055181, 16.26545516974319], [74.93542270509624, 16.26635918788473], [74.93167878306531, 16.26726203119467], [74.93167847044239, 16.26816604911327], [74.93355029224729, 16.26816664479832], [74.93448560357099, 16.269974972145686], [74.9382298470912, 16.268168061618812], [74.93822899904765, 16.270880115265673], [74.93729307519294, 16.270879840126643], [74.93729278819244, 16.271783857838646], [74.94197216346058, 16.272689209950777], [74.94197163221146, 16.27449724514555], [74.94290757328879, 16.274497499657066], [74.9429073119237, 16.275401517153693], [74.947587038976, 16.27540272770628], [74.94758631905981, 16.278114779946076], [74.94477844421388, 16.27811406590506], [74.9447779384786, 16.27992210026242], [74.94571390531672, 16.279922342443804], [74.94571315945363, 16.282634393443885], [74.94477717975583, 16.28263415121999], [74.94477692681627, 16.283538168051575], [74.9475848788179, 16.28353888234334], [74.94758439861593, 16.28534691585866]], [[74.94852227737246, 16.27811500968102], [74.94852204165582, 16.2790190269535], [74.9475860790574, 16.279018797205108], [74.94758631905981, 16.278114779946076], [74.94852227737246, 16.27811500968102]]], [[[74.98502534599197, 16.269080560318617], [74.9859612618465, 16.26908062444132], [74.9859611976007, 16.26998464282396], [74.98783303788775, 16.269984758665306], [74.98876926636773, 16.264560698869353], [74.98502562006398, 16.26546448603231], [74.98502534599197, 16.269080560318617]]], [[[74.92512709476208, 16.26816383390981], [74.92512675214005, 16.269067851621614], [74.928870412393, 16.269069142347888], [74.92887073788397, 16.2681651245605], [74.92699891628078, 16.268164487508535], [74.92699925031617, 16.267260469681382], [74.92512709476208, 16.26816383390981]]], [[[74.98502514039247, 16.271792615224037], [74.98502507185064, 16.27269663337167], [74.98876875241771, 16.273600883179146], [74.98876880382733, 16.272696865095046], [74.9878328708276, 16.272696813371073], [74.98783298220457, 16.270888776977646], [74.98596113335086, 16.270888661129526], [74.98596106909696, 16.271792679358004], [74.98502514039247, 16.271792615224037]]], [[[74.99344825890684, 16.27902518669622], [74.99532020635684, 16.278121218735706], [74.99438429905543, 16.276313160468728], [74.99251239875068, 16.276313102524316], [74.99251226161068, 16.279929173203154], [74.99344822890463, 16.279929204252078], [74.99344825890684, 16.27902518669622]]], [[[74.99719212381194, 16.278121251850674], [74.99532020635684, 16.278121218735706], [74.99625609650519, 16.281737307448005], [74.99719207237794, 16.281737321939197], [74.99719208523767, 16.28083330453276], [74.9990640284122, 16.280833321093148], [74.99719212381194, 16.278121251850674]]], [[[74.99625592498269, 16.29077747726109], [74.9953199062304, 16.290777458618663], [74.9953199276768, 16.28987344198564], [74.99625594213981, 16.289873460626982], [74.99625597645083, 16.288065427127275], [74.99344795879935, 16.288065358783683], [74.99344798881863, 16.287161341922083], [74.99157598563694, 16.287161275653382], [74.99064006981088, 16.285353202364046], [74.9897040768024, 16.285353158880298], [74.98970388811574, 16.288969226446095], [74.98876787795689, 16.288969178809896], [74.98689603776492, 16.286257020579296], [74.98315189427892, 16.288064789253728], [74.98315212584158, 16.28535273853742], [74.98221613286452, 16.285352661923202], [74.98221621432998, 16.28444864486795], [74.97940824829371, 16.28444839019235], [74.9794080596309, 16.28625642419591], [74.98034405687964, 16.286256513239255], [74.98034396682749, 16.287160530130517], [74.97472795770068, 16.287159933712275], [74.97472807348201, 16.2862559168559], [74.97285607907175, 16.28625568492905], [74.9728562034216, 16.285351668009092], [74.9681760931883, 16.286255032634813], [74.96817623897778, 16.28535101575301], [74.96724024611555, 16.285350872877874], [74.96724054624191, 16.283542838899557], [74.96443259343832, 16.283542385479375], [74.96443226758684, 16.285350419404633], [74.96349627476418, 16.285350259964275], [74.9644311267825, 16.29167853571267], [74.96536714963662, 16.291678691075322], [74.96536730835, 16.290774674682297], [74.96723934550894, 16.290774972961156], [74.96723949563373, 16.289870956473507], [74.96817550993829, 16.289871099390442], [74.96817565576461, 16.288967082817276], [74.97004767582305, 16.288967356207593], [74.97004781306268, 16.28806333954127], [74.9709838188163, 16.288063470015384], [74.9709836858654, 16.288967486689334], [74.97566362468349, 16.28987209359523], [74.97847127318538, 16.293488463895276], [74.9822153994438, 16.293488811948396], [74.98221548095557, 16.2925847955876], [74.98315150824362, 16.29258487223768], [74.98315166267238, 16.29077683927561], [74.98408768138593, 16.290776911773957], [74.98502383735676, 16.28896894684231], [74.98595984750098, 16.288969011047623], [74.9859597188266, 16.290777044342367], [74.98689573755317, 16.290777104412427], [74.98689567749943, 16.29168112094756], [74.9915757926315, 16.291681359170358], [74.99157583123745, 16.290777342621297], [74.99251184998272, 16.290777377834782], [74.9925118156663, 16.291681394385904], [74.9943838360032, 16.292585468865326], [74.9943837330312, 16.296201534002883], [74.99531977752352, 16.296201556796078], [74.99531973461038, 16.298009588904375], [74.99719184076407, 16.29800962206199], [74.99719178925855, 16.301625685359927], [75.00000000000001, 16.30162570401545], [75.00000000000001, 16.297105624694566], [74.99906395121246, 16.29710562262234], [74.99906395550364, 16.29620160652668], [74.99719186651195, 16.296201589949817], [74.99719193086742, 16.291681508318554], [74.99625590782448, 16.291681493818032], [74.99625592498269, 16.29077747726109]]]]}}, {"id": "3", "type": "Feature", "properties": {"cls": 4, "area_km2": 136.27, "depth_range": "> 5 m", "color": "#1e3a8a", "scenario": "Published-peak hydrograph (peak 78,455 m3/s)"}, "geometry": {"type": "MultiPolygon", "coordinates": [[[[74.87558233965741, 16.17502638863245], [74.87464801034456, 16.173217791018047], [74.87558347135509, 16.173218339872186], [74.87652005544767, 16.171410835483925], [74.87558460290906, 16.171410290805156], [74.87558516863216, 16.1705062661566], [74.87277882399353, 16.170504607553426], [74.8718404617978, 16.175024168287095], [74.87277593120785, 16.17502472954101], [74.8727753525405, 16.175928753708433], [74.87371082624217, 16.17592931088343], [74.87371140065466, 16.17502528668321], [74.87558233965741, 16.17502638863245]]], [[[74.92703221535828, 16.177762323876443], [74.9279683545593, 16.17595459144796], [74.92516192851144, 16.175953623071166], [74.9251609072013, 16.17866569950453], [74.92703221535828, 16.177762323876443]]], [[[74.7857560191102, 16.19484336669253], [74.7857569947759, 16.193939348245184], [74.78669254905712, 16.193940288934776], [74.78669157765188, 16.194844307437425], [74.78949825364556, 16.194847104970403], [74.78950017083253, 16.193039067559308], [74.7913712714249, 16.193040911779626], [74.79137412119141, 16.190328854761574], [74.7904385836439, 16.190327934871952], [74.79043953770464, 16.18942391576643], [74.7885684713097, 16.18942206374887], [74.78763487169577, 16.187613093452903], [74.7866993471685, 16.187612157265505], [74.7866964340619, 16.19032421415601], [74.78482535963951, 16.19032232910358], [74.78482633925485, 16.18941831032773], [74.78389080639586, 16.1894173616837], [74.78388785458526, 16.192129417613437], [74.78014667370172, 16.191221562864698], [74.78014367039773, 16.19393361765678], [74.78388687052355, 16.193033436103068], [74.78388391796378, 16.19574549111104], [74.7857560191102, 16.19484336669253]]], [[[74.7511437985475, 16.192093616001973], [74.75114266538998, 16.19299763238629], [74.75207821294109, 16.192998725329037], [74.75207934183875, 16.192094708880457], [74.7511437985475, 16.192093616001973]]], [[[74.69503216297127, 16.178460320239914], [74.69409668842363, 16.17845897746279], [74.69409808001546, 16.17755496422704], [74.69597040368114, 16.17665363204068], [74.6959731694041, 16.174845604869557], [74.6941022542609, 16.174842924058943], [74.69410364549937, 16.173938910515982], [74.6903618332926, 16.173933499875467], [74.69036324145901, 16.173029486574197], [74.68849234439918, 16.173026756747234], [74.68849376098377, 16.172122743529872], [74.68755831684246, 16.172121372530615], [74.68755689600405, 16.173025385667266], [74.6828782131883, 16.173922481255325], [74.68287965538721, 16.173018468602656], [74.68100875977962, 16.17301567299996], [74.68101021039452, 16.17211166043506], [74.68007476698253, 16.172110256549892], [74.68007767644274, 16.170302231355013], [74.67633593774829, 16.170296575373072], [74.67540788165209, 16.165775088855284], [74.67353853946736, 16.164868216313312], [74.67354002326402, 16.1639642037253], [74.67447542775193, 16.163965635626507], [74.67448134499344, 16.16034958416951], [74.67541673257269, 16.160351011625817], [74.67541820739811, 16.159446998485592], [74.67448282406886, 16.159445571113377], [74.67448873943081, 16.15582951812143], [74.67636094229685, 16.154928354479054], [74.67636535206117, 16.152216313195467], [74.68010820346818, 16.151317948270446], [74.68010675072382, 16.152221962518013], [74.68197745061028, 16.152224762546854], [74.68197600626927, 16.15312877688273], [74.6838467150186, 16.15313156065398], [74.683845279082, 16.1540355750772], [74.68758671466614, 16.154041093677023], [74.68758813361028, 16.153137078928598], [74.68852348848431, 16.153138448233094], [74.68852914636919, 16.1495223881496], [74.68759380848495, 16.14952101916787], [74.68666131608042, 16.147711615902786], [74.68385532872172, 16.147707472503875], [74.68198900203373, 16.144992645098633], [74.67918305426137, 16.144988440880315], [74.67918596667099, 16.143180411247137], [74.67825065942223, 16.143179001800302], [74.67919906793124, 16.135044274102952], [74.67732852991467, 16.135041452604344], [74.6763903248458, 16.136848066216828], [74.67358449334397, 16.136843790406076], [74.67265664101318, 16.132322281759738], [74.66985087427959, 16.13231795800915], [74.66985237165073, 16.131413942999625], [74.66891712050464, 16.131412493634816], [74.6689141171836, 16.133220523406187], [74.66797885764957, 16.133219069770036], [74.66704057753907, 16.135025641154872], [74.66236577096802, 16.134114276012188], [74.66236270767817, 16.13592230411289], [74.66142743609326, 16.1359208215123], [74.66142282769812, 16.138632862826057], [74.66235811201264, 16.138634345689017], [74.66235657992927, 16.139538359394393], [74.66142129137098, 16.139536876443977], [74.66141668180333, 16.142248916837687], [74.65954607951447, 16.142245938103972], [74.65954762462384, 16.141341924891726], [74.65487114184867, 16.14133440670351], [74.65486800908484, 16.14314243216461], [74.65112679069857, 16.1431363430518], [74.64926254910333, 16.139517224808877], [74.64739197487329, 16.139514139950933], [74.64739037478843, 16.140418152151266], [74.64645508358194, 16.140416603478037], [74.64643582367687, 16.151264742803303], [74.65485233928884, 16.152182554867935], [74.65484450065485, 16.156702613342418], [74.6557798692057, 16.156704126700696], [74.65577674155315, 16.158512149731596], [74.65671211870192, 16.158513659161162], [74.65670743922763, 16.16122569339861], [74.65764282922534, 16.161227198987177], [74.65763816161132, 16.163939232799777], [74.65857356446013, 16.1639407345459], [74.65856735659773, 16.167556778908253], [74.65950277655195, 16.167558276898692], [74.66043510909184, 16.169367792852434], [74.66230596650084, 16.169370768636327], [74.65949348731905, 16.172982341667606], [74.65762259647256, 16.172979340517276], [74.65668090535617, 16.17659387435728], [74.6557454431626, 16.17659236314903], [74.65574387719934, 16.177496373013405], [74.65387294460062, 16.177493338082634], [74.65387137002726, 16.178397347691558], [74.65013108060487, 16.177487218875562], [74.64919880625402, 16.175677660246638], [74.64639243515144, 16.17567301587442], [74.64635541584046, 16.196465204311846], [74.65009763589406, 16.196471396957545], [74.650096042177, 16.19737540459177], [74.6491604827503, 16.197373862515494], [74.64915568820794, 16.200085884684647], [74.651962405145, 16.20009049937486], [74.65290114002826, 16.198284013943734], [74.65103001214793, 16.198280950198317], [74.65103319116085, 16.196472934825966], [74.65383985756502, 16.196477523727978], [74.65384143413804, 16.19557351565663], [74.6519719166169, 16.194666452716795], [74.6519750863032, 16.192858436548768], [74.65291062472998, 16.192859965823065], [74.65291852589075, 16.188339923607597], [74.65198300875956, 16.188338394782907], [74.65198459294925, 16.187434386199058], [74.65292010582213, 16.187435914933832], [74.65292168565327, 16.186531906183188], [74.65479270318347, 16.186534951129246], [74.65292642454516, 16.18381987946999], [74.65666840891433, 16.183825951832155], [74.65666684641289, 16.18472996117068], [74.66040884939767, 16.184735968064956], [74.66134126766585, 16.186545478832], [74.6632122869738, 16.186548449716014], [74.66321075398126, 16.187452459439793], [74.66414626803936, 16.187453938796963], [74.66414473920786, 16.188357948530886], [74.66320922089142, 16.188356469086706], [74.66320462103819, 16.191068497566153], [74.66414015213125, 16.19106997727139], [74.66507263330429, 16.1928794718103], [74.66694371301266, 16.192882410987515], [74.66694522955017, 16.191978401378403], [74.66881630112398, 16.191981323918675], [74.66881780904644, 16.191077314060816], [74.66975334071756, 16.19107876907134], [74.66975033329611, 16.1928867888813], [74.67162141396254, 16.192889686895782], [74.67162290920156, 16.191985676858835], [74.67442951813287, 16.191989992754657], [74.67442803567296, 16.192894003045396], [74.680978275585, 16.191999919116622], [74.68097391738284, 16.194711951509355], [74.68190946731251, 16.194713353344117], [74.68190801865465, 16.19561736407034], [74.68377912731043, 16.19562015555363], [74.68377624676283, 16.197428177103642], [74.68471180974979, 16.197429566833137], [74.6847103736003, 16.198333577574495], [74.6856459409397, 16.198334963267932], [74.68565166794733, 16.194718919515303], [74.68658721833373, 16.194720300766125], [74.68658864559833, 16.193816289554533], [74.69033083100557, 16.193821773067437], [74.69032942078208, 16.19472578460146], [74.6912649716185, 16.194727145268303], [74.69126075319375, 16.197439179649056], [74.69313188069884, 16.197441889110156], [74.69312908501573, 16.199249911964767], [74.6921935126957, 16.199248559133945], [74.69125512737868, 16.201055224413544], [74.6949974509319, 16.201060628136027], [74.6949905019158, 16.205580683949226], [74.69311929733193, 16.20557798953337], [74.69311789873672, 16.206482000306927], [74.68937405783986, 16.207380572096213], [74.68749856392417, 16.210089858107267], [74.68656294098116, 16.21008847959665], [74.68656436978522, 16.209184469692627], [74.68188772779502, 16.20827350616204], [74.68188627775855, 16.209177515734474], [74.68001358293137, 16.210078714636975], [74.68001066533775, 16.21188673306685], [74.68094629617157, 16.21188814058915], [74.68187902619732, 16.213697562442317], [74.68000774737423, 16.21369475118888], [74.67813206568337, 16.21640394955547], [74.67345529635845, 16.215492798606274], [74.67251367488247, 16.219107389798342], [74.67157801075783, 16.219105944504815], [74.67157950874866, 16.21820193669922], [74.6697081893195, 16.218199033912708], [74.66970366945537, 16.22091105658716], [74.6678308094522, 16.221812144026885], [74.66782777846619, 16.223620158261262], [74.66969914873208, 16.223623078568526], [74.66969764163336, 16.224527085741613], [74.67156902081946, 16.22452998972131], [74.67156752216415, 16.225433996987835], [74.67437460446293, 16.2254383222756], [74.6743731185218, 16.226342329718975], [74.67530881707972, 16.226343763315707], [74.67530733531446, 16.22724777076619], [74.67717874125155, 16.22725062575148], [74.67717726793293, 16.2281546332925], [74.67998439034855, 16.22815888507878], [74.67998292974822, 16.229062892792292], [74.680918641676, 16.2290643018856], [74.6809200980058, 16.2281602940894], [74.68466292955442, 16.228165888874454], [74.68465429270131, 16.233589936466192], [74.68371855904942, 16.233588543468198], [74.68371567082448, 16.23539655855228], [74.68465141302097, 16.23539795171374], [74.68558428380929, 16.23720735584979], [74.68464853297594, 16.237205966653054], [74.68464709281668, 16.238109974007106], [74.68183982804501, 16.238105781401963], [74.68183401520908, 16.241721809063776], [74.68089824337312, 16.24172040294208], [74.68089678565956, 16.242624409582362], [74.67808945788259, 16.242620166192218], [74.67808798725217, 16.24352417250657], [74.67902376735996, 16.243525591182753], [74.67995662312157, 16.24533501845876], [74.6836997790489, 16.245340636004237], [74.68370122421304, 16.244436629348584], [74.68463700914877, 16.244438023327355], [74.68556992085819, 16.246247426736694], [74.68931309607684, 16.24625294547737], [74.68931451567832, 16.245348938412032], [74.69118609527638, 16.245351672838456], [74.69118186185825, 16.24806369428416], [74.69211766461929, 16.248065055541236], [74.69211485044733, 16.249873069612445], [74.69305066185068, 16.24987442689755], [74.69304785587696, 16.251682440819422], [74.69211203591922, 16.251681083375196], [74.69211062852162, 16.252585090140894], [74.69398227708105, 16.252587801056173], [74.69398367592346, 16.25168379413159], [74.69772695699176, 16.251689166059638], [74.69772972019352, 16.249881151349424], [74.6986655321254, 16.249882483845052], [74.69866690931838, 16.248978476296163], [74.7014743328054, 16.248982448760678], [74.70147569708163, 16.248078440901818], [74.70334866025608, 16.247177060310737], [74.7033459488955, 16.248985076413607], [74.70428175706938, 16.248986384043047], [74.70428040553722, 16.249890392055487], [74.7080236561924, 16.249895581563898], [74.70802499061732, 16.24899157324726], [74.70896079921606, 16.248992860219918], [74.70895946906796, 16.249896868611998], [74.70989528202769, 16.249898151528495], [74.70988997770361, 16.253514184626543], [74.7108258078572, 16.253515463711274], [74.71082448584461, 16.254419471867966], [74.70988865141284, 16.25441819270828], [74.7098846720371, 16.257130216490744], [74.71362937103603, 16.256231301079037], [74.71362675210014, 16.258039317299435], [74.71549715490978, 16.25894584715667], [74.71549975689375, 16.257137830795035], [74.71643560465944, 16.25713908537833], [74.71643690124898, 16.256235077008306], [74.71830858846813, 16.256237573627935], [74.71831116428685, 16.25442955636393], [74.71643949418207, 16.2544270600369], [74.71737791324253, 16.252620292840433], [74.7192495663983, 16.252622780610196], [74.71925084974488, 16.251718771635527], [74.72112249467014, 16.251721242731065], [74.72112376938077, 16.250817233534466], [74.72205958768711, 16.250818462812017], [74.72205577614623, 16.253530490386684], [74.72111994500692, 16.253529260892968], [74.72111867005434, 16.25443326985826], [74.72392617654774, 16.254436946157057], [74.72392743866573, 16.253532936976324], [74.72486327004538, 16.253534154072252], [74.72580411495801, 16.249919328971984], [74.72393374805813, 16.249012889916152], [74.72393879413505, 16.24539685088043], [74.72487458702308, 16.245398067334424], [74.72487710103185, 16.24359004721146], [74.72674866994488, 16.24359246744435], [74.72674742153073, 16.244496477686283], [74.73049057740369, 16.24450126887371], [74.7314325009809, 16.239982402612107], [74.72956096547827, 16.23998002423661], [74.72956343579507, 16.23817200248305], [74.73143495420273, 16.238174380579576], [74.73143618069716, 16.237270369447753], [74.73517920134871, 16.237275075822797], [74.73611736673024, 16.235468218912224], [74.73798886057702, 16.235470538801497], [74.73798766414752, 16.236374550567948], [74.73892341545749, 16.236375704388603], [74.73892460761418, 16.235471692554466], [74.74079610191465, 16.235473987677064], [74.74079373461758, 16.2372820115376], [74.74172949042627, 16.23728315304114], [74.74454142423072, 16.233670503687506], [74.74641290233428, 16.233672749013213], [74.74641406008848, 16.23276873641528], [74.74734979497835, 16.232769852821672], [74.7482878281433, 16.23096293941261], [74.75015928120071, 16.23096515133047], [74.75109728012242, 16.229158224714496], [74.7520329982894, 16.22915932022838], [74.75390106474433, 16.231873538916304], [74.75670825854127, 16.231876776514564], [74.75670936916255, 16.230972763055433], [74.75764509629774, 16.23097383393834], [74.75764398994794, 16.23187784746031], [74.7595154529712, 16.231879976971285], [74.75858412931915, 16.22826285947902], [74.75951984378132, 16.22826392192167], [74.75951874618308, 16.22916793579955], [74.76139018385707, 16.229170048431207], [74.76139345082079, 16.22645800619472], [74.76045774476042, 16.22645695212755], [74.76045883788026, 16.225552937956643], [74.76326810387354, 16.223748058654653], [74.76326486314821, 16.22646010195288], [74.76420056941468, 16.22646114364387], [74.76420164545503, 16.22555712922695], [74.7660741170854, 16.22465518549575], [74.76607518445073, 16.223751170803354], [74.76513949085704, 16.223750137545128], [74.76514163392272, 16.22194210805078], [74.76701300410201, 16.221944170200437], [74.76701194114071, 16.22284818510715], [74.76888332012696, 16.222850230880145], [74.76888226563645, 16.223754245830005], [74.769817959499, 16.223755262589535], [74.77075574526651, 16.221948245009465], [74.7726271162474, 16.221950257668816], [74.77262815353016, 16.221046242327773], [74.77169247227526, 16.22104523811916], [74.77169559653322, 16.218333191811293], [74.77263126498413, 16.218334195843042], [74.77263022789852, 16.21923821141488], [74.77543724644764, 16.219241198946154], [74.77543622210032, 16.220145214616494], [74.7763718993482, 16.220146202271295], [74.77637087920425, 16.22105021792268], [74.77824224243018, 16.221052180976375], [74.7782412307587, 16.221956196666078], [74.7810482888833, 16.22195911048796], [74.78198596418333, 16.22015204160196], [74.78385731963536, 16.220153955055725], [74.7838543614548, 16.222866003144677], [74.78479005208033, 16.222866953853394], [74.78479103393416, 16.221962937844864], [74.78666338008841, 16.22106081058169], [74.78666143351772, 16.222868842897466], [74.78759712432905, 16.22286978123282], [74.78759615522031, 16.223773797330384], [74.78478710614561, 16.225579001417312], [74.784784159651, 16.22829104828866], [74.78852412944448, 16.231006858045156], [74.78852123309169, 16.23371890419359], [74.7922642021796, 16.233722602396075], [74.79320372085033, 16.230107453860633], [74.79507517170157, 16.230109269516714], [74.79507610707209, 16.229205253525837], [74.79975288578824, 16.231017752620826], [74.79975471387709, 16.229209720191783], [74.80069043541282, 16.229210601146463], [74.80256458192174, 16.226500300993468], [74.8035002908181, 16.226501169416718], [74.8044342147331, 16.228310067117448], [74.80724136755272, 16.228312635559632], [74.80724488616201, 16.224696567843072], [74.80818058680005, 16.224697415539552], [74.80818233723186, 16.222889381120122], [74.80724664513234, 16.222888533523154], [74.80724752453395, 16.221984516247797], [74.806311836759, 16.221983664576346], [74.80631095308854, 16.222887681801705], [74.80443956916918, 16.22288596598536], [74.80443867690448, 16.223789983033054], [74.80350298076033, 16.22378911888743], [74.80350387729415, 16.22288510189046], [74.80163249371473, 16.22288336132723], [74.80163339872946, 16.22197934435551], [74.7997620239171, 16.221977587397518], [74.7997592830862, 16.224689637772443], [74.79882358295934, 16.224688752951284], [74.79882450089691, 16.22378473628852], [74.7978888050976, 16.223783847394586], [74.79788972724613, 16.22287983070706], [74.79695403577435, 16.222878937740834], [74.79415071801718, 16.219260167420465], [74.79134369571176, 16.219257427298324], [74.79134464744253, 16.21835341059819], [74.79040897772872, 16.218352489031265], [74.79041184536085, 16.215640438631706], [74.78947618850925, 16.215639513104595], [74.78947714853217, 16.21473549620528], [74.78573160734909, 16.217443802899126], [74.78573258456252, 16.216539786373474], [74.77731265507366, 16.215627106102776], [74.77731367056316, 16.21472308993211], [74.77824932233607, 16.21472406899445], [74.77825134458952, 16.21291603630737], [74.77544441506166, 16.2129130871], [74.77544236721072, 16.214721119440625], [74.77076410997, 16.214716121072307], [74.77076306461396, 16.215620136833692], [74.76701938045574, 16.21652007914443], [74.76701831789846, 16.21742409451276], [74.76608265411495, 16.21742306580208], [74.76608052026323, 16.219231096187137], [74.76514484801217, 16.219230063232175], [74.76514270535375, 16.221038093188188], [74.76420702463433, 16.221037055987978], [74.76326918397848, 16.222844044067994], [74.75952642791106, 16.222839837038016], [74.75952752502273, 16.221935822621372], [74.75765726152176, 16.221029680116136], [74.75765836703091, 16.220125665670537], [74.75859404299935, 16.22012673167574], [74.75859734630346, 16.21741468768952], [74.75953300953854, 16.217415749383992], [74.75953520285837, 16.21560771955049], [74.75859954815733, 16.21560665798071], [74.75766610363388, 16.213797562397108], [74.75953739590021, 16.21379968940929], [74.76047522636973, 16.21199271615932], [74.75673267596521, 16.21198846263467], [74.75673489404357, 16.21018043225368], [74.75767052300912, 16.21018150169146], [74.75767494126391, 16.20656543975537], [74.7614163021882, 16.207473691148923], [74.76141956418707, 16.20476164337357], [74.76422637557376, 16.204764776403653], [74.76422744997868, 16.203860760140664], [74.76516304964744, 16.203861796183975], [74.76516518972694, 16.202053763305624], [74.76422959858412, 16.20205272738409], [74.76423067278468, 16.201148710890493], [74.766101846613, 16.201150778493194], [74.76610291222082, 16.200246761801214], [74.76703849497416, 16.200247789364226], [74.76703955625236, 16.199343772535006], [74.77078500318065, 16.196635789697822], [74.77078709104468, 16.194827754869443], [74.77172264856362, 16.194828761485432], [74.77172160892543, 16.195732778997222], [74.77359273268229, 16.19573477999604], [74.77359479485051, 16.19392674466035], [74.77265924146036, 16.193925746336927], [74.77266027670652, 16.19302172861254], [74.77359582583651, 16.19302272687726], [74.77453342828815, 16.191215685111978], [74.77546896902918, 16.19121667502736], [74.7754648792962, 16.19483274678004], [74.77733700906242, 16.19393069678707], [74.7773390368888, 16.192122660679313], [74.77921012734166, 16.192124611813014], [74.7792111326391, 16.191220593529177], [74.78014667370172, 16.191221562864698], [74.78014767467603, 16.190317544447048], [74.7745344548186, 16.190311667039982], [74.77453650768409, 16.18850363066557], [74.77266545195221, 16.18850163883835], [74.7726644170344, 16.18940565694681], [74.76705122587062, 16.18939958234218], [74.76705228634123, 16.188495564590994], [74.76424570444048, 16.188492471911655], [74.76424248449517, 16.19120452438908], [74.76330694455356, 16.191203485082152], [74.76237356841544, 16.18939440699609], [74.76050141556061, 16.19029632529592], [74.76049705346335, 16.193912393513912], [74.76236815856284, 16.19391449307788], [74.76236707638637, 16.194818510063758], [74.76423711655752, 16.19572461031503], [74.7642349689057, 16.197532644147575], [74.7632993991412, 16.197531604412795], [74.76236166447427, 16.199338593840565], [74.76142608632354, 16.199337545747273], [74.76142934646124, 16.196625495896548], [74.75862265077713, 16.19662232746675], [74.75862155134983, 16.197526343974232], [74.75768598199969, 16.197525279533586], [74.75768929285522, 16.194813229968332], [74.75675373635791, 16.1948121615985], [74.7558159557206, 16.196619121980355], [74.7548803908425, 16.196618045250098], [74.7539470672887, 16.194808931787538], [74.75207595493086, 16.194806757995693], [74.75207482581833, 16.195710774213754], [74.75113926548603, 16.195709681078206], [74.75114266538998, 16.19299763238629], [74.74927157050371, 16.192995434151538], [74.74927042875404, 16.193899450329756], [74.74833487715931, 16.193898344972762], [74.7483360231691, 16.192994328859537], [74.74552938160252, 16.192990988285047], [74.74552822281238, 16.193895004201835], [74.74365595289713, 16.194796772145736], [74.74365011486414, 16.199316849531883], [74.74739357319311, 16.198417314586372], [74.74739127170459, 16.200225345683297], [74.74084220431018, 16.200217460857342], [74.74084102362052, 16.201121475827048], [74.73990543859924, 16.201120332882795], [74.73990306846994, 16.202928362457218], [74.74177425563808, 16.202930644495375], [74.74177307898685, 16.20383465930138], [74.74270867694604, 16.20383579420855], [74.74270398665008, 16.207451852930472], [74.74363960173866, 16.207452983984144], [74.74363609603016, 16.210165027417514], [74.74270046814748, 16.210163896164474], [74.7426981221073, 16.21197192460259], [74.74176248576818, 16.211970789095144], [74.74176130837078, 16.212874803132127], [74.743631420715, 16.213781084251902], [74.74362791345071, 16.21649312606999], [74.74082094043874, 16.21648971854713], [74.74081975840105, 16.217393732132514], [74.73988409661271, 16.217392587978978], [74.73988172377751, 16.21920061478453], [74.73801038335647, 16.219198313838437], [74.738011578347, 16.218294300609237], [74.73707591251761, 16.218293144018975], [74.7370747132594, 16.21919715718026], [74.7333332499626, 16.218288476426178], [74.73333203363372, 16.219192489313382], [74.7323963639193, 16.21919131203813], [74.73239514324543, 16.220095324779255], [74.73052379551304, 16.22009295771954], [74.72958565457373, 16.221899792837903], [74.72677860818526, 16.221896198528004], [74.72584042455992, 16.223703016138582], [74.72396904377864, 16.223700590778346], [74.72303082592069, 16.22550739513769], [74.72115942854133, 16.225504944742163], [74.72115688355449, 16.22731296737291], [74.72022117644569, 16.227311735842957], [74.72021989956102, 16.228215746970566], [74.72115561094016, 16.228216978572796], [74.72115179261354, 16.230929011710426], [74.72021606842175, 16.230927779891356], [74.72021734554905, 16.230023768994762], [74.71834590595066, 16.230021293122295], [74.71834462028104, 16.23092530387359], [74.71928034431082, 16.23092654394574], [74.71927778127043, 16.23273456536282], [74.71740631620608, 16.23273208080044], [74.71740502602023, 16.233636091247675], [74.71272634343397, 16.233629807250267], [74.71272503180529, 16.234533817251783], [74.71085355080578, 16.234531274612884], [74.71085091020875, 16.236339294086484], [74.70897941245313, 16.236336734637348], [74.70898207014068, 16.23452871546402], [74.70804632993418, 16.234527429698357], [74.70804766292396, 16.233623420071577], [74.70243324910022, 16.233615619258142], [74.70243460763726, 16.23271161001199], [74.70056451258618, 16.23180496770877], [74.70056997969783, 16.228188930263727], [74.698699935812, 16.22728227200018], [74.69870406059584, 16.224570243343045], [74.69776836831196, 16.22456891303415], [74.69777112627055, 16.222760893700556], [74.6968354426122, 16.222759559423512], [74.69683820875846, 16.22095153993859], [74.69871093349379, 16.22005019404117], [74.69684373999954, 16.217335500044918], [74.69871505618758, 16.21733816353622], [74.6987164302447, 16.21643415321395], [74.69965208420241, 16.216435478697463], [74.69965619305177, 16.213723447035353], [74.70339875854964, 16.213728706816298], [74.70340551958716, 16.209208650962445], [74.70714933603934, 16.20830983156098], [74.70715600922918, 16.203789771874003], [74.70902719935057, 16.20379234239598], [74.70902852520865, 16.202888330076785], [74.70996411613257, 16.20288960908372], [74.70996543764383, 16.201985596612456], [74.70902985098266, 16.201984317680683], [74.70903250227846, 16.200176292657783], [74.70996808041492, 16.200177571439227], [74.70997072285087, 16.19836954595844], [74.7109062925475, 16.198370820471755], [74.71090760937838, 16.197466807541108], [74.70997204394314, 16.19746553310272], [74.70997600671723, 16.194753494074288], [74.71091155936989, 16.194754768287922], [74.71091814101878, 16.190234701328645], [74.71185367245603, 16.19023597105206], [74.71279181901616, 16.188429209039967], [74.71466286527038, 16.188431727612375], [74.71466676165865, 16.18571968516187], [74.70999053043785, 16.18480934505199], [74.71000108677747, 16.17757723083305], [74.7109365585302, 16.177578503623344], [74.71093787344056, 16.176674488925446], [74.71000240594302, 16.17667321621006], [74.70906958511866, 16.174863910056622], [74.70532641007335, 16.175762776631586], [74.70438825802934, 16.177569507734347], [74.7006463739011, 16.177564276757302], [74.7006450120973, 16.178468290541108], [74.7015804872558, 16.17846960453104], [74.70157369822121, 16.1829896726846], [74.69408972913925, 16.18297904248932], [74.69503216297127, 16.178460320239914]], [[74.69408833701733, 16.183883055264147], [74.69315283701978, 16.18388170789898], [74.69315423339877, 16.182977695203416], [74.69408972913925, 16.18297904248932], [74.69408833701733, 16.183883055264147]]], [[[74.78384942990436, 16.227386081754048], [74.78385140271197, 16.22557805054116], [74.78104429278706, 16.22557517316161], [74.78104329360475, 16.22647918863764], [74.78197900112005, 16.226480151945875], [74.78197701110622, 16.22828818278015], [74.78384942990436, 16.227386081754048]]], [[[74.86622825453689, 16.174116690409765], [74.86529278964618, 16.174116100408575], [74.86529340227469, 16.173212076358805], [74.86248702059999, 16.17321028179206], [74.86248827126379, 16.171402233673728], [74.86435917532532, 16.171403434021443], [74.86436040881678, 16.169595385455008], [74.86248952176875, 16.16959418524862], [74.86249014696168, 16.168690160921045], [74.863425586213, 16.168690763043912], [74.86342620711352, 16.167786738604207], [74.86529707722879, 16.16778793044971], [74.865297689585, 16.166883905863152], [74.86062116943354, 16.165976871117383], [74.86062243646906, 16.164168821915446], [74.85875160076839, 16.16416758926261], [74.85875031672585, 16.16597563831935], [74.85687946418129, 16.165974389084166], [74.85688011472672, 16.1650703646677], [74.85594469276819, 16.16506973392333], [74.85594338313194, 16.166877782605305], [74.85313709199485, 16.166875865492162], [74.85220031787719, 16.16868326630866], [74.85033012084436, 16.16777793539132], [74.85033148159124, 16.165969887318617], [74.84939605567764, 16.165969227772138], [74.84939674023813, 16.165065203659616], [74.84752589704543, 16.16506387231722], [74.84752520398118, 16.16596789635133], [74.84565435246083, 16.165966548493426], [74.84565365084826, 16.166870572371483], [74.84471822090265, 16.166869892238566], [74.84471610303949, 16.16958196329253], [74.84378066038067, 16.169581278929208], [74.84378137063284, 16.168677255361537], [74.84191049395669, 16.1686758743855], [74.8419083375455, 16.171387944614505], [74.84284378862056, 16.171388637279858], [74.84284307397928, 16.17229266057691], [74.8409721633673, 16.172291271053684], [74.84003525318636, 16.17409861624351], [74.83723034269657, 16.172288442675672], [74.83816726956785, 16.17048110967843], [74.83349003708754, 16.17047750268884], [74.83349155120483, 16.168669456548603], [74.83162144105157, 16.167763962054202], [74.83161914443009, 16.170476031119684], [74.82881436245732, 16.168665747234016], [74.82881358415801, 16.16956977012407], [74.82787814230278, 16.169569015886786], [74.8278765770492, 16.17137706134799], [74.82694112673698, 16.171376302911185], [74.82694033978188, 16.172280325482078], [74.82506943080017, 16.17227879618631], [74.82319610980396, 16.174989317156104], [74.82226064272774, 16.17498853798232], [74.822262259432, 16.173180493677858], [74.82039134245146, 16.173178923180178], [74.82038970872955, 16.174986967299738], [74.81851877493884, 16.174985380170483], [74.81851794949044, 16.175889402021763], [74.81758247841876, 16.17588860224256], [74.81758413777249, 16.174080558557424], [74.81571321280613, 16.17407894685304], [74.81477606552082, 16.175886178233508], [74.81384059466147, 16.175885362006678], [74.81384144138393, 16.17498134039318], [74.81103504189396, 16.174978867186862], [74.81103676070401, 16.17317082402085], [74.8091658450007, 16.17316915485486], [74.80916671283187, 16.172265133255035], [74.80823125931674, 16.17226429255477], [74.80823474710364, 16.168648205586326], [74.80729931065714, 16.16864736097406], [74.80730018671808, 16.16774333908992], [74.80823561891194, 16.167744183652452], [74.80823736236239, 16.16593613955462], [74.80917278610713, 16.16593697990845], [74.80917452083273, 16.164128935404886], [74.80823910559138, 16.164128095150033], [74.80823997712282, 16.163224072832723], [74.80356381573961, 16.16231578803534], [74.80356292300844, 16.16321981017827], [74.80449833371897, 16.163220670926172], [74.8044965565893, 16.165028715083377], [74.80262571821929, 16.16502698927579], [74.80262661531546, 16.164122967337164], [74.79982037094317, 16.16412034796267], [74.79981946109234, 16.165024369747023], [74.79888404216527, 16.165023488352798], [74.79888129950973, 16.16773555308998], [74.80355845850181, 16.167739919742633], [74.80355667230211, 16.16954796303152], [74.80449211277731, 16.169548824134317], [74.8035548858755, 16.171356006013585], [74.80168398808229, 16.171354271273145], [74.80168308627647, 16.172258292546978], [74.803553099222, 16.173164048688783], [74.80355131234158, 16.174972091057104], [74.80168038051539, 16.174970355908144], [74.8016794784805, 16.17587437687508], [74.79980762777153, 16.176776645963532], [74.79980489561773, 16.179488707864387], [74.7988694086291, 16.179487825639573], [74.79980034087167, 16.18400880949742], [74.79699381623011, 16.18400614970204], [74.79699474006662, 16.183102129685434], [74.7960592362269, 16.183101234911497], [74.79605830813315, 16.18400525487545], [74.79512280009513, 16.18400435593481], [74.79511813745268, 16.188524454338545], [74.79418260818366, 16.188523551018193], [74.79324519646697, 16.190330682193558], [74.79511627198143, 16.19033249316254], [74.79511533915702, 16.191236512459334], [74.79698734773261, 16.190334287668502], [74.7969854990627, 16.19214232639637], [74.79792104554544, 16.19214321758053], [74.79792012538242, 16.19304723688167], [74.80072677795958, 16.19304988589246], [74.80166052251563, 16.19485879944935], [74.8035316416777, 16.194860536845432], [74.80353522020495, 16.191244458557083], [74.80447076283099, 16.191245320876813], [74.80447165306153, 16.190341301062016], [74.80634272996397, 16.190343013252765], [74.80634361161978, 16.18943899326047], [74.80353700912806, 16.189436418952106], [74.80353790350449, 16.188532399034433], [74.80260237371256, 16.188531532751554], [74.80260417081206, 16.186723492787753], [74.80073403541363, 16.185817728086967], [74.80073766275925, 16.182201647341472], [74.80167316263248, 16.182202521494872], [74.80167406506833, 16.181298501065147], [74.80541604810463, 16.18130195633958], [74.80635330614189, 16.179494768278072], [74.8091597686394, 16.1794973039053], [74.80915890036734, 16.180401324891267], [74.8110290243397, 16.18130701585084], [74.81103074391379, 16.179498973759124], [74.81196623163298, 16.179499802516734], [74.81196794247727, 16.177691760020494], [74.81290342173924, 16.17769258456818], [74.81290171940648, 16.17950062716147], [74.81383720723402, 16.179501447693344], [74.81383636024273, 16.18040546892315], [74.81570650603896, 16.18131111899303], [74.81570482881493, 16.183119161260603], [74.8175750087191, 16.18402479502727], [74.81757417848904, 16.18492881606404], [74.81663866490702, 16.184928011699753], [74.81663699577297, 16.186736053448357], [74.8185080400214, 16.186737658251396], [74.81850886609878, 16.18583363732108], [74.82038071955017, 16.18493120447092], [74.82224932004866, 16.187644839519137], [74.82412037343634, 16.187646395035884], [74.82411957280573, 16.18855041609004], [74.82598984275018, 16.189455976304977], [74.82598905053622, 16.190359997296106], [74.82505351093887, 16.190359229689964], [74.82505112121638, 16.1930712920672], [74.82692143786468, 16.193976844162716], [74.82691907310033, 16.196688905888532], [74.82504713733474, 16.197591394493294], [74.82410755724915, 16.202110722687046], [74.82597874718033, 16.202112263192078], [74.82597795426257, 16.203016283107885], [74.82784915292073, 16.20301780722674], [74.82784836847908, 16.20392182715528], [74.82878397214611, 16.203922583080363], [74.82878163131397, 16.206634642538212], [74.82690960954227, 16.20753714587785], [74.8269064534225, 16.211153223415224], [74.82503438042123, 16.212055709349592], [74.82503278489702, 16.213863747323185], [74.82783973633782, 16.21386604129697], [74.82783581064717, 16.218386135559133], [74.82877148256227, 16.21838689219503], [74.82877070154267, 16.219290910861197], [74.82689934922665, 16.219289393376997], [74.82502560253494, 16.221999914398204], [74.82128284769215, 16.22199679640994], [74.82128203232354, 16.222900814406245], [74.82221772522631, 16.22290160013582], [74.8222161028727, 16.224709635989907], [74.82128040143137, 16.22470885016807], [74.8212795859078, 16.225612867933595], [74.81940817464101, 16.225611283821998], [74.81846915523055, 16.229226555311705], [74.81753343264636, 16.229225752754463], [74.81753426545966, 16.228321735483636], [74.81472711083694, 16.228319303197505], [74.81472457379954, 16.231031354350876], [74.81378884288563, 16.23103053519274], [74.81378969288963, 16.230126518266637], [74.81098251328586, 16.230124036177862], [74.81098337604911, 16.229220019320458], [74.80630476582773, 16.22921580022494], [74.80630299753501, 16.2310238333676], [74.8081744585421, 16.23102553358388], [74.80817270711219, 16.232833566618215], [74.80630034467596, 16.233735882504348], [74.80629769131292, 16.236447930948316], [74.80349042332267, 16.236445348765116], [74.80442439298098, 16.23825424533053], [74.8062959221242, 16.238255962859363], [74.80629680674656, 16.237351946942336], [74.80723256712886, 16.23735279946385], [74.80723168677997, 16.238256815430884], [74.8091032162584, 16.238258508188125], [74.80910583149878, 16.23554645975818], [74.811913087671, 16.235548967488164], [74.81284713058359, 16.237357827897355], [74.81752593495303, 16.2373619047286], [74.81752676824108, 16.236457888150476], [74.81939828181365, 16.236459489890432], [74.8193991065031, 16.23555547314136], [74.8203348590949, 16.235556267772534], [74.82033567945946, 16.234652250899874], [74.81939993114031, 16.23465145631532], [74.81940158025812, 16.232843422432325], [74.82127305985935, 16.232845007287796], [74.82127224387078, 16.233749024360776], [74.82220798802116, 16.233749810643896], [74.82220961140263, 16.23194177632872], [74.82408108276937, 16.23194333632968], [74.82408027964802, 16.232847353617284], [74.82501601967965, 16.23284812747278], [74.82501761732803, 16.23104009272981], [74.82688908045591, 16.23104162787914], [74.82782324007701, 16.23285042427627], [74.82875898030939, 16.232851181623086], [74.82875976207143, 16.23194716411089], [74.83063123414068, 16.231948666334873], [74.8306289143388, 16.234660718905022], [74.83156466326339, 16.234661463957753], [74.83250194173118, 16.23285416973866], [74.8343734227337, 16.232855639033396], [74.83437417886458, 16.231951621259668], [74.83343844261111, 16.231950888718867], [74.83343996327214, 16.230142853026504], [74.83250423560973, 16.23014211644522], [74.83250500013908, 16.229238098526842], [74.8306335535019, 16.229236613072104], [74.83063587242246, 16.226524559116825], [74.83157158290518, 16.226525303776175], [74.8325111146308, 16.222005952410093], [74.83531818247297, 16.22200814861414], [74.83531968500087, 16.220200111057867], [74.83438400420917, 16.220199383199592], [74.83532494234927, 16.21387197718857], [74.83626059331769, 16.213872700625615], [74.83719475953824, 16.21568145874286], [74.839066078777, 16.215682885174008], [74.83906901404859, 16.21206680692681], [74.83813337147113, 16.212066095939583], [74.83532944679185, 16.20844785944513], [74.83345819618415, 16.208446400719], [74.83345895528716, 16.207542380911786], [74.83252333431993, 16.207541645410974], [74.83252638730626, 16.203925565586445], [74.83159078344298, 16.20392482613906], [74.83159231817194, 16.20211678585266], [74.83346426766079, 16.201214240109547], [74.83346730224427, 16.197598157960858], [74.83253172816939, 16.197597422935385], [74.83253249095628, 16.196693402249384], [74.83440438484799, 16.195790847247437], [74.83440589313732, 16.193982805319063], [74.83159922204386, 16.19398060076115], [74.83159998889748, 16.193076579811397], [74.83347185267615, 16.192174032433567], [74.83347412724262, 16.189461968633225], [74.83253859150987, 16.189461233996628], [74.83254011616451, 16.18765319116559], [74.83347564337978, 16.18765392571578], [74.83347640137619, 16.186749904141895], [74.83160535551073, 16.18674843101311], [74.8316061219752, 16.18584440944912], [74.83067060337338, 16.18584366675617], [74.83067291524753, 16.183131601734697], [74.83254392695463, 16.183133082744597], [74.83347791722471, 16.184941860763843], [74.83628446083533, 16.184944039339477], [74.83628371570853, 16.18584806119505], [74.8353481968662, 16.185847339075035], [74.83534594842703, 16.18855940405373], [74.8362814800444, 16.188560126301184], [74.8372155295479, 16.19036888753803], [74.84189323116141, 16.19037241688405], [74.84189251130746, 16.191276438528796], [74.8437643121284, 16.19037379981182], [74.84376288941313, 16.19218184318721], [74.8446984384836, 16.192182528557996], [74.84469773131825, 16.193086550170815], [74.84563328469356, 16.19308723146537], [74.84563469045973, 16.191279188082813], [74.84657023535995, 16.191279865181194], [74.8456382040948, 16.186759078282847], [74.84657372770053, 16.186759755182138], [74.84657442603569, 16.18585573295204], [74.84844546486363, 16.185857074327178], [74.84844615463884, 16.184953051941402], [74.85031718512624, 16.184954376780208], [74.85031650386668, 16.185858399243916], [74.85218754304269, 16.185859707702246], [74.85124796052048, 16.19128318893228], [74.85218350568259, 16.19128384133434], [74.8531177132788, 16.193092533626437], [74.85592437470584, 16.193094454013917], [74.85592371861867, 16.193998476014716], [74.85685927677154, 16.193999107947942], [74.85685732104272, 16.19671117360107], [74.85779289201936, 16.196711801528263], [74.8577909487032, 16.199423866600952], [74.85872653250576, 16.19942449052065], [74.85872460160708, 16.202136555012082], [74.8568534084685, 16.20213530283367], [74.85685275622804, 16.203039324103578], [74.85872395789255, 16.203040576355587], [74.85872267034102, 16.204848618812118], [74.85685145162304, 16.204847366412924], [74.8568507992585, 16.205751387452352], [74.85778641286073, 16.20575201574871], [74.85778511653591, 16.207560057670893], [74.85684949440532, 16.20755942930069], [74.85684623154847, 16.21207953257669], [74.8615244492379, 16.212082634134408], [74.86152381787213, 16.21298665474122], [74.86245946579709, 16.21298726272358], [74.86246009289691, 16.212083242081054], [74.86433138033392, 16.21208444560945], [74.86339698214502, 16.210275804319508], [74.86620388788386, 16.21027759085483], [74.86620510768529, 16.208469548750944], [74.8690119881821, 16.208471297990346], [74.87088147625325, 16.21118450709737], [74.87462403558898, 16.211186749156905], [74.87462289234023, 16.21299479140324], [74.87555854079707, 16.212995341679264], [74.87555797338456, 16.21389936271946], [74.8736866679747, 16.213898257980638], [74.87368551597528, 16.215706299700656], [74.87649249974395, 16.215707950819628], [74.87649193649061, 16.216611971661298], [74.8774276020856, 16.216612513820905], [74.87836437711945, 16.21480500997057], [74.8802356914179, 16.214806073550562], [74.88023623753388, 16.213902052429244], [74.88210754343777, 16.213903099458243], [74.88210700585479, 16.214807120641055], [74.88304266312448, 16.214807638002736], [74.88304159639013, 16.21661568019851], [74.88678425993946, 16.216617708659722], [74.88772094997452, 16.214810162975496], [74.89052792247611, 16.214811628490605], [74.89052742326002, 16.2157156498613], [74.89239874695328, 16.215716606315635], [74.8923992376358, 16.214812584888765], [74.89333489526243, 16.21481305690428], [74.8933344088467, 16.215717078358864], [74.89520573272571, 16.21571801007745], [74.89520525481325, 16.216622031509882], [74.89614092106537, 16.216622491212238], [74.89613855238804, 16.221142597356273], [74.8970742400095, 16.221143053069532], [74.89707330086607, 16.222951095042458], [74.90175178210232, 16.222953312007803], [74.90268836635354, 16.221145700743346], [74.90455974202946, 16.22114655030862], [74.90549629210447, 16.21933892616485], [74.90736765087198, 16.219339750888757], [74.9083041667759, 16.217532113872966], [74.91017550863229, 16.217532913761318], [74.91017714713863, 16.2139168262663], [74.9111128010382, 16.21391721993331], [74.91111239571707, 16.21482124194548], [74.91298331531281, 16.21572603893938], [74.91298212472223, 16.218438104420674], [74.91017427947996, 16.220244978575433], [74.91017386971059, 16.221149000026386], [74.91110955774988, 16.221149393878374], [74.91110834109287, 16.22386145783926], [74.91204404196472, 16.223861847635803], [74.91204364063049, 16.224765868825187], [74.91578646144744, 16.22476738685231], [74.91578569286193, 16.22657542917859], [74.91765674470851, 16.227480184618877], [74.91765561719973, 16.230192247430043], [74.92233427211397, 16.230194011520595], [74.92233462661842, 16.22928999055694], [74.92327035339858, 16.22929033097553], [74.92327105379869, 16.227482288777512], [74.92420677205959, 16.22748262503035], [74.92420642614121, 16.22838664618756], [74.9251421486946, 16.2283869783341], [74.92514180702517, 16.22929099943388], [74.92607753387107, 16.229291327473643], [74.92607719645113, 16.230195348515753], [74.92701292758953, 16.230195672448254], [74.92701259441961, 16.231099693432455], [74.93075458789396, 16.233813010682756], [74.93075332311625, 16.237429093221472], [74.93356061943508, 16.237429991162983], [74.9335603160113, 16.238334011657972], [74.93449608576326, 16.23833430273196], [74.934495487406, 16.24014234352521], [74.93730282241825, 16.240143192074523], [74.93730253603434, 16.241047212405476], [74.93636675340406, 16.241046933668542], [74.93636646272736, 16.241950953906187], [74.93543067584083, 16.241950671023236], [74.93543038087083, 16.242854691167313], [74.93449458972805, 16.24285440413786], [74.93168596793821, 16.246469597801475], [74.92887854349527, 16.24646867454795], [74.9288778934802, 16.248276713743493], [74.92981371016045, 16.24827702566211], [74.92981338939887, 16.249181045162675], [74.93262085239077, 16.24918195618377], [74.93262023647003, 16.250989995060692], [74.93168440689846, 16.250989695483486], [74.93168471914592, 16.250085676101087], [74.92981306861701, 16.250085064586237], [74.92981274781485, 16.250989083932787], [74.93074857734663, 16.25098939177418], [74.93074762765202, 16.253701449405913], [74.93542683977438, 16.25370292689129], [74.93542713496846, 16.252798907671135], [74.93729881139369, 16.252799469702627], [74.93729909801331, 16.251895450372515], [74.9401065999528, 16.25189626237782], [74.94104351182922, 16.24828044643921], [74.94385096264827, 16.248281208677746], [74.94385147581832, 16.246473168955198], [74.94291566741485, 16.246472919036353], [74.94291592825152, 16.245568899074254], [74.94572334068235, 16.245569636394894], [74.9457235886753, 16.244665616312574], [74.94478778879137, 16.244665374683837], [74.94478829328087, 16.242857334316607], [74.94946748094766, 16.241954480651966], [74.94946725010148, 16.242858501019455], [74.9513388329339, 16.242858938791183], [74.95133861062348, 16.24376295910737], [74.95227440633613, 16.243763171810837], [74.95227113415174, 16.257323467501728], [74.95320699403858, 16.257323676258487], [74.953206566072, 16.25913171439915], [74.95133482919347, 16.25913129270241], [74.95133505174311, 16.258227273695308], [74.95039918760462, 16.258227056658242], [74.95039896077517, 16.25913107565263], [74.94852722398191, 16.259130629150228], [74.94852675315916, 16.260938666855566], [74.94665499930464, 16.26093820376181], [74.94665475530972, 16.261842222471778], [74.94571887412486, 16.261841984708827], [74.94571862583365, 16.26274600332782], [74.94759039678054, 16.262746474746322], [74.94759015703592, 16.263650493315875], [74.94946170540878, 16.264554966739187], [74.94946124297103, 16.266363003546264], [74.9485253403336, 16.266362778122318], [74.94852510481056, 16.26726679639705], [74.94758919790578, 16.267266566823444], [74.94665377917575, 16.2654582965411], [74.94571788086576, 16.265458058722444], [74.94571713575655, 16.268170113423466], [74.94384531349058, 16.268169625292483], [74.94384608429316, 16.265457570677214], [74.94103785001207, 16.267264843987455], [74.94103677071796, 16.270880915858267], [74.94290861858391, 16.270881428899543], [74.9429083572849, 16.271785446704573], [74.94478021378407, 16.271785943225225], [74.94477996103626, 16.27268996098223], [74.95320335459678, 16.272691990629504], [74.95320314039013, 16.273596008428235], [74.95226720343041, 16.273595799451275], [74.95226676640742, 16.27540383479296], [74.95133082089244, 16.2754036216529], [74.95133059807527, 16.276307639195604], [74.94945869851794, 16.276307200473887], [74.94945823570002, 16.278115235276605], [74.95133015239874, 16.27811567404968], [74.95132948377831, 16.280827725752392], [74.95320164056449, 16.279924130860326], [74.95320206915379, 16.278116096265308], [74.95507378024664, 16.27902051928328], [74.95507336877486, 16.280828553771542], [74.95694531135221, 16.280828942940563], [74.95694590282422, 16.27811689102417], [74.95881781973526, 16.27811726356741], [74.95881763116189, 16.2790212809718], [74.95975359392116, 16.27902146104491], [74.95975304098846, 16.281733512826953], [74.9588170653703, 16.281733332722226], [74.95881687674927, 16.282637349818106], [74.95975285665428, 16.28263752993337], [74.95975248795095, 16.284445563914794], [74.9606884764421, 16.284445739910073], [74.96068811626775, 16.286253773603512], [74.96162411334585, 16.28625394547784], [74.96255976736852, 16.28806214663518], [74.96349577304521, 16.28806231024556], [74.96443259343832, 16.283542385479375], [74.96724054624191, 16.283542838899557], [74.96724024611555, 16.285350872877874], [74.96817623897778, 16.28535101575301], [74.9681760931883, 16.286255032634813], [74.9728562034216, 16.285351668009092], [74.97285607907175, 16.28625568492905], [74.97472807348201, 16.2862559168559], [74.97472795770068, 16.287159933712275], [74.98034396682749, 16.287160530130517], [74.98034405687964, 16.286256513239255], [74.9794080596309, 16.28625642419591], [74.97940824829371, 16.28444839019235], [74.98221621432998, 16.28444864486795], [74.98221613286452, 16.285352661923202], [74.98315212584158, 16.28535273853742], [74.98315189427892, 16.288064789253728], [74.98689603776492, 16.286257020579296], [74.98876787795689, 16.288969178809896], [74.98970388811574, 16.288969226446095], [74.9897040768024, 16.285353158880298], [74.99064006981088, 16.285353202364046], [74.99157598563694, 16.287161275653382], [74.99625597645083, 16.288065427127275], [74.99625594213981, 16.289873460626982], [74.9953199276768, 16.28987344198564], [74.9953199062304, 16.290777458618663], [74.99719193086742, 16.291681508318554], [74.99719186651195, 16.296201589949817], [74.99906395550364, 16.29620160652668], [74.99906395121246, 16.29710562262234], [75.00000000000001, 16.297105624694566], [75.00000000000001, 16.27992930567854], [74.99625609650519, 16.281737307448005], [74.99532020635684, 16.278121218735706], [74.99251226161068, 16.279929173203154], [74.99251239875068, 16.276313102524316], [74.9915764486014, 16.276313067343782], [74.99157648716594, 16.27540904948335], [74.9887686495887, 16.27540891911606], [74.98876875241771, 16.273600883179146], [74.98502507185064, 16.27269663337167], [74.98502514039247, 16.271792615224037], [74.98689705777582, 16.2708887211223], [74.98689711774234, 16.26998470281323], [74.98502534599197, 16.269080560318617], [74.98502562006398, 16.26546448603231], [74.98876926636773, 16.264560698869353], [74.98876952322091, 16.26004060382449], [74.9868977771239, 16.26004049632681], [74.98689789696218, 16.258232457782157], [74.98783376144905, 16.258232513591715], [74.98783381708299, 16.257328494200568], [74.98502623647262, 16.257328314380292], [74.98502596255653, 16.260944391440535], [74.98409008524162, 16.260944323216858], [74.98409001247117, 16.261848342285315], [74.9794105103885, 16.262751958089606], [74.97941013361098, 16.26636803319024], [74.97847423064, 16.266367940125253], [74.97847432912529, 16.26546392147114], [74.97660253176622, 16.26546372294414], [74.97660263880866, 16.264559704224588], [74.97566674442083, 16.264559598763302], [74.9756666330967, 16.26546361747668], [74.97379483577905, 16.26546339413381], [74.97379471588391, 16.266367412757038], [74.97098700711906, 16.26636704670147], [74.97005137825118, 16.264558879145124], [74.97192316694263, 16.264559135560788], [74.97192342382013, 16.262751097957118], [74.9709875380328, 16.26275097183193], [74.97098767074024, 16.261846952921903], [74.96911590775278, 16.261846688281278], [74.96911604901305, 16.260942669309703], [74.96724444443458, 16.260038369113367], [74.96724459423714, 16.259134350004178], [74.96818046286738, 16.25913449263694], [74.96724534310783, 16.254614253302744], [74.96818119034177, 16.254614395893725], [74.96818133580905, 16.253710376314014], [74.97005302174739, 16.25371064908078], [74.9700535693023, 16.25009456992787], [74.9719252210531, 16.250094826103265], [74.97192534936599, 16.249190806107507], [74.97379699259508, 16.24919104574141], [74.9737971123462, 16.248287025654616], [74.97098966034507, 16.248286660027773], [74.97099019058754, 16.24467057899645], [74.96818278997567, 16.244670176281684], [74.96818308069857, 16.24286213535137], [74.9700548007942, 16.24195838732973], [74.97005493758334, 16.241054366656172], [74.96911915447954, 16.241054232449393], [74.96911943658036, 16.23924619088714], [74.96818366203401, 16.239246052567154], [74.96818380734486, 16.238342031678705], [74.96444072634951, 16.238341437144122], [74.96444105113116, 16.23653339520612], [74.96724863532567, 16.23472580494828], [74.96724893439092, 16.23291776234174], [74.96444170057107, 16.232917310406837], [74.96444186290536, 16.232013289014684], [74.96537760323011, 16.232013443777834], [74.96444267442256, 16.227493180900158], [74.96257123651559, 16.227492859087263], [74.96069926052195, 16.23020458575439], [74.95882779707848, 16.230204230872598], [74.9588276091363, 16.23110825235903], [74.95602040124682, 16.231107689054323], [74.9560202004777, 16.232011710430765], [74.95508446026793, 16.232011514397485], [74.95508466530872, 16.231107493032543], [74.95321319347175, 16.231107088608674], [74.95321340704238, 16.230203067190534], [74.95227767541546, 16.230202858800673], [74.95227811105816, 16.228394815758115], [74.95040689127183, 16.227490365037717], [74.95040711759933, 16.22658634334935], [74.95134283211546, 16.226586559941406], [74.95134327618764, 16.224778516308536], [74.952278982178, 16.224778728750096], [74.95227941765516, 16.22297068478471], [74.95134372020355, 16.222970472368086], [74.95134394219042, 16.222066450282526], [74.94947255586762, 16.222066013101177], [74.94947278637781, 16.221161990964404], [74.94760140865083, 16.221161537312305], [74.9476016476833, 16.220257515125283], [74.94573027855375, 16.220257045004374], [74.94573052610738, 16.21935302276807], [74.94105239378095, 16.218447753131535], [74.94105293148463, 16.21663970842108], [74.94011726409673, 16.216639446617023], [74.93918215142946, 16.21483113573416], [74.9363751750259, 16.21483031331259], [74.93637546515077, 16.21392629076765], [74.93543981065255, 16.213926008398897], [74.93544157660924, 16.208501871615017], [74.93450594772318, 16.208501585225065], [74.93450654475518, 16.206693539049425], [74.93357092441707, 16.206693248572897], [74.93357122716877, 16.205789225386905], [74.9354427535406, 16.20488577888915], [74.93544334189436, 16.203077732065324], [74.93450773859207, 16.203077445776326], [74.934508335397, 16.201269398678928], [74.93076595648289, 16.201268212469785], [74.93076627190686, 16.2003641888756], [74.93170186234357, 16.200364491588253], [74.93170310679226, 16.196748396372456], [74.92983227961831, 16.195843763011855], [74.92983355775594, 16.192227666403813], [74.93170466190914, 16.1922282756252], [74.93170528381779, 16.190420226788955], [74.92983419670315, 16.190419617639215], [74.92983483556927, 16.188611568567598], [74.9326414407164, 16.188612476011663], [74.93264236053778, 16.185900401668547], [74.93170683824418, 16.18590010335522], [74.93170714907029, 16.184996078438264], [74.93077163105428, 16.184995776028067], [74.93077131597032, 16.18589980092724], [74.92702955919302, 16.18499452524315], [74.92702856278329, 16.18770659948971], [74.92422128085288, 16.189513667025054], [74.9242209358543, 16.190417691409206], [74.92609202271923, 16.190418349949333], [74.92702690167884, 16.1922267216991], [74.92328434454814, 16.19312942859807], [74.92515443438582, 16.195842167547045], [74.92421886540309, 16.19584183610213], [74.92421852025127, 16.196745859948923], [74.92234737382957, 16.196745184667446], [74.92141108471374, 16.19855288819378], [74.91953992138136, 16.198552188124655], [74.9195380885131, 16.20307230493353], [74.91860248556928, 16.203071948617207], [74.91860285645244, 16.202167925429972], [74.91673203854678, 16.20126317726075], [74.91673355584666, 16.19764708360704], [74.91860471051545, 16.197647808341806], [74.91860508125751, 16.1967437846938], [74.91954065436593, 16.196744140863547], [74.91954175366847, 16.194032069396037], [74.9157991290539, 16.194934644081425], [74.91767138283305, 16.192223305120727], [74.91673583107482, 16.192222940822987], [74.91673621019532, 16.191318916756952], [74.91486511527081, 16.191318175856], [74.91393035157033, 16.189509751000468], [74.9129948126884, 16.189509370304528], [74.91299402044469, 16.191317418490655], [74.90644518935915, 16.19131463805478], [74.90644561531, 16.190410614163607], [74.90551007237751, 16.190410200518414], [74.90551093271633, 16.188602152554445], [74.90364030261563, 16.18769728896753], [74.90364074123363, 16.186793264843054], [74.90457626707602, 16.18679368662071], [74.90457670140805, 16.18588966239468], [74.90364117982378, 16.185889240641835], [74.9036420569206, 16.184081192009174], [74.9045775699894, 16.1840816137124], [74.90457800423873, 16.183177589256164], [74.90364249542726, 16.183177167577746], [74.90364293390608, 16.182273143069587], [74.89802990717351, 16.18227052676079], [74.89803176296361, 16.178654428576692], [74.89616078833649, 16.178653523777367], [74.8961612607218, 16.17774949909281], [74.89522577770879, 16.17774904055108], [74.89709814797529, 16.175037878927935], [74.89896908861921, 16.17503877529081], [74.8989695481207, 16.174134750219935], [74.89990501423196, 16.174135192207753], [74.89990683493038, 16.17051909105334], [74.89897138583493, 16.170518649169594], [74.89897230451699, 16.168710598184344], [74.89803686395696, 16.16871015224259], [74.89803732750697, 16.167806126661223], [74.89429558257494, 16.16780430190123], [74.89335820697825, 16.17141993676251], [74.89055284295605, 16.169610462033017], [74.89055134995616, 16.17232253743073], [74.88774497815534, 16.172321075960166], [74.8877439571388, 16.17412912566982], [74.8886794228821, 16.17412961699552], [74.88867891657982, 16.175033641764227], [74.8858725066836, 16.175032155365173], [74.88587198758451, 16.17593617996969], [74.88400051166595, 16.176839192887094], [74.88399945628076, 16.17864724159353], [74.88680591704347, 16.178648753018724], [74.88680334184176, 16.183168873886995], [74.88586783360529, 16.183168374044254], [74.88493127806244, 16.184975917779703], [74.88025369497436, 16.18497333598415], [74.87744937630973, 16.181355642826727], [74.87557837758368, 16.181354556877093], [74.87651500061689, 16.179547054158164], [74.88025750906742, 16.17864516878222], [74.88025859849704, 16.176837120319757], [74.8793231202906, 16.176836591897395], [74.87932366920867, 16.175932567582198], [74.87745272141089, 16.17593149846379], [74.87745216398251, 16.17683552271607], [74.87558120781601, 16.176834437085915], [74.87558064184141, 16.177738461197585], [74.87464515955651, 16.177737912181886], [74.87464572978651, 16.176833888102536], [74.87090381803327, 16.176831651046978], [74.87090323078161, 16.177735674994672], [74.86716130260325, 16.177733372008387], [74.86716069829158, 16.178637395743827], [74.86528972592016, 16.178636219506824], [74.86529033874316, 16.1777321958406], [74.8662258206539, 16.17773278598071], [74.86622825453689, 16.174116690409765]], [[74.86528850015742, 16.18044426660911], [74.86248201635627, 16.180442471197214], [74.86248326765548, 16.178634424306225], [74.86528972592016, 16.178636219506824], [74.86528850015742, 16.18044426660911]], [[74.92795424683739, 16.21482762343801], [74.93076122272257, 16.2148285571645], [74.93076090697849, 16.215732579529448], [74.93169656991407, 16.2157328825446], [74.93169719284889, 16.213924837702265], [74.93450415617296, 16.21392572190798], [74.93450355883814, 16.215733766854186], [74.93543922185106, 16.21573405337875], [74.93543892742233, 16.216638075753398], [74.93450326014234, 16.216637789211998], [74.93356698689793, 16.218445542998616], [74.92888860821125, 16.21844402765591], [74.92888893255059, 16.217540005557876], [74.92795326114145, 16.217539690137745], [74.92795424683739, 16.21482762343801]], [[74.89896403217703, 16.184983046007687], [74.89989954936156, 16.184983488307726], [74.89990000492644, 16.184079464054683], [74.90177147788809, 16.183176311879166], [74.90177013673903, 16.18588838479221], [74.89802758677321, 16.186790647764553], [74.89896403217703, 16.184983046007687]]], [[[74.69959859805148, 16.251691827231262], [74.70147023945869, 16.2516944718746], [74.70147296844283, 16.249886456542423], [74.69960134414444, 16.249883812209095], [74.69959859805148, 16.251691827231262]]], [[[74.92606807803328, 16.254603887564038], [74.92700392459436, 16.254604212009838], [74.92700359085458, 16.255508230915726], [74.92793944171548, 16.25550855124724], [74.92794010061678, 16.253700513320894], [74.92606841603038, 16.253699868600137], [74.92606807803328, 16.254603887564038]]]]}}]}